trade,metro,state,contractor_density_note,density_source,median_job_value_usd,job_value_source,permit_volume_trend,permit_source
hvac,Atlanta,GA,"In the Atlanta-Sandy Springs-Roswell, GA metropolitan statistical area, there were 6,610 employed Heating, Air Conditioning, and Refrigeration Mechanics and Installers (SOC 49-9021), representing a location quotient of 0.90 and an annual mean wage of $57,650.","U.S. Bureau of Labor Statistics, Occupational Employment and Wage Statistics (OEWS), 2024, https://www.bls.gov/oes/current/oes499021.htm",7508,"Angi, How Much Does HVAC Replacement Cost in Atlanta, GA?, 2026, https://www.angi.com","Residential building permit activity across the 11-county Atlanta region decreased 21% in 2023 to 28,595 permits (a drop of nearly 7,500 permits compared to 2022). Construction activity stabilized and rebounded through 2024-2026, with the region recording steady month-over-month gains up to 2,289 total units permitted in March 2026.","Atlanta Regional Commission (ARC) / U.S. Census Bureau Building Permits Survey, 2026, https://atlantaregional.com"
hvac,Austin,TX,"In May 2023, the Austin-Round Rock, TX MSA employed approximately 2,860 Heating, Air Conditioning, and Refrigeration Mechanics and Installers (SOC 49-9021), with an occupational location quotient of 0.89 relative to the national average and a mean hourly wage of $26.92.","U.S. Bureau of Labor Statistics, Occupational Employment and Wage Statistics (OEWS) May 2023, https://www.bls.gov/oes/current/oes_12420.htm",7358,"Angi, 2026 Austin HVAC Replacement Cost Guide, https://www.angi.com","Residential building permit volume in the Austin-Round Rock-Georgetown MSA declined from a peak of 50,772 permitted housing units in 2021 down to 38,773 units in 2023, representing a decrease of approximately 23.6% as regional homebuilding moderated from post-pandemic highs.","U.S. Census Bureau, Building Permits Survey (via Rice University Kinder Institute for Urban Research), 2024, https://www.census.gov/construction/bps"
hvac,Baltimore,MD,"In the Baltimore-Columbia-Towson, MD Metropolitan Statistical Area, there are 3,060 Heating, Air Conditioning, and Refrigeration Mechanics and Installers employed, representing a density of 2.344 jobs per 1,000 total jobs in the metro (location quotient of 0.90).","U.S. Bureau of Labor Statistics (BLS) Occupational Employment and Wage Statistics (OEWS), 2023, https://www.bls.gov/oes/current/oes_12580.htm",7838,"Angi, 2026, https://www.angi.com/articles/hvac-replacement-cost-baltimore-md.htm","Total new residential units permitted in the Baltimore region fell 10.4% year-over-year to 5,775 units in 2025, while the value of residential alterations, additions, and repairs (AAR) grew 5.1% to $796.6 million.","Baltimore Metropolitan Council (BMC) Annual Building Activity Report, 2025, https://www.baltometro.org/development/building-permit-data"
hvac,Birmingham,AL,"According to the U.S. Bureau of Labor Statistics May 2023 Occupational Employment and Wage Statistics, there are 1,760 Heating, Air Conditioning, and Refrigeration Mechanics and Installers (SOC 49-9021) employed in the Birmingham-Hoover, AL MSA, representing 3.45 workers per 1,000 jobs and a location quotient of 1.32.","U.S. Bureau of Labor Statistics, May 2023 Metropolitan and Nonmetropolitan Area Occupational Employment and Wage Estimates (Birmingham-Hoover, AL), 2024, https://www.bls.gov/oes/current/oes_13820.htm",,,"According to the U.S. Census Bureau Building Permits Survey, residential construction activity in the Birmingham-Hoover, AL MSA reached 4,384 total units over the trailing 12-month period (3.71 permits per 1,000 residents), reflecting a 59.7% year-over-year increase in permit volume, led by single-family developments in Jefferson and Shelby counties.","U.S. Census Bureau, Building Permits Survey, 2024, https://www.census.gov/construction/bps"
hvac,Boston,MA,"The Boston-Cambridge-Newton, MA-NH metropolitan area employs approximately 6,050 Heating, Air Conditioning, and Refrigeration Mechanics and Installers (SOC 49-9021).","U.S. Bureau of Labor Statistics, May 2025 Occupational Employment and Wage Statistics, https://www.bls.gov/oes/current/oes499021.htm",8123,"Angi, 2026 HVAC Replacement Cost Guide for Boston, MA, https://www.angi.com","Residential building permits in Greater Boston have dropped significantly from 15,019 units authorized in 2021 to under 9,000 units in 2024, with Boston proper recording 2,219 permitted units in 2024, its lowest annual permit volume since 2012.","Boston Indicators / U.S. Census Bureau Building Permit Survey, 2025 Greater Boston Housing Report Card Preview, https://www.bostonindicators.org"
hvac,Buffalo,NY,"According to the Bureau of Labor Statistics OEWS (May 2023), the Buffalo-Cheektowaga-Niagara Falls, NY MSA had 1,050 employed Heating, Air Conditioning, and Refrigeration Mechanics and Installers (SOC 49-9021), representing a location quotient of 0.76 and a mean hourly wage of $28.18.","U.S. Bureau of Labor Statistics, OEWS, 2023, https://www.bls.gov/oes/current/oes_15380.htm",,,"According to HUD's Comprehensive Housing Market Analysis, residential building permit activity in the Buffalo-Cheektowaga-Niagara Falls MSA reached 2,659 units for the 12 months ending July 2024, up from 2,558 units in the 12 months ending July 2023 and 2,101 units in full-year 2023.","U.S. Department of Housing and Urban Development (HUD), Comprehensive Housing Market Analysis: Buffalo-Cheektowaga-Niagara Falls, NY, 2024, https://www.huduser.gov/portal/ushmc/chma_archive.html"
hvac,Charlotte,NC,"In the Charlotte-Concord-Gastonia, NC-SC Metropolitan Statistical Area, there are 3,900 employed Heating, Air Conditioning, and Refrigeration Mechanics and Installers (SOC 49-9021) with a location quotient of 1.14, reflecting a trade density 14% higher than the national average.","U.S. Bureau of Labor Statistics (BLS) Occupational Employment and Wage Statistics, 2023, https://www.bls.gov/oes/current/oes_16740.htm",7298,"Angi, 2026, https://www.angi.com/articles/hvac-replacement-cost-charlotte-nc.htm","Residential building permit volume for private housing structures in the Charlotte-Concord-Gastonia MSA experienced a moderate pullback in single-family permitting activity (declining roughly 6.9% statewide in NC) under elevated interest rates, following peak permit issuance levels achieved during 2021-2022.","U.S. Census Bureau, Building Permits Survey via St. Louis Fed FRED, 2026, https://fred.stlouisfed.org/series/CHAR737BPPRIV"
hvac,Chicago,IL,"According to the U.S. Bureau of Labor Statistics Occupational Employment and Wage Statistics (OEWS), the Chicago-Naperville-Elgin, IL-IN-WI metropolitan statistical area employed 7,840 Heating, Air Conditioning, and Refrigeration Mechanics and Installers (SOC 49-9021) as of May 2023, representing an employment density of 1.74 HVAC technicians per 1,000 jobs in the metro area.","U.S. Bureau of Labor Statistics, May 2023 OEWS Metropolitan and Nonmetropolitan Area Occupational Employment and Wage Estimates, 2024, https://www.bls.gov/oes/current/oes_16980.htm",7770,"Angi, Furnace and AC Replacement Cost in Chicago, IL, 2026, https://www.angi.com/articles/hvac-replacement-cost-chicago-il.htm","New residential building permit volume in the Chicago-Naperville-Elgin MSA dropped from 17,360 authorized units in 2022 to 15,028 authorized units in 2023, representing a year-over-year decline of approximately 13.4%.","U.S. Census Bureau, Building Permits Survey (reported by Illinois Policy Institute), 2024"
hvac,Cincinnati,OH,"According to the U.S. Bureau of Labor Statistics May 2023 Occupational Employment and Wage Statistics (OEWS), the Cincinnati, OH-KY-IN metropolitan area employed approximately 3,400 Heating, Air Conditioning, and Refrigeration Mechanics and Installers (SOC 49-9021), representing a density of 3.145 workers per 1,000 total regional jobs and a location quotient of 1.20.","U.S. Bureau of Labor Statistics, 2023, https://www.bls.gov/oes/current/oes_17140.htm",,,"According to HUD's Housing Market Conditions analysis and Census Building Permits Survey data, residential construction permitting in the Cincinnati MSA saw a peak in 2021 with single-family permitting reaching 5,775 units (12-month period ending August 2021). Single-family construction subsequently moderated to 3,925 units for the 12 months ending August 2024 before increasing to 4,250 units for the 12 months ending August 2025, while multi-family permitting stabilized at around 2,525 to 2,650 units annually.","U.S. Department of Housing and Urban Development (HUD) PD&R, 2026"
hvac,Cleveland,OH,"According to the U.S. Bureau of Labor Statistics May 2023 OEWS data, the Cleveland-Elyria, OH MSA employs 2,800 Heating, Air Conditioning, and Refrigeration Mechanics and Installers (SOC 49-9021), yielding a location quotient of 1.07 relative to the national employment concentration.","U.S. Bureau of Labor Statistics, 2023, https://www.bls.gov/oes/current/oes_17460.htm",,,"Residential building permit activity in the Cleveland-Elyria MSA expanded significantly over recent years, reaching 4,175 total permits over a trailing 12-month period (a 28.6% year-over-year surge). Permitting growth was led by Cuyahoga County (1,601 permits, up 43.2% YoY) and Lorain County (1,183 permits, up 33.4% YoY).","U.S. Department of Housing and Urban Development, 2023, https://www.huduser.gov/portal/ushmc/chma_archive.html"
hvac,Columbus,OH,"In the Columbus, OH MSA, there were 2,660 employed Heating, Air Conditioning, and Refrigeration Mechanics and Installers (SOC 49-9021), representing a density of 2.49 workers per 1,000 total jobs and a location quotient of 0.95 relative to the national average.","U.S. Bureau of Labor Statistics (BLS), Occupational Employment and Wage Statistics (OEWS), 2023, https://www.bls.gov/oes/current/oes_18140.htm",,,"Residential building permitting in the Columbus, OH MSA experienced a strong expansion, pulling over 13,700 to 16,000 permits in recent 12-month periods (a YoY surge of over 60%), driven by intense single-family and multifamily construction.","U.S. Census Bureau, Building Permits Survey / Federal Reserve Bank of St. Louis (FRED), 2025, https://fred.stlouisfed.org/series/COLU139BPPRIVSA"
hvac,Dallas-Fort Worth,TX,"According to Census Bureau County Business Patterns (CBP) data, there were 1,815 Plumbing, Heating, and Air-Conditioning Contracting establishments (NAICS 238220) in the Dallas-Fort Worth-Arlington, TX MSA. Additionally, BLS OEWS reports 10,060 Heating, Air Conditioning, and Refrigeration Mechanics and Installers (SOC 49-9021) employed in the metro area with a location quotient of 0.97.",U.S. Bureau of Labor Statistics OEWS (2023) https://www.bls.gov/oes/current/oes_19100.htm and U.S. Census Bureau County Business Patterns (2019 via NCTCOG DBE Methodology Report),9340,"CribbFam AI Regional Cost Guide: Dallas County, TX (2026) https://cribbfam.ai/cost-guide/hvac-installation/tx/dallas-county","The Dallas-Fort Worth-Arlington MSA led all U.S. metropolitan areas in residential construction activity, pulling 63,775 building permits over trailing 12-month periods, a 13.2% year-over-year increase and roughly 8.17 permits per 1,000 residents.","U.S. Census Bureau Building Permits Survey (2024/2025) https://www.census.gov/construction/bps/ and FRED, Federal Reserve Bank of St. Louis (2026) https://fred.stlouisfed.org/series/DALL148BPPRIVSA"
hvac,Denver,CO,"The Denver-Aurora-Lakewood, CO metropolitan statistical area employed 3,870 Heating, Air Conditioning, and Refrigeration Mechanics and Installers (SOC 49-9021) with a location quotient of 0.93 relative to the national concentration.","U.S. Bureau of Labor Statistics, May 2023 Occupational Employment and Wage Statistics, 2023, https://www.bls.gov/oes/current/oes_19740.htm",12305,"TheFatBook Cost Index, 2026, https://thefatbook.com","Residential permitting and building activity in the Denver metro area experienced a slowdown, with for-sale home permitting in Denver County declining 34% to 1,175 units for the 12 months ending August 2023 compared to the prior 12-month period due to rising interest rates and geographical constraints.","U.S. Department of Housing and Urban Development / U.S. Census Bureau Building Permits Survey, Comprehensive Housing Market Analysis Denver-Aurora-Lakewood, CO, 2023, https://www.huduser.gov/portal/ushmc/chma_archive.html"
hvac,Detroit,MI,"The Detroit-Warren-Dearborn, MI metropolitan statistical area employs approximately 4,010 Heating, Air Conditioning, and Refrigeration Mechanics and Installers (SOC 49-9021), representing a labor density of approximately 0.91 HVAC technicians per 1,000 residents.","U.S. Bureau of Labor Statistics, 2023 Metropolitan Occupational Employment and Wage Statistics, https://www.bls.gov/oes/current/oes_19820.htm",,,"Residential construction permit volume in the Detroit-Warren-Dearborn MSA reached 8,825 total housing units authorized over the trailing 12 months ending May 2026, down slightly by 2.3% compared to the prior 12-month period.","U.S. Census Bureau Building Permits Survey / PUMSdata, 2026 Metro Building Permits Data"
hvac,Hartford,CT,"According to the U.S. Bureau of Labor Statistics May 2023 OEWS data, there were 1,780 Heating, Air Conditioning, and Refrigeration Mechanics and Installers (SOC 49-9021) employed in the Hartford-West Hartford-East Hartford, CT MSA, representing an employment density of 3.16 per 1,000 total jobs and a location quotient of 1.21.","U.S. Bureau of Labor Statistics, OEWS, 2023, https://www.bls.gov/oes/current/oes_25540.htm",,,"Residential building permit activity in the Hartford-West Hartford-East Hartford MSA has fluctuated between 1,000 and 1,500 units annually over recent years. Multifamily permitting experienced a strong upward surge in 2024, reaching 1,488 units (an 89.2% increase year-over-year), with trailing 12-month totals standing at 1,270 permitted units as of mid-2026.","U.S. Census Bureau, Building Permits Survey, 2024, https://www.census.gov/construction/bps"
hvac,Houston,TX,"According to the U.S. Bureau of Labor Statistics May 2023 Occupational Employment and Wage Statistics (OEWS), the Houston-The Woodlands-Sugar Land, TX MSA employed 7,230 Heating, Air Conditioning, and Refrigeration Mechanics and Installers (SOC 49-9021), representing a density of 2.27 HVAC workers per 1,000 jobs in the metro area.","U.S. Bureau of Labor Statistics, 2023, https://www.bls.gov/oes/current/oes_26420.htm",,,"U.S. Census Bureau Building Permits Survey data show that the Houston-The Woodlands-Sugar Land MSA led the nation in residential permitting volume in 2023 with 68,755 total units authorized (including 50,444 single-family homes). Although this represented a slight cooling from 75,786 units in 2022, it remained the fifth-highest permitting year since 1988, contributing to a total of 343,779 permitted housing units in the metro between 2019 and 2023.","U.S. Census Bureau, 2024, https://www.census.gov/construction/bps"
hvac,Indianapolis,IN,"As of May 2023, the Indianapolis-Carmel-Anderson, IN MSA employed 3,320 Heating, Air Conditioning, and Refrigeration Mechanics and Installers (SOC 49-9021) with a location quotient of 1.17 (17% higher technician density than the national average) and a mean annual wage of $62,020.","U.S. Bureau of Labor Statistics, May 2023 Occupational Employment and Wage Statistics (OEWS), https://www.bls.gov/oes/current/oes_26900.htm",4626,"Angi, 2025 Furnace Replacement Cost Guide for Indianapolis IN, https://www.angi.com/articles/furnace-replacement-cost-indianapolis.htm","Construction activity in the Indianapolis metro area has seen an upward trend, reaching 13,042 building permits pulled over the trailing 12-month period, a 26.7% year-over-year increase. Annual Census data recorded 11,463 total permits filed in the metro area valued at $3.98 billion, with single-family housing units accounting for 81.3% (9,322 permits).","U.S. Census Bureau, Building Permits Survey (retrieved via FRED and STATS Indiana), 2024, https://fred.stlouisfed.org/series/INDI918BPPRIV"
hvac,Jacksonville,FL,"According to occupational employment statistics for the Jacksonville, FL Metropolitan Statistical Area, there were 2,950 Heating, Air Conditioning, and Refrigeration Mechanics and Installers (SOC 49-9021) employed, representing a location quotient of 1.52 (52% higher worker density than the national average).","U.S. Bureau of Labor Statistics, 2023, https://www.bls.gov/oes/current/oes_27260.htm",,,"Single-family residential building permits across the Jacksonville metropolitan area (Clay, Duval, Nassau, and St. Johns counties) increased by 6.17% in 2024, with 12,551 permits issued compared to 11,821 in 2023.","Northeast Florida Builders Association, 2025"
hvac,Kansas City,MO,"According to occupational employment data for the Kansas City, MO-KS metropolitan statistical area, there were 3,390 employed Heating, Air Conditioning, and Refrigeration Mechanics and Installers (SOC 49-9021). This represents an employment density of approximately 3.15 HVAC technicians per 1,000 jobs in the metro area and a location quotient of 1.20 relative to the national average.","U.S. Bureau of Labor Statistics (BLS), 2023 Metropolitan and Nonmetropolitan Area Occupational Employment and Wage Estimates: Kansas City, MO-KS, https://www.bls.gov/oes/current/oes_28140.htm",6938,"Angi, 2026 HVAC Replacement Cost Guide for Kansas City, MO, https://www.angi.com","Residential construction permitting in the Kansas City metro area expanded rapidly, reaching 10,714 permits over the trailing 12 months (4.11 permits per 1,000 residents), representing a 38.3% year-over-year increase. Major activity centers include Jackson County, MO (3,664 permits) and Johnson County, KS (2,956 permits).","U.S. Census Bureau Building Permits Survey, 2026, https://www.census.gov/construction/bps"
hvac,Las Vegas,NV,"As of May 2023, the Las Vegas-Henderson-Paradise, NV metropolitan statistical area employed 3,360 Heating, Air Conditioning, and Refrigeration Mechanics and Installers (SOC 49-9021), representing a location quotient of 1.18 relative to the national average.","U.S. Bureau of Labor Statistics (BLS) Occupational Employment and Wage Statistics (OEWS), 2023, https://www.bls.gov/oes/current/oes_29820.htm",,,"Residential building permit activity in the Las Vegas-Henderson-Paradise MSA moderated from post-pandemic highs, with overall permitting issuing approximately 11,790 housing units in 2023 (including a ~12% year-over-year decline in single-family permits) as elevated interest rates transitioned the market from tight to balanced.","U.S. Department of Housing and Urban Development (HUD), Comprehensive Housing Market Analysis: Las Vegas-Henderson-Paradise, Nevada, 2024, https://www.huduser.gov/portal/ushmc/chma_archive.html"
hvac,Los Angeles,CA,"According to the U.S. Bureau of Labor Statistics, the Los Angeles-Long Beach-Anaheim, CA metropolitan statistical area employed 8,440 Heating, Air Conditioning, and Refrigeration Mechanics and Installers, representing a density of 1.36 jobs per 1,000 total jobs in the metro area.","U.S. Bureau of Labor Statistics, May 2023 Occupational Employment and Wage Statistics, 2024, https://www.bls.gov/oes/current/oes_31080.htm",12165,"TheFatBook Cost Index, 2026","According to the U.S. Census Bureau Building Permits Survey, housing units authorized by building permits in the Los Angeles-Long Beach-Anaheim metro dropped 20.3% from 13,154 units in 2023 down to 10,488 units in 2024.","U.S. Census Bureau, 2024 Annual Building Permits Survey, 2025, https://www.census.gov/construction/bps"
hvac,Louisville,KY,"In the Louisville/Jefferson County, KY-IN metropolitan statistical area, there were 2,260 Heating, Air Conditioning, and Refrigeration Mechanics and Installers employed as of May 2023, representing a location quotient of 1.30 and an occupational density of 3.392 workers per 1,000 jobs.","U.S. Bureau of Labor Statistics (BLS) Occupational Employment and Wage Statistics (OEWS), 2023, https://www.bls.gov/oes/current/oes_31140.htm",,,"Residential building permitting in the Louisville/Jefferson County metro area experienced a sharp contraction in 2022 due to rising mortgage rates (declining ~38% in Southern Indiana submarkets), followed by a multi-year recovery in 2023-2024 driven by demand for over 9,300 new sales units and 6,350 rental units, maintaining a rate of approximately 1.13 to 1.7 permitted units per 1,000 residents.","U.S. Department of Housing and Urban Development (HUD) Comprehensive Housing Market Analysis / U.S. Census Bureau Building Permits Survey, 2023, https://www.huduser.gov/portal/ushmc/chma_archive.html"
hvac,Memphis,TN,"As of May 2023, there were 1,620 Heating, Air Conditioning, and Refrigeration Mechanics and Installers employed in the Memphis, TN-MS-AR metropolitan area, representing a concentration of 2.588 workers per 1,000 total jobs (a location quotient of 0.99 relative to national average).","U.S. Bureau of Labor Statistics, May 2023 OEWS Metropolitan and Nonmetropolitan Area Occupational Employment and Wage Estimates - Memphis, TN-MS-AR, 2024, https://www.bls.gov/oes/current/oes_32820.htm",,,"Residential building activity in the Memphis MSA shows a soft to stabilizing trend, with approximately 1,200 single-family homes and 1,950 rental units under construction as of mid-2024. Over a 3-year forecast period, market demand is estimated at 10,800 new single-family units and 2,675 rental units across the metro.","U.S. Department of Housing and Urban Development (HUD User), Comprehensive Housing Market Analysis: Memphis, Tennessee-Mississippi-Arkansas as of June 1, 2024, 2024, https://www.huduser.gov/portal/ushmc/chma_archive.html"
hvac,Miami,FL,"In the Miami-Fort Lauderdale-West Palm Beach, FL metropolitan statistical area, there were 9,540 employed Heating, Air Conditioning, and Refrigeration Mechanics and Installers (SOC 49-9021), representing a location quotient of 1.34 and a density of 3.50 workers per 1,000 total jobs.","U.S. Bureau of Labor Statistics, May 2023 Occupational Employment and Wage Statistics (OEWS), https://www.bls.gov/oes/current/oes499021.htm",7000,"Modernize Home Services, 2026 Miami Air Conditioning Replacement Cost Guide, https://modernize.com/hvac/florida/miami","Residential building permit activity in Miami-Dade County declined in 2024 to 10,608 total new housing units authorized (2,231 single-family and 8,377 multi-family units), down from 12,781 housing units authorized in 2023.","U.S. Census Bureau, 2024 Building Permits Survey, https://www.census.gov/construction/bps"
hvac,Milwaukee,WI,"In the Milwaukee-Waukesha-West Allis, WI MSA, there were 1,810 Heating, Air Conditioning, and Refrigeration Mechanics and Installers (SOC 49-9021) employed as of May 2023, representing approximately 2.23 positions per 1,000 total jobs and a location quotient of 0.85 relative to the national average.","U.S. Bureau of Labor Statistics (BLS) Occupational Employment and Wage Statistics (OEWS), 2023, https://www.bls.gov/oes/current/oes_33340.htm",,,"Residential building permit activity in the Milwaukee metropolitan area stagnated and declined slightly in 2022 before remaining roughly flat in 2023 due to elevated mortgage interest rates and rising construction costs. Single-family housing permits in the Milwaukee-Waukesha area declined 11% from a high of 2,075 units in 2021 to 1,850 units in 2022, while multi-family permitting saw a relative increase across Wisconsin (+61.3% in 2021-2023 compared to pre-pandemic 2017-2019 averages).","Wisconsin Policy Forum, 2024"
hvac,Minneapolis-St. Paul,MN,"In the Minneapolis-St. Paul-Bloomington, MN-WI metropolitan statistical area, there were 2,800 employed Heating, Air Conditioning, and Refrigeration Mechanics and Installers (SOC 49-9021) as of May 2023, representing an employment concentration of 1.47 jobs per 1,000 total metro jobs.","U.S. Bureau of Labor Statistics (BLS) Occupational Employment and Wage Statistics (OEWS), 2023, https://www.bls.gov/oes/current/oes_33460.htm",7860,"Angi, 2026, https://www.angi.com/articles/hvac-replacement-cost-minneapolis-mn.htm","Residential building permit activity in the Minneapolis-St. Paul-Bloomington metro area experienced a downward trend between 2020 and 2025, with single-month July permits dropping 38% from 1,988 units in July 2020 to 1,241 units in July 2025, driven by a 61% contraction in multifamily permitting.",
hvac,Nashville,TN,"According to the U.S. Bureau of Labor Statistics, there were 3,480 Heating, Air Conditioning, and Refrigeration Mechanics and Installers (SOC 49-9021) employed in the Nashville-Davidson--Murfreesboro--Franklin, TN metropolitan statistical area.","U.S. Bureau of Labor Statistics, Occupational Employment and Wage Statistics (OEWS), 2023, https://www.bls.gov/oes/2023/may/oes_34980.htm",,,"According to the U.S. Census Bureau's Building Permits Survey, residential construction permit volume in Nashville-Davidson, TN contracted significantly year-over-year, authorizing 6,799 housing units in 2024 down from 11,158 units in 2023 (a decline of 4,359 units or approximately 39%).","U.S. Census Bureau, Building Permits Survey, 2024, https://www.census.gov/construction/bps"
hvac,New Orleans,LA,"As of May 2023, there were 1,490 Heating, Air Conditioning, and Refrigeration Mechanics and Installers employed in the New Orleans-Metairie, LA MSA, representing 2.887 HVAC technicians per 1,000 total jobs in the metropolitan area (location quotient of 1.10).","U.S. Bureau of Labor Statistics (BLS), May 2023 Occupational Employment and Wage Statistics (OEWS), https://www.bls.gov/oes/current/oes_35380.htm",,,"Residential building permitting in the New Orleans-Metairie metro area experienced a significant downward trend, with total monthly permits falling by 68.4% (and single-family permits declining by 75%) between 2020 and 2025, alongside a 47.3% year-over-year contraction in 2024 multifamily unit authorizations.",
hvac,New York,NY,"In the New York-Newark-Jersey City, NY-NJ-PA Metropolitan Statistical Area, the U.S. Bureau of Labor Statistics reports 22,780 Heating, Air Conditioning, and Refrigeration Mechanics and Installers employed in the metro area.","U.S. Bureau of Labor Statistics, Occupational Employment and Wage Statistics (OEWS), 2023, https://www.bls.gov/oes/current/oes499021.htm",,,"Residential building permit volume in the New York-Newark-Jersey City MSA remains high with 54,565 housing units authorized over trailing 12-month periods, driven predominantly by multi-family structures (83.6% of permitted units), indicating robust ongoing demand for HVAC mechanical installation and retrofit work.","U.S. Census Bureau, Building Permits Survey (retrieved via Federal Reserve Bank of St. Louis FRED), 2026, https://fred.stlouisfed.org/series/NEWY636BP1FHSA"
hvac,Oklahoma City,OK,"According to the U.S. Bureau of Labor Statistics, the Oklahoma City, OK MSA employed approximately 2,290 Heating, Air Conditioning, and Refrigeration Mechanics and Installers (SOC 49-9021) in May 2023, representing a location quotient of 1.33 (33% higher technician density than the national average).","U.S. Bureau of Labor Statistics (BLS), May 2023 Occupational Employment and Wage Statistics, https://www.bls.gov/oes/current/oes_36420.htm",,,"Residential building permit activity for new private housing units in the Oklahoma City MSA moderated from peak levels of 600-890 units per month in early 2022 to approximately 310-500 units per month in 2023, reflecting higher interest rates before stabilizing.","U.S. Census Bureau via FRED, Federal Reserve Bank of St. Louis, 2024, https://fred.stlouisfed.org/series/OKLA440BPPRIV"
hvac,Orlando,FL,"According to the U.S. Bureau of Labor Statistics (BLS) May 2023 OEWS data, the Orlando-Kissimmee-Sanford, FL MSA employed 4,930 Heating, Air Conditioning, and Refrigeration Mechanics and Installers (SOC 49-9021), representing a high employment density of approximately 3.605 HVAC mechanics per 1,000 total jobs in the metro area.","U.S. Bureau of Labor Statistics, 2023, https://www.bls.gov/oes/2023/may/oes_36740.htm",,,"Data from the U.S. Census Bureau Building Permits Survey shows sustained high construction activity in the Orlando-Kissimmee-Sanford MSA, with annual new residential permit totals remaining robust between 24,000 and 27,000 units permitted annually from 2021 through 2024.","U.S. Census Bureau / FRED Federal Reserve Bank of St. Louis, 2024, https://fred.stlouisfed.org/series/ORLA712BPPRIV"
hvac,Philadelphia,PA,"In the Philadelphia-Camden-Wilmington, PA-NJ-DE-MD MSA, there were 9,080 Heating, Air Conditioning, and Refrigeration Mechanics and Installers employed as of May 2023, representing an occupational density of 3.207 per 1,000 total jobs and a location quotient of 1.23 relative to the national average.","U.S. Bureau of Labor Statistics (BLS), OEWS May 2023 Data, 2024, https://www.bls.gov/oes/current/oes499021.htm",7695,"Angi, 2026, https://www.angi.com","Residential building permit activity in the Philadelphia-Camden-Wilmington MSA contracted significantly after peaking in 2021-2022, led by a sharp drop in multi-family (5+ unit) permits (down over 70% from 2020 levels), while single-family home permitting showed a modest 10% year-over-year increase in PA in late 2024.","U.S. Department of Housing and Urban Development (HUD) / U.S. Census Bureau, Mid-Atlantic Regional Housing Market Report Q4 2024, 2024, https://www.huduser.gov"
hvac,Phoenix,AZ,"As of May 2024, the Phoenix-Mesa-Chandler, AZ MSA employed approximately 7,920 HVAC mechanics and installers (SOC 49-9021), ranking among the top metropolitan areas nationwide for trade employment with a high location quotient of 3.86.","U.S. Bureau of Labor Statistics, May 2024 Occupational Employment and Wage Statistics (OEWS), https://www.bls.gov/oes",7748,"Angi, 2026, https://www.angi.com","New residential housing permits in the Phoenix-Mesa-Chandler MSA peaked in 2021-2022 (reaching over 42,000 units authorized) before moderating in 2023 and 2024 due to higher interest rates, though housing completion and permitting volumes remain historically strong.","U.S. Census Bureau, Building Permits Survey (retrieved via Federal Reserve Bank of St. Louis FRED), 2024, https://fred.stlouisfed.org/series/PHOE004BPPRIVSA"
hvac,Pittsburgh,PA,"According to the U.S. Bureau of Labor Statistics (BLS) May 2023 OEWS report, the Pittsburgh, PA Metropolitan Statistical Area employed approximately 3,650 Heating, Air Conditioning, and Refrigeration Mechanics and Installers (SOC 49-9021), representing a location quotient of 1.30 compared to the national average.","U.S. Bureau of Labor Statistics, May 2023 Occupational Employment and Wage Statistics (OEWS), 2024, https://www.bls.gov/oes/current/oes_38300.htm",,,"According to HUD's Comprehensive Housing Market Analysis for the Pittsburgh MSA, residential building permit activity averaged 3,325 homes permitted annually during 2022-2023, representing a downward trend from an average of 3,775 homes permitted annually during 2020-2021 due to out-migration and elevated interest rates.","U.S. Department of Housing and Urban Development (HUD), Comprehensive Housing Market Analysis: Pittsburgh, Pennsylvania, 2024, https://www.huduser.gov/portal/ushmc/chma_archive.html"
hvac,Portland,OR,"The Portland-Vancouver-Hillsboro, OR-WA MSA employs approximately 2,600 Heating, Air Conditioning, and Refrigeration Mechanics and Installers (SOC 49-9021), representing a location quotient of 0.82 relative to the national concentration.","U.S. Bureau of Labor Statistics, May 2023 Occupational Employment and Wage Statistics (OEWS), https://www.bls.gov/oes/current/oes_38900.htm",9750,"HVAC Project Cost, 2026 Oregon HVAC Replacement Costs & Permit Requirements Report","Residential construction permitting in the Portland-Vancouver-Hillsboro MSA decreased sharply in 2024, with single-family unit permits down 2.7% year-over-year (1,649 units) and multi-family unit permits dropping 58.5% year-over-year (2,696 units).","U.S. Census Bureau Building Permits Survey / Realtor.com Research, 2025 Rent & Permitting Report"
hvac,Providence,RI,"As of May 2023, the Providence-Warwick, RI-MA Metropolitan Statistical Area employed 1,370 Heating, Air Conditioning, and Refrigeration Mechanics and Installers (SOC 49-9021), representing a density rate of 2.413 workers per 1,000 total jobs in the metropolitan area.","U.S. Bureau of Labor Statistics, Occupational Employment and Wage Statistics (OEWS), 2023, https://www.bls.gov/oes/current/oes_39300.htm",,,"In 2024, multi-family housing authorized by building permits accounted for 48.9% of all new privately owned housing units in the Providence-Warwick, RI-MA MSA, making it one of the highest multi-family permit shares among large U.S. metros amid historically constrained overall housing permitting in the region.","U.S. Census Bureau, Building Permits Survey, 2024, https://www.census.gov/construction/bps"
hvac,Raleigh,NC,"According to the U.S. Bureau of Labor Statistics May 2024 OEWS data, the Raleigh-Cary, NC Metropolitan Statistical Area employed 2,570 Heating, Air Conditioning, and Refrigeration Mechanics and Installers (SOC 49-9021).","U.S. Bureau of Labor Statistics Occupational Employment and Wage Statistics, 2024, https://www.bls.gov/oes",7365,"Angi, 2026, https://www.angi.com","Residential construction permitting in the Raleigh-Cary metro area reached 18,396 authorized units over the trailing 12-month period, representing a 15.5% year-over-year increase and a rate of 12.69 building permits per 1,000 residents.","U.S. Census Bureau Building Permits Survey, 2026, https://www.census.gov/construction/bps"
hvac,Richmond,VA,"In the Richmond, VA Metropolitan Statistical Area, there were 2,460 employed Heating, Air Conditioning, and Refrigeration Mechanics and Installers (SOC 49-9021) as of May 2023, representing a location quotient of 1.45 and a concentration of 3.805 HVAC workers per 1,000 total jobs.","U.S. Bureau of Labor Statistics, Occupational Employment and Wage Statistics, 2023, https://www.bls.gov/oes/current/oes_40060.htm",,,"According to Census Bureau permitting data, residential construction in the Richmond, VA MSA saw single-family building permits stabilize at 1,477 units in 2024 (0.0% YoY change) after previous pullbacks in 2022 and 2023, while multifamily unit authorizations declined 14.0% to 3,408 units.","U.S. Census Bureau, Building Permits Survey, 2024, https://www.census.gov/construction/bps"
hvac,Riverside-San Bernardino,CA,"In the Riverside-San Bernardino-Ontario, CA MSA, there were 5,890 employed Heating, Air Conditioning, and Refrigeration Mechanics and Installers (SOC 49-9021) as of May 2023, representing an employment density of 3.542 workers per 1,000 jobs and a location quotient of 1.35 relative to the national average.","U.S. Bureau of Labor Statistics (BLS), Occupational Employment and Wage Statistics (OEWS), May 2023, https://www.bls.gov/oes/current/oes_40140.htm",,,"In 2022, the Riverside-San Bernardino-Ontario MSA authorized 16,320 new residential building units according to the Census Building Permits Survey, a 4.6% increase over 2021 with a total construction value of $3.9 billion (+4.5%). Multi-family permitting grew over 45% to reach 5,150 units during the 12 months ending mid-2022, followed by a moderate slowdown in single-family permits in 2023 due to higher mortgage rates while multi-family construction remained steady.","U.S. Census Bureau, Building Permits Survey (BPS), 2023, https://www.census.gov/construction/bps"
hvac,Sacramento,CA,"According to the U.S. Bureau of Labor Statistics, the Sacramento-Roseville-Folsom, CA metropolitan area employed approximately 3,030 Heating, Air Conditioning, and Refrigeration Mechanics and Installers (SOC 49-9021) as of May 2023.","U.S. Bureau of Labor Statistics, Occupational Employment and Wage Statistics (2023), https://www.bls.gov/oes/current/oes_40900.htm",,,"According to the U.S. Census Bureau Building Permits Survey, residential construction permitting in the Sacramento metro area reached 10,042 units over the trailing 12 months, reflecting a moderate softening in single-family permitting (down ~11% year-over-year) alongside a slight pullback in multi-family development compared to peak pandemic levels.","U.S. Census Bureau, Building Permits Survey (2024), https://www.census.gov/construction/bps/index.html"
hvac,Salt Lake City,UT,"According to the U.S. Bureau of Labor Statistics, the Salt Lake City, UT Metropolitan Statistical Area employed 2,530 Heating, Air Conditioning, and Refrigeration Mechanics and Installers (SOC 49-9021) as of May 2023, representing an occupational density of 3.147 per 1,000 total jobs and a Location Quotient of 1.20.","U.S. Bureau of Labor Statistics (BLS), May 2023 Occupational Employment and Wage Statistics (OEWS), https://www.bls.gov/oes/current/oes_41620.htm",,,"Residential building permit volume in the Salt Lake City MSA grew rapidly between 2019 and 2022 with approximately 17,000 residential housing units authorized (with 79.5% concentrated in multi-family developments), followed by a moderate slowdown in single-family housing permits during 2023-2024 due to higher interest rates and land supply constraints.","U.S. Census Bureau, Building Permits Survey (retrieved via FRED, Federal Reserve Bank of St. Louis), 2024, https://fred.stlouisfed.org/series/SALT649BPPRIVSA"
hvac,San Antonio,TX,"According to the U.S. Bureau of Labor Statistics Occupational Employment and Wage Statistics (OEWS), the San Antonio-New Braunfels, TX Metropolitan Statistical Area employed 2,860 Heating, Air Conditioning, and Refrigeration Mechanics and Installers (SOC 49-9021) as of May 2023, representing a density of 2.62 mechanics per 1,000 jobs in the metro area (a location quotient of 1.00 relative to the national average).","U.S. Bureau of Labor Statistics, May 2023 OEWS Metropolitan and Nonmetropolitan Area Occupational Employment and Wage Estimates for San Antonio-New Braunfels, TX (2024), https://www.bls.gov/oes/current/oes_41700.htm",8500,"Renovetted, San Antonio HVAC Replacement Cost & Building Permit Analysis (2024)","Residential building permit activity in the San Antonio-New Braunfels MSA reached 24,006 authorized units (+7.8% year-over-year) valued at $4.2 billion in 2022, before moderating to approximately 15,000-16,000 authorized housing units annually across 2023 and 2024.","U.S. Census Bureau Building Permits Survey, Annual Estimates of Housing Units Authorized by Building Permits for San Antonio-New Braunfels, TX MSA (2024), https://www.census.gov/construction/bps"
hvac,San Diego,CA,"In the San Diego-Carlsbad, CA Metropolitan Statistical Area, there were 3,410 Heating, Air Conditioning, and Refrigeration Mechanics and Installers (SOC 49-9021) employed as of May 2023.","U.S. Bureau of Labor Statistics, 2023 Occupational Employment and Wage Statistics (OEWS), https://www.bls.gov/oes/current/oes_41740.htm",,,"Housing units authorized by building permits in San Diego, CA increased from 5,765 units in 2023 to 6,615 units in 2024 (an increase of 850 units or +14.8%). Across the broader San Diego region, 14,947 total housing units were permitted in 2024, led by multifamily construction (60%) and accessory dwelling units (27%).","U.S. Census Bureau, 2024 Annual Building Permits Survey, https://www.census.gov/construction/bps"
hvac,San Francisco,CA,"In the San Francisco-Oakland-Hayward, CA Metropolitan Statistical Area, there were 4,350 employed Heating, Air Conditioning, and Refrigeration Mechanics and Installers (SOC 49-9021), with a mean hourly wage of $38.40 and a mean annual wage of $79,870.","U.S. Bureau of Labor Statistics, May 2023 Metropolitan and Nonmetropolitan Area Occupational Employment and Wage Estimates, 2024, https://www.bls.gov/oes/current/oes_41860.htm",10250,"Fixr, California HVAC Market Intelligence Report, 2026, https://www.fixr.com","Residential building permitting activity in the San Francisco metropolitan area contracted sharply after 2022, with new construction permit volumes down roughly 52% from peak levels through 2025 in major sub-markets such as Alameda County due to high construction costs and interest rate pressures.","Shovels.ai, California New Construction Permit Data Report, 2026, https://www.shovels.ai"
hvac,San Jose,CA,"According to the U.S. Bureau of Labor Statistics OEWS data, the San Jose-Sunnyvale-Santa Clara, CA metropolitan statistical area employed 2,210 Heating, Air Conditioning, and Refrigeration Mechanics and Installers (SOC 49-9021), representing 1.94 workers per 1,000 jobs and a location quotient of 0.74 relative to the national average.","U.S. Bureau of Labor Statistics (BLS) Occupational Employment and Wage Statistics (OEWS), May 2023, https://www.bls.gov/oes/current/oes499021.htm",18850,"San José Clean Energy, 2024","The San Jose-Sunnyvale-Santa Clara MSA saw a sharp 68% decline in total residential building permits comparing July 2020 to July 2025 (falling from 1,949 permits to 623 permits), driven primarily by a 74% collapse in 5+ unit multifamily housing permits (from 1,697 to 449 units).","U.S. Census Bureau Building Permits Survey (via San José Spotlight / HomeAbroad), 2025"
hvac,Seattle,WA,"In the Seattle-Tacoma-Bellevue, WA MSA, there were 4,070 employed Heating, Air Conditioning, and Refrigeration Mechanics and Installers (SOC 49-9021), representing a location quotient of 0.75 and an annual mean wage of $79,280 ($38.12 hourly mean wage).","U.S. Bureau of Labor Statistics Occupational Employment and Wage Statistics (OEWS), 2023, https://www.bls.gov/oes/current/oes_42660.htm",8333,"Angi Seattle HVAC Cost Study, 2026, https://www.angi.com","New private housing units authorized by building permits in the Seattle-Tacoma-Bellevue, WA MSA reached 36,866 units in 2024, down slightly from 37,080 units in 2023 and down 24.5% from 48,798 units in 2022, indicating a moderation in construction activity relative to peak pandemic-era levels.","U.S. Census Bureau via FRED Federal Reserve Bank of St. Louis, 2026, https://fred.stlouisfed.org/series/SEAT653BPPRIVSA"
hvac,St. Louis,MO,"According to the U.S. Bureau of Labor Statistics, the St. Louis, MO-IL Metropolitan Statistical Area employed approximately 4,000 Heating, Air Conditioning, and Refrigeration Mechanics and Installers (SOC 49-9021) as of May 2023, representing a location quotient of 1.15 relative to the national average.","U.S. Bureau of Labor Statistics, Occupational Employment and Wage Statistics (2023), https://www.bls.gov/oes/current/oes_41420.htm",7133,"Angi, St. Louis MO HVAC Replacement Cost Report (2026), https://www.angi.com","Residential construction permitting in the St. Louis MSA trended downward in 2025, with single-family building permits falling 10% year-over-year from 4,650 units in 2024 to 4,175 units in 2025, while multifamily unit permits decreased 19% from 2,050 to 1,650 units.","U.S. Department of Housing and Urban Development (HUD User), Housing Market Profiles (2026), https://www.huduser.gov"
hvac,Tampa,FL,"According to the U.S. Bureau of Labor Statistics May 2023 OEWS report, the Tampa-St. Petersburg-Clearwater, FL MSA employs 6,050 Heating, Air Conditioning, and Refrigeration Mechanics and Installers (SOC 49-9021), representing 4.28 per 1,000 jobs with a Location Quotient of 1.64. U.S. Census Bureau County Business Patterns data indicates approximately 1,394 plumbing, heating, and air-conditioning contractor establishments (NAICS 238220) in the metro area, equivalent to 41.7 establishments per 100,000 residents.","U.S. Bureau of Labor Statistics, 2023 Occupational Employment and Wage Statistics (OEWS), https://www.bls.gov/oes/current/oes_45300.htm",7568,"Angi, 2026 Tampa FL HVAC System Replacement Cost Guide, https://www.angi.com","According to the U.S. Census Bureau Building Permits Survey, the Tampa-St. Petersburg-Clearwater MSA authorized 16,352 new privately-owned housing units in 2024, ranking 11th among all U.S. metropolitan areas. Permitting activity in 2025-2026 remained resilient with modest year-over-year gains in total residential authorizations, driven by multifamily construction gains.","U.S. Census Bureau, 2024 Annual Building Permits Survey & FRED (Federal Reserve Bank of St. Louis), 2026, https://fred.stlouisfed.org/series/TAMP312BPPRIV"
hvac,Virginia Beach,VA,"According to the U.S. Bureau of Labor Statistics (BLS) May 2023 Occupational Employment and Wage Statistics (OEWS), the Virginia Beach-Norfolk-Newport News, VA-NC metropolitan area employs 3,020 Heating, Air Conditioning, and Refrigeration Mechanics and Installers (SOC 49-9021).","U.S. Bureau of Labor Statistics, OEWS May 2023 (published April 2024), https://www.bls.gov/oes/current/oes_47260.htm",7650,"MyHomeScore HVAC System Cost Guide, 2026, https://myhomescore.app/hvac-system-cost-virginia","According to Virginia REALTORS and U.S. Census Bureau Building Permits Survey data, residential building permit activity in the Virginia Beach metropolitan area saw a decline in single-family permits of 11.6% in 2023, reflecting a broader statewide residential permitting slowdown due to higher interest rates and housing market supply constraints.","Virginia REALTORS, Building Permits in Virginia Report, 2023"
hvac,Washington DC,DC,"As of May 2023, there were 7,590 Heating, Air Conditioning, and Refrigeration Mechanics and Installers (SOC 49-9021) employed in the Washington-Arlington-Alexandria, DC-VA-MD-WV metropolitan area, representing a location quotient of 0.94 relative to national trade density and an annual mean wage of $68,420.","U.S. Bureau of Labor Statistics, May 2023 Occupational Employment and Wage Statistics (OEWS), https://www.bls.gov/oes/current/oes_47900.htm",8168,"Angi, 2026 Washington DC HVAC Replacement Cost Report, https://www.angi.com/articles/hvac-replacement-cost-washington-dc.htm","New residential building permits in the Washington-Arlington-Alexandria metro area declined 16% year-over-year, dropping from 21,487 permitted units in 2024 to 18,073 units in 2025.","U.S. Census Bureau, Building Permits Survey (BPS) 2024-2025 Data, https://www.census.gov/construction/bps"
plumbing,Atlanta,GA,"According to the Bureau of Labor Statistics OEWS, the Atlanta-Sandy Springs-Roswell, GA MSA employed 4,320 Plumbers, Pipefitters, and Steamfitters (SOC 47-2152) as of May 2023, with an average hourly wage of $29.02 and annual mean wage of $60,370.","U.S. Bureau of Labor Statistics OEWS, 2023, https://www.bls.gov/oes/current/oes_12060.htm",316,"Angi, 2026","New privately-owned housing units authorized by building permits in the Atlanta CBSA declined by 5.0%, moving from 40,687 units in 2023 down to 38,639 units in 2024.","U.S. Census Bureau Building Permits Survey, 2024, https://www.census.gov/construction/bps"
plumbing,Austin,TX,"The Austin-Round Rock, TX MSA employed 4,370 plumbers, pipefitters, and steamfitters (SOC 47-2152) as of May 2023, representing a location quotient of 1.23 compared to the national average employment concentration.","U.S. Bureau of Labor Statistics, May 2023 OEWS, https://www.bls.gov/oes/current/oes_12420.htm",,,"Residential construction permitting in the Austin metro area slowed in Q1 2026, with total residential permits down 19.7% year-over-year to 5,213 permits. The pullback was concentrated in multifamily construction (down nearly 50% year-over-year), while single-family permits declined 4.1% year-over-year to 3,934 permits.","Official Austin Metro Permit Records via Team Price Real Estate, 2026"
plumbing,Baltimore,MD,"As of May 2023, there were 5,110 plumbers, pipefitters, and steamfitters employed in the Baltimore-Columbia-Towson, MD metropolitan statistical area, representing approximately 1.36 workers per 1,000 total jobs (a location quotient of 1.36 relative to the national average).","U.S. Bureau of Labor Statistics, 2023 OEWS Metropolitan and Nonmetropolitan Area Occupational Employment and Wage Estimates for Baltimore-Columbia-Towson, MD, https://www.bls.gov/oes/current/oes_12580.htm",,,"New residential building permits in the Baltimore metropolitan area experienced a downward trend over recent years, declining 12% in 2024 to 6,448 units and decreasing another 10.4% in 2025 to 5,775 total residential units permitted across the region.","Baltimore Metropolitan Council, 2025 Regional Building Activity Report, https://www.baltometro.org"
plumbing,Birmingham,AL,"According to the U.S. Bureau of Labor Statistics May 2023 estimates, the Birmingham-Hoover, AL Metropolitan Statistical Area employed 2,170 Plumbers, Pipefitters, and Steamfitters, representing a density of 4.264 per 1,000 jobs and a location quotient of 1.48.","U.S. Bureau of Labor Statistics, May 2023 OEWS Metropolitan and Nonmetropolitan Area Occupational Employment and Wage Estimates - Birmingham-Hoover, AL, 2024, https://www.bls.gov/oes/current/oes_13820.htm",,,"U.S. Census Bureau Building Permits Survey data indicates single-family residential authorizations in the Birmingham-Hoover MSA maintained steady baseline volume averaging roughly 250 to 300 single-family units authorized per month, supported by sustained residential building activity across surrounding suburban counties.","U.S. Census Bureau, Building Permits Survey (retrieved via St. Louis Fed FRED, Series BIRM801BP1FH), 2024, https://fred.stlouisfed.org/series/BIRM801BP1FH"
plumbing,Boston,MA,"The Boston-Cambridge-Newton, MA-NH metropolitan area employed 11,320 plumbers, pipefitters, and steamfitters (SOC 47-2152), making it one of the largest metropolitan employment bases for plumbing trades in the United States.","U.S. Bureau of Labor Statistics (BLS) Occupational Employment and Wage Statistics (OEWS), 2024, https://www.bls.gov/oes/current/oes472152.htm",354,"Angi, 2026, https://www.angi.com/articles/how-much-does-plumber-cost-boston.htm","Residential building permits in Greater Boston have trended downward sharply since peaking at roughly 15,000 permitted units in 2021, declining to under 9,000 units permitted regionwide in 2024 (with Boston proper falling to 2,219 permitted units).","Boston Indicators / U.S. Census Building Permits Survey, 2025"
plumbing,Buffalo,NY,"According to the U.S. Bureau of Labor Statistics, there were 1,450 Plumbers, Pipefitters, and Steamfitters (SOC 47-2152) employed in the Buffalo-Cheektowaga-Niagara Falls, NY Metropolitan Statistical Area, representing an employment concentration of 2.76 workers per 1,000 jobs.","U.S. Bureau of Labor Statistics (BLS), May 2023 OEWS Metropolitan and Nonmetropolitan Area Occupational Employment and Wage Estimates, 2024, https://www.bls.gov/oes/current/oes_15380.htm",,,"Residential building permit activity in the Buffalo-Cheektowaga-Niagara Falls MSA totaled 3,197 units in 2022 before dropping to 2,101 units in 2023. Permitting activity has since stabilized and trended slightly upwards, with 2,659 total residential units permitted during the 12 months ending July 2024 compared to 2,558 units in the 12 months ending July 2023.","U.S. Department of Housing and Urban Development (HUD), Comprehensive Housing Market Analysis: Buffalo-Cheektowaga-Niagara Falls, New York (as of August 1, 2024), 2024, https://www.huduser.gov/portal/ushmc/chma_archive.html"
plumbing,Charlotte,NC,"According to the Bureau of Labor Statistics Occupational Employment and Wage Statistics, there were 4,040 Plumbers, Pipefitters, and Steamfitters (SOC 47-2152) employed in the Charlotte-Concord-Gastonia, NC-SC metropolitan statistical area as of May 2024.","U.S. Bureau of Labor Statistics, 2024, https://www.bls.gov/oes/current/oes_16740.htm",5000,"HomeQuotr, 2026","Residential construction permitting in the Charlotte-Concord-Gastonia metro area reached 20,902 units over the trailing 12 months, marking a 3.6% year-over-year expansion. The MSA maintains a high permitting rate of 7.70 permits per 1,000 residents, driven by a strong 75% single-family residential build mix following a slight moderation in multi-family permitting after 2022 peaks.","U.S. Census Bureau Building Permits Survey / HUD User, 2024"
plumbing,Chicago,IL,"In the Chicago-Naperville-Elgin, IL-IN-WI Metropolitan Statistical Area, there were 12,540 Plumbers, Pipefitters, and Steamfitters employed, representing an employment density of 2.78 per 1,000 jobs and a location quotient of 0.97 relative to the national baseline.","U.S. Bureau of Labor Statistics (BLS) Occupational Employment and Wage Statistics, 2023, https://www.bls.gov/oes/current/oes_16980.htm",356,"Angi Chicago Plumbing Cost Guide, 2026, https://www.angi.com/companylist/chicago/plumbing.htm","Residential building permit activity in the Chicago-Naperville-Elgin MSA averaged 1,800 to 1,900 units per month in mid-2025, demonstrating a modest positive trajectory in housing permit volume after years of subdued housing supply growth across Illinois.","U.S. Census Bureau Building Permits Survey / HUD User Great Lakes Market Report, 2025"
plumbing,Cincinnati,OH,"According to May 2023 BLS OEWS estimates, there were 2,920 Plumbers, Pipefitters, and Steamfitters employed in the Cincinnati, OH-KY-IN Metropolitan Statistical Area, representing a location quotient of 0.94 and an annual mean wage of $68,540.","U.S. Bureau of Labor Statistics (BLS) Occupational Employment and Wage Statistics, 2023, https://www.bls.gov/oes/current/oes_17140.htm",,,"In 2024, the Cincinnati region issued 7,089 residential building permits (3.1 permits per 1,000 population), placing 12th among 20 peer metros, with its 5-year housing permit change from 2019 to 2024 ranking 9th best among peer markets.","Cincinnati Regional Chamber (citing U.S. Department of Housing and Urban Development / U.S. Census Bureau data), 2025, https://cincinnatichamber.com"
plumbing,Cleveland,OH,"According to the U.S. Bureau of Labor Statistics May 2023 Occupational Employment and Wage Statistics (OEWS), there were 2,030 Plumbers, Pipefitters, and Steamfitters (SOC 47-2152) employed in the Cleveland-Elyria, OH Metropolitan Statistical Area.","U.S. Bureau of Labor Statistics, May 2023 Occupational Employment and Wage Statistics (OEWS), 2024, https://www.bls.gov/oes/current/oes_17460.htm",,,"Private residential building permits in the Cleveland-Elyria, OH MSA experienced a 12.2% year-over-year decline in single-family housing permits in 2023 (to 2,695 units), followed by a recovery in overall authorized private housing structures, rising 28.6% year-over-year to over 4,100 trailing-12-month permitted units.","U.S. Census Bureau, Building Permits Survey (retrieved via FRED, Federal Reserve Bank of St. Louis), 2024, https://fred.stlouisfed.org/series/CLEV439BPPRIVSA"
plumbing,Columbus,OH,"According to the U.S. Bureau of Labor Statistics May 2023 Occupational Employment and Wage Statistics (OEWS), there were 2,490 Plumbers, Pipefitters, and Steamfitters (SOC 47-2152) employed in the Columbus, OH Metropolitan Statistical Area, representing an employment density of approximately 2.34 per 1,000 total jobs (location quotient of 0.81).","U.S. Bureau of Labor Statistics, 2024, https://www.bls.gov/oes/current/oes_18140.htm",,,"Residential building permit authorization in the Columbus metro area has experienced sustained growth, particularly in multifamily housing, where local permit activity reached 37.9 multifamily permits per 10,000 residents post-pandemic, making Columbus one of the highest-density metros for new residential building permits in the Midwest.","U.S. Census Bureau, 2024, https://fred.stlouisfed.org/series/COLU139BPPRIV"
plumbing,Dallas-Fort Worth,TX,"The Dallas-Fort Worth-Arlington, TX metropolitan statistical area employed 11,280 plumbers, pipefitters, and steamfitters (SOC 47-2152) as of May 2023, with a location quotient of 0.99 relative to the national average.","U.S. Bureau of Labor Statistics (BLS) Occupational Employment and Wage Statistics (OEWS), 2023, https://www.bls.gov/oes/current/oes_19100.htm",,,"The Dallas-Fort Worth-Arlington MSA maintains high-volume residential construction activity, authorizing over 63,000 housing unit permits annually (approx. 8.17 permits per 1,000 residents), ranking among the top metropolitan areas for new residential permit volume in the United States.","U.S. Census Bureau, Building Permits Survey, 2025, https://www.census.gov/construction/bps"
plumbing,Denver,CO,"According to the U.S. Bureau of Labor Statistics, the Denver-Aurora-Lakewood, CO metropolitan statistical area employed approximately 4,500 Plumbers, Pipefitters, and Steamfitters (SOC 47-2152) in May 2023, representing 2.83 plumbing trade jobs per 1,000 total jobs in the metro area (location quotient of 0.99).","U.S. Bureau of Labor Statistics, Occupational Employment and Wage Statistics (OEWS), 2023, https://www.bls.gov/oes/current/oes_19780.htm",,,"Residential construction activity in the Denver-Aurora-Lakewood metro experienced a downturn, with for-sale single-family home permits declining 34% to 1,175 homes permitted during the 12 months ending August 2023 compared to the prior 12-month period.","U.S. Department of Housing and Urban Development (HUD), Comprehensive Housing Market Analysis: Denver-Aurora-Lakewood, Colorado, 2023, https://www.huduser.gov/portal/ushmc/chma_archive.html"
plumbing,Detroit,MI,"According to U.S. Census Bureau County Business Patterns data, there are 1,109 plumbing, heating, and air-conditioning contractor establishments (NAICS 238220) in the Detroit-Warren-Dearborn, MI metropolitan statistical area, representing approximately 25.5 contractor establishments per 100,000 residents. Additionally, BLS OEWS reports 5,740 employed plumbers, pipefitters, and steamfitters in the metro area (SOC 47-2152) with a location quotient of 1.05.","U.S. Census Bureau, County Business Patterns, 2022, https://www.census.gov/programs-surveys/cbp.html",,,"Residential building permit volume in the Detroit-Warren-Dearborn MSA experienced a slight cooling trend in recent years, with single-family unit permits declining by 968 units in 2022 and 157 units in 2023, stabilizing at a trailing 12-month authorization total of 8,825 total housing units (a 2.3% decrease year-over-year).","U.S. Census Bureau, Building Permits Survey, 2024, https://www.census.gov/construction/bps"
plumbing,Hartford,CT,"According to U.S. Census Bureau data, there are 367 plumbing, heating, and air-conditioning contractor establishments (NAICS 238220) serving the Hartford-West Hartford-East Hartford, CT MSA, representing approximately 31.9 establishments per 100,000 residents. Additionally, U.S. Bureau of Labor Statistics OEWS data indicates 1,290 Plumbers, Pipefitters, and Steamfitters (SOC 47-2152) are employed in the metro area.","U.S. Census Bureau and U.S. Bureau of Labor Statistics, Occupational Employment and Wage Statistics (OEWS), May 2023, https://www.bls.gov/oes/current/oes_25540.htm",,,"According to the U.S. Census Bureau Building Permits Survey, residential permit activity in the Hartford-West Hartford-East Hartford, CT MSA included 1,488 multifamily units authorized in 2024, representing an 89.2% surge compared to its 5-year baseline and accounting for 66.0% of all new housing unit authorizations in the metro area.","U.S. Census Bureau, Building Permits Survey (BPS), 2024, https://www.census.gov/construction/bps"
plumbing,Houston,TX,"According to the U.S. Bureau of Labor Statistics Occupational Employment and Wage Statistics (OEWS), the Houston-The Woodlands-Sugar Land, TX MSA employed 11,540 Plumbers, Pipefitters, and Steamfitters (SOC 47-2152) in May 2023, representing a density of 3.63 jobs per 1,000 total jobs and a location quotient of 1.26 relative to the national baseline.","U.S. Bureau of Labor Statistics, 2024, https://www.bls.gov/oes/current/oes472152.htm",,,"According to U.S. Census Bureau Building Permits Survey data analyzed by Rice University's Kinder Institute for Urban Research, the Houston-The Woodlands-Sugar Land MSA authorized 68,755 total residential housing units in 2023 (including 50,444 single-family homes). While overall permitting decreased modestly from a record 75,786 units in 2022, 2023 still ranked as the fifth-highest permitting year on record for the Houston metropolitan area.","Rice University Kinder Institute for Urban Research, 2024, https://kinder.rice.edu"
plumbing,Indianapolis,IN,"In the Indianapolis-Carmel-Anderson, IN metropolitan area, there are approximately 4,000 employed Plumbers, Pipefitters, and Steamfitters (SOC 47-2152), representing a location quotient of 1.29 relative to national average employment density and an annual mean wage of $70,180.","U.S. Bureau of Labor Statistics (BLS) Occupational Employment and Wage Statistics (OEWS), 2023, https://www.bls.gov/oes/current/oes_26900.htm",383,"Angi Indianapolis Plumber Cost Report, 2026, https://www.angi.com","Single-family building permit filings in Central Indiana reached 10,173 permits in 2025 (a 1.3% increase over 10,004 permits in 2024) and maintained momentum into early 2026, with January permit filings increasing 4% year-over-year to 731 permits.","Builders Association of Greater Indianapolis (BAGI) / Indianapolis Business Journal, 2026, https://www.ibj.com/articles/indy-area-homebuilders-see-modest-rise-in-permit-applications"
plumbing,Jacksonville,FL,"According to the U.S. Bureau of Labor Statistics OEWS (May 2023), there were 2,310 plumbers, pipefitters, and steamfitters (SOC 47-2152) employed in the Jacksonville, FL metropolitan statistical area, representing an employment density of 3.115 per 1,000 jobs.","U.S. Bureau of Labor Statistics, 2024, https://www.bls.gov/oes/current/oes_27260.htm",,,"Single-family residential building permits in the 4-county Jacksonville metro area (Clay, Duval, Nassau, and St. Johns counties) increased by 6.17% in 2024 to 12,551 permits, up from 11,821 permits in 2023. Duval County led the region with 5,045 permits, representing a 20.3% year-over-year increase.","Northeast Florida Builders Association / Jax Daily Record, 2025"
plumbing,Kansas City,MO,"As of May 2023, the Kansas City, MO-KS metropolitan statistical area employed approximately 3,450 Plumbers, Pipefitters, and Steamfitters (SOC 47-2152), representing a density of 3.195 plumbers per 1,000 jobs in the metro area and a location quotient of 1.11 compared to the national baseline.","U.S. Bureau of Labor Statistics (BLS) Occupational Employment and Wage Statistics (OEWS), 2024, https://www.bls.gov/oes/current/oes_28140.htm",,,"Single-family residential construction activity across the 8-county Kansas City metropolitan area showed strong growth, with 2,358 single-family units permitted through May 2026, representing a 32 percent increase compared to the same five-month period in 2025.","Home Builders Association of Greater Kansas City (KCHBA) Residential Statistics Reports, 2026, https://kchba.org"
plumbing,Las Vegas,NV,"According to the U.S. Bureau of Labor Statistics Occupational Employment and Wage Statistics (OEWS), there were 3,760 Plumbers, Pipefitters, and Steamfitters (SOC 47-2152) employed in the Las Vegas-Henderson-Paradise, NV metropolitan statistical area, representing an occupational density of 3.47 jobs per 1,000 total jobs and a location quotient of 1.21 relative to the national average.","U.S. Bureau of Labor Statistics, May 2023 Metropolitan and Nonmetropolitan Area Occupational Employment and Wage Estimates: Las Vegas-Henderson-Paradise, NV (2024), https://www.bls.gov/oes/current/oes_29820.htm",,,"Residential building permitting in the Las Vegas-Henderson-Paradise MSA moderated in recent years following interest rate increases. Census Building Permits Survey data shows total monthly residential permits fell from 1,384 in July 2020 to 847 in July 2025. HUD analysis notes that home sales fell 26% in 2022 and 22% in 2023, while forecasting regional demand for 33,650 new sales units and 10,300 rental units across 2024-2027.","U.S. Department of Housing and Urban Development (HUD User), Comprehensive Housing Market Analysis: Las Vegas-Henderson-Paradise, Nevada (2024), https://www.huduser.gov/portal/ushmc/chma_archive.html"
plumbing,Los Angeles,CA,"According to the U.S. Bureau of Labor Statistics Occupational Employment and Wage Statistics (OEWS), the Los Angeles-Long Beach-Anaheim, CA metropolitan statistical area employed 13,700 plumbers, pipefitters, and steamfitters as of May 2023, representing approximately 2.215 plumbing trade jobs per 1,000 total jobs in the region (location quotient of 0.77).","U.S. Bureau of Labor Statistics, May 2023 OEWS Metropolitan and Nonmetropolitan Area Occupational Employment and Wage Estimates, 2023, https://www.bls.gov/oes/current/oes_31080.htm",,,"According to the U.S. Census Bureau's Annual Building Permits Survey, total privately owned new residential housing units authorized by building permits in the city of Los Angeles dropped roughly 20.3% from 13,154 units in 2023 to 10,488 units in 2024.","U.S. Census Bureau, Annual Building Permits Survey, 2024, https://www.census.gov/construction/bps"
plumbing,Louisville,KY,"According to BLS Occupational Employment and Wage Statistics (OEWS) data, the Louisville-Jefferson County, KY-IN metropolitan statistical area employed 2,310 Plumbers, Pipefitters, and Steamfitters (SOC 47-2152) as of May 2023, earning a mean hourly wage of $30.79 ($64,030 annual mean wage).","U.S. Bureau of Labor Statistics, May 2023 OEWS Metropolitan and Nonmetropolitan Area Occupational Employment and Wage Estimates (2024), https://www.bls.gov/oes/current/oes_31140.htm",,,"New private housing units authorized by building permits in the Louisville-Jefferson County, KY-IN MSA stabilized in the 200 to 400 unit per month range between 2023 and 2024 (series LOIBPPRIVSA), normalizing from post-2021 pandemic construction highs.","U.S. Census Bureau via Federal Reserve Bank of St. Louis FRED, New Private Housing Units Authorized by Building Permits for Louisville-Jefferson County, KY-IN (MSA) (2024), https://fred.stlouisfed.org/series/LOIBPPRIVSA"
plumbing,Memphis,TN,"According to the U.S. Bureau of Labor Statistics May 2023 OEWS estimates, the Memphis, TN-MS-AR metropolitan statistical area had 1,700 employed Plumbers, Pipefitters, and Steamfitters (SOC 47-2152), representing an employment density of 2.72 per 1,000 jobs and a location quotient of 0.95 relative to the national average.","U.S. Bureau of Labor Statistics, May 2023 Metropolitan and Nonmetropolitan Area Occupational Employment and Wage Estimates - Memphis, TN-MS-AR, 2024, https://www.bls.gov/oes/current/oes_32820.htm",,,"In Shelby County, TN (the primary county of the Memphis MSA), new private housing units authorized by building permits declined from 2,059 units in 2021 to 1,870 units in 2022, before rebounding to 1,964 units in 2023 and 2,061 units in 2024.","U.S. Census Bureau via FRED, Federal Reserve Bank of St. Louis, New Private Housing Structures Authorized by Building Permits for Shelby County, TN [BPPRIV047157], 2025, https://fred.stlouisfed.org/series/BPPRIV047157"
plumbing,Miami,FL,"According to BLS OEWS data, the Miami-Fort Lauderdale-West Palm Beach, FL metropolitan statistical area employed approximately 5,990 Plumbers, Pipefitters, and Steamfitters (SOC 47-2152), representing an occupational concentration of 0.77 workers per 1,000 total jobs (Location Quotient of 0.77).","U.S. Bureau of Labor Statistics, May 2023 OEWS Metropolitan and Nonmetropolitan Area Occupational Employment and Wage Estimates (Miami-Fort Lauderdale-West Palm Beach, FL), 2024, https://www.bls.gov/oes/current/oes_33100.htm",,,"In the Miami-Fort Lauderdale-Pompano Beach, FL metro area, total new privately-owned housing units authorized by building permits declined 21.7% year-over-year in 2022 to 19,813 units, representing $5.6 billion in total residential permit value (a 16.9% decrease from 2021).",
plumbing,Milwaukee,WI,"According to the Bureau of Labor Statistics Occupational Employment and Wage Statistics (OEWS) data, there were 1,720 plumbers, pipefitters, and steamfitters (SOC 47-2152) employed in the Milwaukee-Waukesha-West Allis, WI Metropolitan Statistical Area, representing an employment density of 2.105 per 1,000 total jobs and a location quotient of 0.73.","U.S. Bureau of Labor Statistics, Occupational Employment and Wage Statistics (OEWS), 2023, https://www.bls.gov/oes/current/oes_39540.htm",,,"Analysis of U.S. Census Bureau Building Permits Survey data indicates that residential building permit activity in the Milwaukee metropolitan area has stagnated and remained relatively flat in recent years amid higher mortgage rates and building costs, with single-family permitting outpacing multi-family housing in the metro since 2019.","Wisconsin Policy Forum (analyzing U.S. Census Bureau Building Permits Survey data), 2024"
plumbing,Minneapolis-St. Paul,MN,"As of May 2023, the Minneapolis-St. Paul-Bloomington, MN-WI metropolitan statistical area employed 6,010 Plumbers, Pipefitters, and Steamfitters (SOC 47-2152), representing a trade density of 3.14 workers per 1,000 total jobs in the metro area and a location quotient of 1.09 compared to the national average.","U.S. Bureau of Labor Statistics (BLS) Occupational Employment and Wage Statistics (OEWS), 2023, https://www.bls.gov/oes/current/oes_33460.htm",,,"Residential building permit activity in the Minneapolis-St. Paul-Bloomington, MN-WI MSA moderated from 2021-2022 peak levels (24,937 total housing units permitted in 2022) to trailing 12-month levels of approximately 13,500 to 17,000 units. In the 12 months ending October 2025, single-family building permits reached 10,500 units (a 14% year-over-year increase) while multifamily permits totaled 6,550 units (up 22% year-over-year from 5,350 units, though below the 2019-2023 annual average of 12,850 units).","U.S. Department of Housing and Urban Development (HUD) / U.S. Census Bureau Building Permits Survey, 2026, https://www.huduser.gov"
plumbing,Nashville,TN,"According to May 2023 BLS OEWS data, the Nashville-Davidson--Murfreesboro--Franklin, TN MSA employed 2,880 Plumbers, Pipefitters, and Steamfitters (SOC 47-2152), representing a concentration of 2.681 plumbers per 1,000 jobs and a location quotient of 0.93.","U.S. Bureau of Labor Statistics, Occupational Employment and Wage Statistics (OEWS), May 2023, https://www.bls.gov/oes/current/oes_34980.htm",,,"Residential construction in the Nashville-Davidson--Murfreesboro--Franklin MSA grew to 17,930 building permits authorized over a trailing 12-month period, reflecting a 19.0% year-over-year increase (8.77 permits per 1,000 residents) across single-family and multi-family development.","U.S. Census Bureau, Building Permits Survey, 2024, https://www.census.gov/construction/bps"
plumbing,New Orleans,LA,"As of May 2023, the New Orleans-Metairie, LA Metropolitan Statistical Area employed approximately 1,520 Plumbers, Pipefitters, and Steamfitters (SOC 47-2152), representing 2.95 trade workers per 1,000 jobs and a location quotient of 1.03 relative to the national average.","U.S. Bureau of Labor Statistics (BLS), Occupational Employment and Wage Statistics (OEWS), 2023, https://www.bls.gov/oes/current/oes_35380.htm",,,"Residential construction permitting in the New Orleans-Metairie metro area has slowed in recent years. In 2024, the metro authorized 3.4 new housing units per 1,000 existing homes, placing it among the lower-permitting metropolitan areas nationally compared to a national rate of 10.1 units per 1,000 homes. Multifamily permitting averaged 2.7 authorized units per 10,000 residents between mid-2024 and mid-2025.","U.S. Census Bureau, Building Permits Survey (analyzed by Construction Coverage and Redfin), 2024, https://www.census.gov/construction/bps/index.html"
plumbing,New York,NY,"As of May 2023, the New York-Newark-Jersey City, NY-NJ-PA metropolitan statistical area employed 23,600 Plumbers, Pipefitters, and Steamfitters, representing 2.485 plumbers per 1,000 jobs and a location quotient of 0.87 relative to national averages.","U.S. Bureau of Labor Statistics, May 2023 Occupational Employment and Wage Statistics (OEWS), 2024, https://www.bls.gov/oes/current/oes_35620.htm",,,"In the New York-Newark-Jersey City metropolitan area, residential construction activity experienced strong growth in late 2024: single-family home permitting rose 19 percent in Q4 2024 (up by 530 homes) compared to Q4 2023, while multifamily unit permitting more than doubled to 12,050 units authorized.","U.S. Department of Housing and Urban Development (HUD User) / U.S. Census Bureau, Building Permits Survey Regional Activity Report, 2024"
plumbing,Oklahoma City,OK,"According to May 2023 Occupational Employment and Wage Statistics, the Oklahoma City, OK MSA employed 6,110 Plumbers, Pipefitters, and Steamfitters (SOC 47-2152), representing a location quotient of 1.28 and an employment density of 3.672 per 1,000 total jobs in the metropolitan area.","U.S. Bureau of Labor Statistics, 2023, https://www.bls.gov/oes/current/oes_36420.htm",,,"In 2024, single-family building permits in Oklahoma increased 7.4% (+805 units) over 2023, while multi-family housing permits fell 22.5% (-520 units). Within the Oklahoma City MSA, residential construction is heavily single-family focused, representing 91.0% of all residential building permits authorized in 2023 (6,129 single-family units out of 6,736 total units).","U.S. Census Bureau, Building Permits Survey, 2026, https://fred.stlouisfed.org/series/OKLA440BPPRIVSA"
plumbing,Orlando,FL,"According to the U.S. Bureau of Labor Statistics Occupational Employment and Wage Statistics (OEWS) data, the Orlando-Kissimmee-Sanford, FL metropolitan statistical area employed approximately 3,640 plumbers, pipefitters, and steamfitters (SOC 47-2152), representing a location quotient of 0.93 relative to the national average.","U.S. Bureau of Labor Statistics, Occupational Employment and Wage Statistics (OEWS), 2023, https://www.bls.gov/oes/current/oes_36740.htm",262,"Angi, 'How Much Does a Plumber Cost in Orlando, FL?', 2026, https://www.angi.com/articles/how-much-does-plumber-cost-orlando-fl.htm","After a temporary slowdown in 2024, residential permitting in the Orlando-Kissimmee-Sanford metro area rebounded significantly in 2025 to 4.5 permitted units per 1,000 residents, matching peak 2021 rates. U.S. Census Building Permits Survey data showed 4,094 units permitted in Q1 2025 compared to 1,832 units in Q1 2024.","U.S. Census Bureau Building Permits Survey / Realtor.com Research, 2026"
plumbing,Philadelphia,PA,"According to May 2023 BLS OEWS estimates, the Philadelphia-Camden-Wilmington, PA-NJ-DE-MD metropolitan area employed 7,020 Plumbers, Pipefitters, and Steamfitters (SOC 47-2152), representing a density of 2.481 workers per 1,000 total jobs in the MSA.","U.S. Bureau of Labor Statistics, May 2023 OEWS Metropolitan Estimates (Philadelphia-Camden-Wilmington, PA-NJ-DE-MD), https://www.bls.gov/oes/current/oes_37980.htm",,,"Following a 2021 surge to 26,166 authorized residential units prior to the reduction of Philadelphia's 10-year property tax abatement, building permit activity experienced a sharp drop and normalized to roughly 3,000 to 3,366 authorized units per year through 2024-2025.","U.S. Census Bureau, Building Permits Survey 2024, https://www.census.gov/construction/bps"
plumbing,Phoenix,AZ,"In the Phoenix-Mesa-Chandler, AZ MSA, there were 5,493 Plumbers, Pipefitters, and Steamfitters (SOC 47-2152) employed as of May 2024.","U.S. Bureau of Labor Statistics (BLS), 2024, Occupational Employment and Wage Statistics (OEWS), https://www.bls.gov/oes",382,"Angi, 2026, How Much Does a Plumber Cost in Phoenix? [2026 Data], https://www.angi.com/articles/how-much-does-plumber-cost-phoenix.htm","Residential building permits in the Phoenix-Mesa-Chandler MSA totaled 45,616 authorized housing units in 2023, reflecting a 3.7% decrease from 47,369 units in 2022 as residential construction activity moderated from peak pandemic-era levels.","U.S. Census Bureau, 2024, Building Permits Survey, https://www.census.gov/construction/bps"
plumbing,Pittsburgh,PA,"According to U.S. Bureau of Labor Statistics OEWS data, there were 2,880 Plumbers, Pipefitters, and Steamfitters (SOC 47-2152) employed in the Pittsburgh, PA MSA as of May 2023. Based on U.S. Census Bureau County Business Patterns data, the metro has approximately 35 plumbing and HVAC contractor establishments per 100,000 residents.","U.S. Bureau of Labor Statistics OEWS (2023), https://www.bls.gov/oes/current/oes_38300.htm; U.S. Census Bureau County Business Patterns (2022), https://www.census.gov/programs-surveys/cbp.html",,,"Residential building permits in the Pittsburgh MSA averaged approximately 3,325 homes annually during 2022 and 2023, before increasing to 3,425 units permitted during the 12 months ending April 2024, representing a 4% year-over-year increase.","U.S. Department of Housing and Urban Development (HUD), Comprehensive Housing Market Analysis: Pittsburgh, Pennsylvania (2024), https://www.huduser.gov/portal/ushmc/chma_archive.html"
plumbing,Portland,OR,"As of May 2023, the Portland-Vancouver-Hillsboro, OR-WA metropolitan area employed 3,800 plumbers, pipefitters, and steamfitters (SOC 47-2152), representing a location quotient of 1.10 and a density of 3.15 plumbers per 1,000 jobs.","U.S. Bureau of Labor Statistics (BLS) Occupational Employment and Wage Statistics (OEWS), 2023, https://www.bls.gov/oes/current/oes_38900.htm",,,"Residential building permit activity in the Portland metro area declined significantly from 2022 into 2024. In the City of Portland, total authorized housing units dropped 47.4% from 3,089 in 2023 to 1,624 in 2024, with multifamily (5+ unit) permits dropping heavily across core metro counties including Multnomah (-66%) and Washington (-64%).","HFO Investment Real Estate (analyzing U.S. Census Bureau Building Permits Survey data), 2025"
plumbing,Providence,RI,"In May 2023, the Providence-Warwick, RI-MA Metropolitan Statistical Area employed an estimated 2,100 Plumbers, Pipefitters, and Steamfitters (SOC 47-2152), representing a location quotient of 1.50 compared to the national labor baseline.","U.S. Bureau of Labor Statistics, May 2023 Occupational Employment and Wage Statistics (OEWS) - Providence-Warwick, RI-MA, 2024, https://www.bls.gov/oes/current/oes_39300.htm",,,"Residential building permitting in the Providence-Warwick, RI-MA MSA experienced an upward trajectory over recent years, with multifamily permitting rates rising from 0.1 permitted units per 1,000 residents in 2020-2022 to 0.7 units per 1,000 residents in 2025.","U.S. Census Bureau Building Permits Survey via Realtor.com June 2026 Rent Report, 2026"
plumbing,Raleigh,NC,"According to BLS OEWS data, the Raleigh, NC metropolitan area employed approximately 2,830 Plumbers, Pipefitters, and Steamfitters (SOC 47-2152), representing an occupational density of 4.03 per 1,000 jobs and a location quotient of 1.40, indicating a trade concentration 40% higher than the national average.","U.S. Bureau of Labor Statistics (BLS), May 2023 Occupational Employment and Wage Statistics, https://www.bls.gov/oes/current/oes_39580.htm",266,"Angi, 2026 How Much Does a Plumber Cost in Raleigh, NC?, https://www.angi.com","Residential building permit issuance in the Raleigh-Cary MSA moderated from peak multi-year highs recorded in 2021-2022 into a more normalized pace through 2024-2025 as elevated interest rates dampened single-family construction, though overall permitting volume remains high relative to historic metro baselines.","U.S. Census Bureau and Federal Reserve Bank of St. Louis (FRED), 2026 New Private Housing Units Authorized by Building Permits for Raleigh-Cary, NC (MSA) [RALE537BPPRIV], https://fred.stlouisfed.org/series/RALE537BPPRIV"
plumbing,Richmond,VA,"According to the BLS Occupational Employment and Wage Statistics, the Richmond, VA metropolitan statistical area employed 1,940 Plumbers, Pipefitters, and Steamfitters, representing a concentration of approximately 3.0 workers per 1,000 jobs and a location quotient of 1.04.","U.S. Bureau of Labor Statistics (BLS), Occupational Employment and Wage Statistics (OEWS), 2023, https://www.bls.gov/oes/current/oes_40060.htm",,,"New residential building permit activity in the Richmond, VA MSA trended downward in 2024, with projections falling to approximately 58 permitted units per 10,000 residents from higher levels recorded in 2023.","U.S. Census Bureau, Building Permits Survey / FRED, Federal Reserve Bank of St. Louis, 2024, https://fred.stlouisfed.org/series/RICH051BPPRIV"
plumbing,Riverside-San Bernardino,CA,"According to the U.S. Bureau of Labor Statistics, there were 3,850 employed Plumbers, Pipefitters, and Steamfitters (SOC 47-2152) in the Riverside-San Bernardino-Ontario, CA MSA as of May 2023, representing a location quotient of 0.81 relative to national employment levels.","U.S. Bureau of Labor Statistics, Occupational Employment and Wage Statistics (OEWS), 2023, https://www.bls.gov/oes/2023/may/oes_40140.htm",6200,"Costadia, 2026, https://costadia.com","According to U.S. Census Bureau Building Permits Survey data, total residential building permit authorizations in the Riverside-San Bernardino-Ontario MSA remained flat at 15,817 units in 2024 and 15,824 units in 2025 (0% year-over-year change), reflecting a stabilization following earlier post-pandemic pullbacks.","U.S. Census Bureau, Building Permits Survey (via InMyArea), 2026, https://www.inmyarea.com"
plumbing,Sacramento,CA,"According to the U.S. Bureau of Labor Statistics Occupational Employment and Wage Statistics (OEWS) data, the Sacramento-Roseville-Folsom, CA Metropolitan Statistical Area had 3,370 employed Plumbers, Pipefitters, and Steamfitters (SOC 47-2152) with a mean hourly wage of $35.78.","U.S. Bureau of Labor Statistics, OEWS, 2024, https://www.bls.gov/oes",,,"According to the U.S. Census Bureau Building Permits Survey, the Sacramento-Roseville-Folsom, CA metro area authorized 10,042 residential housing units over a trailing 12-month period, with monthly permit issuance rising 14% year-over-year to 1,094 units authorized (including 672 single-family and 332 multi-family units).","U.S. Census Bureau, Building Permits Survey, 2026, https://www.census.gov/construction/bps"
plumbing,Salt Lake City,UT,"According to the U.S. Bureau of Labor Statistics, the Salt Lake City, UT Metropolitan Statistical Area employed 3,070 Plumbers, Pipefitters, and Steamfitters (SOC 47-2152) as of May 2024, representing a density of approximately 3.76 plumbers per 1,000 total jobs in the metro area.","U.S. Bureau of Labor Statistics, May 2024 Occupational Employment and Wage Statistics (OEWS), https://www.bls.gov/oes/current/oes_41660.htm",,,"Residential building permitting in the Salt Lake City metro area experienced a downturn during 2022-2024 due to high interest rates and construction costs, falling 7% in 2023 in Salt Lake City (and over 20% statewide), before showing signs of recovery and increased multi-family permitting activity in 2025.","Kem C. Gardner Policy Institute, Ivory-Boyer Construction Database & Utah Housing Reports (2023-2025), https://gardner.utah.edu/housing-and-real-estate/ivory-boyer-construction-database"
plumbing,San Antonio,TX,"As of May 2023, the U.S. Bureau of Labor Statistics reported 2,900 employed plumbers, pipefitters, and steamfitters (SOC 47-2152) in the San Antonio-New Braunfels, TX Metropolitan Statistical Area, representing a location quotient of 0.93 relative to the national average.","U.S. Bureau of Labor Statistics, OEWS (2023), https://www.bls.gov/oes/current/oes_41700.htm",,,"Residential building permit activity in the San Antonio-New Braunfels metro peaked in 2021-2022 at over 24,000 authorized units, followed by a decline to approximately 15,000 units in 2024 as apartment developers scaled back production to absorb excess rental inventory.","U.S. Department of Housing and Urban Development (HUD), San Antonio-New Braunfels TX Comprehensive Housing Market Analysis (2024), https://www.huduser.gov/portal/ushmc/chma_archive.html"
plumbing,San Diego,CA,"According to the U.S. Bureau of Labor Statistics May 2024 OEWS data, the San Diego-Chula Vista-Carlsbad, CA MSA employed approximately 3,526 plumbers, pipefitters, and steamfitters (SOC 47-2152). Additionally, the 2021 U.S. Census Bureau County Business Patterns database reported 1,001 plumbing, heating, and air-conditioning contractor establishments (NAICS 238220) in San Diego County.","U.S. Bureau of Labor Statistics, May 2024 Occupational Employment and Wage Statistics, https://www.bls.gov/oes/ and U.S. Census Bureau, 2021 County Business Patterns, https://www.census.gov/programs-surveys/cbp.html",,,"New residential housing authorizations in the San Diego-Chula Vista-Carlsbad MSA averaged 5,825 units permitted annually between 2020 and 2022. Total residential permitting and housing starts subsequently moderated through 2023 and 2024 due to elevated interest rates and higher material costs, with HUD reporting approximately 9,300 total rental units and 2,925 sales units under construction as of mid-2024.","U.S. Department of Housing and Urban Development (HUD), Office of Policy Development and Research, Comprehensive Housing Market Analysis for San Diego-Chula Vista-Carlsbad, California (2024), https://www.huduser.gov/portal/ushmc/chma_archive.html"
plumbing,San Francisco,CA,"According to the U.S. Bureau of Labor Statistics, there were 5,430 Plumbers, Pipefitters, and Steamfitters (SOC 47-2152) employed in the San Francisco-Oakland-Hayward, CA metropolitan area, representing a density of 2.24 per 1,000 jobs.","U.S. Bureau of Labor Statistics, Occupational Employment and Wage Statistics (OEWS), 2023, https://www.bls.gov/oes/current/oes41860.htm",,,"Residential building permit volume in the San Francisco-Oakland-Berkeley metro area has trended downward in recent years. Total authorized new private housing units declined 18.8% year-over-year in 2022 to 11,048 units (with total authorized valuation dropping 20.8% to $3.0 billion), and remained subdued through 2023 with 7,284 total units permitted through November 2023.","U.S. Census Bureau, Building Permits Survey, 2023, https://fred.stlouisfed.org/series/SANF806BPPRIV"
plumbing,San Jose,CA,"In the San Jose-Sunnyvale-Santa Clara, CA metropolitan statistical area, there were 2,370 Plumbers, Pipefitters, and Steamfitters employed as of May 2023, representing a location quotient of 0.72 and a density of 2.08 plumbing jobs per 1,000 total jobs in the metro area.","U.S. Bureau of Labor Statistics, Occupational Employment and Wage Statistics (OEWS), May 2023, https://www.bls.gov/oes/current/oes472152.htm",,,"Residential building permit activity in the San Jose-Sunnyvale-Santa Clara metro area declined 68% between July 2020 and July 2025, falling from 1,949 permitted housing units down to 623 units, driven primarily by a 74% drop in multifamily authorizations (from 1,697 units to 449 units).","U.S. Census Bureau, Building Permits Survey, 2025, https://www.census.gov/construction/bps"
plumbing,Seattle,WA,"According to the U.S. Bureau of Labor Statistics, there were 5,860 Plumbers, Pipefitters, and Steamfitters (SOC 47-2152) employed in the Seattle-Tacoma-Bellevue, WA MSA as of May 2023, representing approximately 2.82 plumbing trade jobs per 1,000 total jobs in the metropolitan area.","U.S. Bureau of Labor Statistics, Occupational Employment and Wage Statistics (OEWS), 2023, https://www.bls.gov/oes/current/oes_42660.htm",,,"According to U.S. Census Bureau Building Permits Survey data, residential construction permitting in the Seattle-Tacoma-Bellevue, WA MSA contracted in 2024, led by a 36.1% year-over-year decline in multifamily housing unit permits (down to 9,880 units) alongside a 0.8% decline in single-family permits (down to 1,957 units).","U.S. Census Bureau, Building Permits Survey (reported by Realtor.com Research), 2025, https://www.realtor.com/research/february-2025-rent"
plumbing,St. Louis,MO,"According to the U.S. Bureau of Labor Statistics, there were 3,810 plumbers, pipefitters, and steamfitters (SOC 47-2152) employed in the St. Louis, MO-IL metropolitan statistical area, representing a location quotient of 1.00 relative to national employment levels.","U.S. Bureau of Labor Statistics, 2024, https://www.bls.gov/oes/current/oes_41180.htm",1714,"RenoVetted, 2026","Residential construction permitting in the St. Louis MSA has trended downward recently. Preliminary 2025 data shows 4,175 single-family units authorized by permit (down 10% from 4,650 units in 2024) and 1,650 multifamily units authorized (down 19% from 2,050 units in 2024), both remaining below 2015-2020 annual averages.","U.S. Department of Housing and Urban Development (HUD User) / U.S. Census Bureau Building Permits Survey, 2026, https://www.huduser.gov/portal/ushmc/chma_archive.html"
plumbing,Tampa,FL,"According to the May 2023 Occupational Employment and Wage Statistics (OEWS) data, the Tampa-St. Petersburg-Clearwater MSA employed 3,990 Plumbers, Pipefitters, and Steamfitters (SOC 47-2152), representing a density of 2.821 plumbers per 1,000 jobs in the metropolitan workforce, in addition to 860 Helpers--Pipelayers, Plumbers, Pipefitters, and Steamfitters (SOC 47-3015).","U.S. Bureau of Labor Statistics (BLS) Occupational Employment and Wage Statistics (OEWS), 2023, https://www.bls.gov/oes/current/oes_45300.htm",,,"After reaching a 15-year peak of over 19,300 single-family housing units authorized (and nearly 30,000 total units) in 2021-2022, residential permit activity in the Tampa MSA moderated through 2023-2024 as higher mortgage interest rates cooled home sales, before stabilizing with renewed growth in 2025 driven largely by multifamily construction (adding 319 monthly units year-over-year in July 2025).","U.S. Department of Housing and Urban Development (HUD) Office of Policy Development and Research / U.S. Census Bureau Building Permits Survey, 2024, https://www.huduser.gov/portal/ushmc/chma_archive.html"
plumbing,Virginia Beach,VA,"According to the U.S. Bureau of Labor Statistics May 2023 Occupational Employment and Wage Statistics (OEWS), the Virginia Beach-Norfolk-Newport News, VA-NC metropolitan statistical area employed 3,460 Plumbers, Pipefitters, and Steamfitters (SOC 47-2152), representing a location quotient of 1.63 and a concentration of 4.690 per 1,000 jobs.","U.S. Bureau of Labor Statistics (BLS), 2023, https://www.bls.gov/oes/current/oes_47260.htm",,,"According to HUD and U.S. Census Bureau Building Permits Survey data, residential permit activity in the Virginia Beach-Norfolk-Newport News MSA has maintained a steady trend of approximately 3,000 to 4,000 authorized housing units annually, driven by steady single-family construction and active multi-family developments.","U.S. Department of Housing and Urban Development (HUD), 2024, https://www.huduser.gov/portal/ushmc/chma_archive.html"
plumbing,Washington DC,DC,"In the Washington-Arlington-Alexandria, DC-VA-MD-WV metropolitan statistical area, there were approximately 7,900 Plumbers, Pipefitters, and Steamfitters (SOC 47-2152) employed, representing a density of 2.55 plumbers per 1,000 jobs in the metro area and a location quotient of 0.89.","U.S. Bureau of Labor Statistics (BLS), Occupational Employment and Wage Statistics (OEWS), May 2023, https://www.bls.gov/oes/current/oes472152.htm",,,"New private housing units authorized by building permits in the Washington-Arlington-Alexandria metro area reached 21,173 units in 2023, while total residential housing units in planning across the metro area expanded 10% to nearly 126,200 units in Q1 2024.","U.S. Department of Housing and Urban Development (HUD), Mid-Atlantic Regional Housing Market Report / U.S. Census Bureau Building Permits Survey, 2024, https://www.huduser.gov"
electrical,Atlanta,GA,"According to the U.S. Bureau of Labor Statistics May 2023 OEWS, the Atlanta-Sandy Springs-Roswell, GA MSA employed 12,160 electricians (SOC 47-2111), representing a density of 4.32 electricians per 1,000 total jobs in the metropolitan area and a location quotient of 0.92.","U.S. Bureau of Labor Statistics, May 2023 Occupational Employment and Wage Statistics (OEWS), 2024, https://www.bls.gov/oes/current/oes_12060.htm",,,"Metro Atlanta experienced strong residential construction activity in 2023 with 38,639 total units permitted (including 24,136 single-family permits). Through mid-2025, the Atlanta-Sandy Springs-Roswell MSA ranked 4th nationally with 11,833 YTD single-family permits, though elevated interest rates led to a 42.0% year-over-year decrease in single-family permitting in early 2026.","U.S. Census Bureau, Building Permits Survey (via NAHB Eye On Housing, 2026), https://eyeonhousing.org/2026/04/single-family-permits-decline-sharply-to-start-2026"
electrical,Austin,TX,"According to the U.S. Bureau of Labor Statistics (BLS), there were 5,490 electricians (SOC 47-2111) employed in the Austin-Round Rock, TX metropolitan area.","U.S. Bureau of Labor Statistics, May 2023 Occupational Employment and Wage Statistics (OEWS), https://www.bls.gov/oes/current/oes_12420.htm",12017,"Angi, 2026 Electrical Service Cost Insights for Austin TX, https://www.angi.com","Total housing units authorized by building permits in the Austin metro area reached 26,964 units in 2025, a 16.5% decline from 32,294 units approved in 2024. Single-family construction accounted for 55.5% of total permitted units.","U.S. Census Bureau Building Permits Survey / Opportunity Austin, 2026, https://www.opportunityaustin.com"
electrical,Baltimore,MD,"According to the U.S. Bureau of Labor Statistics OEWS dataset, the Baltimore-Columbia-Towson, MD metropolitan statistical area employed approximately 6,750 electricians (SOC 47-2111) as of May 2023, representing a density of approximately 5.18 electricians per 1,000 total jobs in the metro area.","U.S. Bureau of Labor Statistics (BLS), 2024, https://www.bls.gov/oes/current/oes_12580.htm",,,"New private housing structures authorized by building permits in the Baltimore-Columbia-Towson, MD MSA experienced a moderating trend through 2023-2025, averaging between 300 and 500 units per month as elevated mortgage rates and supply constraints slowed residential construction activity.","U.S. Census Bureau & Federal Reserve Bank of St. Louis (FRED), 2026, https://fred.stlouisfed.org/series/BALT524BPPRIVSA"
electrical,Birmingham,AL,"According to the U.S. Bureau of Labor Statistics, the Birmingham-Hoover, AL MSA employed 2,490 electricians (SOC 47-2121) representing 4.899 per 1,000 jobs (Location Quotient: 1.04), alongside 1,730 electrician helpers (SOC 47-3013) at 3.40 per 1,000 jobs.","U.S. Bureau of Labor Statistics, 2023, https://www.bls.gov/oes/current/oes_13820.htm",,,"Residential building permit issuance in the Birmingham-Hoover MSA expanded 59.7% year-over-year to 4,384 authorized housing units over the trailing 12 months (3.71 permits per 1,000 residents), with construction concentrated primarily in Jefferson and Shelby counties.","U.S. Census Bureau Building Permits Survey, 2024"
electrical,Boston,MA,"According to the U.S. Bureau of Labor Statistics May 2023 OEWS data, there were 15,010 employed electricians (SOC 47-2111) in the Boston-Cambridge-Nashua, MA-NH metropolitan area, representing a location quotient of 1.16 relative to the national average.","U.S. Bureau of Labor Statistics (BLS), May 2023 Occupational Employment and Wage Statistics, https://www.bls.gov/oes/current/oes_71650.htm",,,"In Greater Boston, annual residential housing units authorized by building permits peaked at 15,019 units in 2021 before declining sharply to under 9,000 units in 2024, with year-to-date 2025 permitting levels down 44 percent compared to 2021 peak levels.","U.S. Census Bureau Building Permits Survey / Boston Indicators, 2025"
electrical,Buffalo,NY,"As of May 2023, the Buffalo-Cheektowaga-Niagara Falls, NY MSA employed 2,310 electricians (SOC 47-2111), corresponding to a location quotient of 0.94 and an annual mean wage of $77,400.","U.S. Bureau of Labor Statistics, 2023, https://www.bls.gov/oes/current/oes_15380.htm",,,"Residential building permit activity in the Buffalo-Cheektowaga-Niagara Falls MSA shifted from 3,197 total units in 2022 down to 2,101 units in 2023, and reached 2,659 units for the 12 months ending July 2024, reflecting a modest rebound off historically low construction levels.","U.S. Department of Housing and Urban Development, 2024, https://www.huduser.gov/portal/ushmc/chma_archive.html"
electrical,Charlotte,NC,"According to the U.S. Bureau of Labor Statistics Occupational Employment and Wage Statistics (OEWS), the Charlotte-Concord-Gastonia, NC-SC metropolitan statistical area had 6,420 employed electricians (SOC 47-2111) as of May 2024, representing an employment density of approximately 4.88 electricians per 1,000 total jobs.","U.S. Bureau of Labor Statistics, 2024, https://www.bls.gov/oes/current/oes472111.htm",,,"According to HUD Housing Market Profiles citing Census Building Permits Survey data, single-family sales units permitted in the Charlotte MSA totaled 19,150 in 2023 (down less than 1% from 19,250 in 2022), while multifamily rental units permitted fell 36% to 12,950 units as builders responded to rising interest rates and absorption of new supply.","U.S. Department of Housing and Urban Development (HUD User) / U.S. Census Bureau Building Permits Survey, 2024"
electrical,Chicago,IL,"According to U.S. Bureau of Labor Statistics data for the Chicago-Naperville-Elgin, IL-IN-WI metropolitan statistical area, there were 15,860 employed electricians (SOC 47-2111) as of May 2023, corresponding to a location quotient of 0.75 relative to the national average.","U.S. Bureau of Labor Statistics, Occupational Employment and Wage Statistics (OEWS), 2023, https://www.bls.gov/oes/current/oes472111.htm",,,"U.S. Census Bureau Building Permits Survey data shows the Chicago-Naperville-Elgin metropolitan area authorized 14,821 housing units in 2023 (~162 units per 100,000 residents), reflecting a sluggish residential permitting pace compared to historical levels and other major U.S. metropolitan markets.","U.S. Census Bureau, Building Permits Survey (retrieved via FRED, Federal Reserve Bank of St. Louis), 2024, https://fred.stlouisfed.org/series/CHIC917BPPRIV"
electrical,Cincinnati,OH,"According to the U.S. Bureau of Labor Statistics May 2023 OEWS estimates, the Cincinnati, OH-KY-IN metropolitan statistical area employed 5,430 electricians (SOC 47-2111).","U.S. Bureau of Labor Statistics, 2023, https://www.bls.gov/oes/2023/may/oes_17140.htm",,,"Single-family building permits in the Cincinnati MSA increased to 4,250 units for the 12 months ending August 2025, up from 3,925 in the prior 12-month period. Multifamily permitting slightly declined to 2,525 units from 2,650 over the same timeframe.","U.S. Department of Housing and Urban Development (HUD) / U.S. Census Bureau Building Permits Survey, 2026"
electrical,Cleveland,OH,"As of May 2023, the Cleveland-Elyria, OH metropolitan area employed 3,810 electricians (SOC 47-2121), representing an employment concentration location quotient of 0.81 relative to the national average.","U.S. Bureau of Labor Statistics, 2023, https://www.bls.gov/oes/current/oes_17420.htm",,,"Building permit activity in the Cleveland-Elyria metro reached 4,175 total housing units permitted over a trailing 12-month period, reflecting a 28.6% year-over-year increase, driven by strong growth in Cuyahoga County (1,601 permits, up 43.2% year-over-year).","U.S. Census Bureau Building Permits Survey, 2024, https://www.census.gov/construction/bps"
electrical,Columbus,OH,"According to the Bureau of Labor Statistics Occupational Employment and Wage Statistics (OEWS), the Columbus, OH Metropolitan Statistical Area employed 5,390 electricians (SOC 47-2111) as of May 2024, representing an employment density of approximately 4.9 electricians per 1,000 total jobs in the metro area.","U.S. Bureau of Labor Statistics, May 2024 OEWS Estimates for Columbus, OH MSA, 2025, https://www.bls.gov/oes/current/oes18140.htm",,,"According to the U.S. Census Bureau Building Permits Survey, building permit activity in the Columbus, OH MSA reached 13,709 authorized units over a trailing 12-month period, marking a 63.7% year-over-year increase driven heavily by multi-family residential construction.","U.S. Census Bureau, Building Permits Survey, 2025, https://www.census.gov/construction/bps"
electrical,Dallas-Fort Worth,TX,"According to the BLS Occupational Employment and Wage Statistics (OEWS), there were 18,730 employed electricians (SOC 47-2111) in the Dallas-Fort Worth-Arlington, TX metropolitan statistical area as of May 2023, representing an employment density of 4.72 electricians per 1,000 jobs in the metro area.","U.S. Bureau of Labor Statistics (BLS) Occupational Employment and Wage Statistics, 2023, https://www.bls.gov/oes/current/oes_19100.htm",,,"New residential building permit volume in the Dallas-Fort Worth-Arlington MSA maintained a high monthly pace between 3,000 and 6,000 authorized housing units per month through 2023 and 2024, maintaining DFW's position as one of the largest building permit markets in the United States.","U.S. Census Bureau via Federal Reserve Bank of St. Louis (FRED), 2024, https://fred.stlouisfed.org/series/DALL148BPPRIV"
electrical,Denver,CO,"According to the Bureau of Labor Statistics, the Denver-Aurora-Lakewood, CO metropolitan statistical area employed 9,670 electricians (SOC 47-2111) in May 2023, with a location quotient of 1.30, indicating an electrician workforce concentration 30% higher than the national average.","U.S. Bureau of Labor Statistics, May 2023 OEWS (2024), https://www.bls.gov/oes/2023/may/oes_19740.htm",,,"New residential building permits in the Denver-Aurora-Lakewood metro area experienced a downward trend, dropping 21.8% in 2022 to 23,472 authorized units. In the 12 months ending August 2023, single-family sales permits in the Denver submarket dropped 34% year-over-year to 1,175 units, while permitted rental units declined 23% to 7,550 units.","U.S. Department of Housing and Urban Development, Denver-Aurora-Lakewood, Colorado Comprehensive Housing Market Analysis (2023), https://www.huduser.gov/portal/ushmc/chma_archive.html"
electrical,Detroit,MI,"According to the U.S. Bureau of Labor Statistics, the Detroit-Warren-Dearborn, MI metropolitan statistical area employed 11,540 electricians (SOC 47-2111) as of May 2023, representing a concentration of 6.08 electricians per 1,000 jobs and a location quotient of 1.29 relative to the national average.","U.S. Bureau of Labor Statistics, Occupational Employment and Wage Statistics (OEWS), 2024, https://www.bls.gov/oes/current/oes_19820.htm",,,"New private housing structures authorized by building permits in the Detroit-Warren-Dearborn, MI MSA reached 728 units in May 2026, with a trailing 12-month total of 8,825 permitted units, reflecting a modest year-over-year decrease of 2.3%.","U.S. Census Bureau, Building Permits Survey (retrieved via FRED, Federal Reserve Bank of St. Louis), 2026, https://fred.stlouisfed.org/series/DETR826BPPRIV"
electrical,Hartford,CT,"According to the U.S. Bureau of Labor Statistics May 2023 Occupational Employment and Wage Statistics (OEWS), the Hartford-West Hartford-East Hartford, CT Metropolitan Statistical Area employed 2,470 electricians (SOC 47-2111), representing an employment location quotient of 0.93 relative to the national average, with a mean hourly wage of $34.07 and an annual mean wage of $68,220.","U.S. Bureau of Labor Statistics, 2024, https://www.bls.gov/oes/2023/may/oes_25540.htm",,,"According to the U.S. Census Bureau Building Permits Survey, the Hartford-West Hartford-East Hartford, CT metropolitan area authorized 120 residential housing units in May 2026 and 1,270 units over the trailing 12 months (a 79.1% increase compared to May 2025), with multifamily structures (5+ units) representing 59.2% of total permitted units.","U.S. Census Bureau Building Permits Survey, 2026, https://www.census.gov/construction/bps"
electrical,Houston,TX,"According to the U.S. Bureau of Labor Statistics, the Houston-The Woodlands-Sugar Land, TX MSA employed 19,600 electricians (SOC 47-2111) in May 2023, representing a density of 6.16 electricians per 1,000 jobs (location quotient of 1.31) and ranking second nationwide among all U.S. metropolitan areas for electrician employment.","U.S. Bureau of Labor Statistics, May 2023 Occupational Employment and Wage Statistics (OEWS), 2024, https://www.bls.gov/oes/current/oes472111.htm",,,"The Houston-The Woodlands-Sugar Land, TX metro area authorized 68,755 residential housing units under building permits in 2023 (including 50,444 single-family homes), leading all U.S. metropolitan areas in residential permit activity despite a 9.3% decrease from the 2022 record of 75,786 permitted units. Over the five-year period from 2019 through 2023, the metro authorized 343,779 housing units.","U.S. Census Bureau Building Permits Survey, reported by Rice University Kinder Institute for Urban Research, 2024"
electrical,Indianapolis,IN,"According to May 2023 BLS OEWS estimates, there were 4,980 employed electricians (SOC 47-2111) in the Indianapolis-Carmel-Anderson, IN MSA, representing an employment density of approximately 4.59 electricians per 1,000 jobs with an annual mean wage of $68,200.","U.S. Bureau of Labor Statistics Occupational Employment and Wage Statistics, 2024, https://www.bls.gov/oes/current/oes_26900.htm",,,"Single-family building permitting in the Indianapolis-Carmel-Anderson metro increased in 2024 compared to 2022 and 2023, while multifamily permitting slowed relative to its 2022-2023 average of 2,475 units per year. Overall residential activity shifted heavily toward suburban ring counties such as Hamilton and Hendricks.","U.S. Department of Housing and Urban Development (HUD User) Comprehensive Housing Market Analysis / U.S. Census Bureau Building Permits Survey, 2025"
electrical,Jacksonville,FL,"According to the U.S. Bureau of Labor Statistics, the Jacksonville, FL metropolitan statistical area employed approximately 3,700 Electricians (SOC 47-2111) as of May 2023, representing an employment concentration (location quotient) of 1.06 compared to the national baseline.","U.S. Bureau of Labor Statistics, May 2023 Metropolitan and Nonmetropolitan Area Occupational Employment and Wage Estimates - Jacksonville, FL, 2024, https://www.bls.gov/oes/current/oes_27260.htm",,,"According to the U.S. Census Bureau Building Permits Survey, new privately-owned housing units authorized by building permits in the Jacksonville, FL Core-Based Statistical Area (CBSA) totaled 15,002 units in 2024, representing a slight 2.7% decrease from the 15,411 units authorized in 2023.","U.S. Census Bureau, 2024 Annual Building Permits Survey, 2025, https://www.census.gov/construction/bps"
electrical,Kansas City,MO,"According to the Bureau of Labor Statistics Occupational Employment and Wage Statistics (OEWS), the Kansas City, MO-KS metropolitan area employed 5,090 electricians (SOC 47-2111) with an annual mean wage of $69,020 and a location quotient of 1.01 relative to national density.","U.S. Bureau of Labor Statistics (BLS), May 2023 OEWS Metropolitan and Nonmetropolitan Area Occupational Employment and Wage Estimates - Kansas City, MO-KS (2024), https://www.bls.gov/oes/current/oes_28140.htm",,,"In the Kansas City regional metro area, single-family residential building permit volume reached 4,388 units in 2025, representing a slight 3% decrease from 4,509 units in 2024. However, permit issuance rebounded strongly in early 2026, with 2,358 single-family units permitted through May 2026, a 32% increase compared to the first five months of 2025.","Home Builders Association of Greater Kansas City (KCHBA), Residential Statistics Reports (2026), https://kchba.org"
electrical,Las Vegas,NV,"According to the Bureau of Labor Statistics Occupational Employment and Wage Statistics (OEWS), the Las Vegas-Henderson-Paradise, NV metropolitan statistical area had 6,070 employed electricians (SOC 47-2111) in May 2023, with an annual mean wage of $69,290 ($33.31 hourly mean).","U.S. Bureau of Labor Statistics (BLS), Occupational Employment and Wage Statistics (OEWS) Survey, May 2023 Metropolitan and Nonmetropolitan Area Occupational Employment and Wage Estimates - Las Vegas-Henderson-Paradise, NV, 2024, https://www.bls.gov/oes/current/oes_29820.htm",,,"New private housing units authorized by building permits in the Las Vegas-Henderson-Paradise MSA grew from 13,066 units in 2022 to 13,073 in 2023, 14,754 in 2024, and 14,466 in 2025, reflecting an overall upward trend in metro building permitting volume following a brief dip in 2022.","U.S. Census Bureau, New Private Housing Structures Authorized by Building Permits for Clark County / Las Vegas-Henderson-Paradise MSA [BPPRIV032003], retrieved from FRED, Federal Reserve Bank of St. Louis, 2026, https://fred.stlouisfed.org/series/BPPRIV032003"
electrical,Los Angeles,CA,"According to the Bureau of Labor Statistics OEWS, there were 19,520 employed Electricians (SOC 47-2111) in the Los Angeles-Long Beach-Anaheim, CA metropolitan statistical area, representing approximately 3.155 electricians per 1,000 jobs in the metro area with a mean annual wage of $83,090.","U.S. Bureau of Labor Statistics, Occupational Employment and Wage Statistics (2023), https://www.bls.gov/oes/current/oes_31080.htm",,,"Building permit activity for new private housing structures in the Los Angeles-Long Beach-Anaheim MSA trended downward from 31,295 units in 2022 to 28,735 units in 2023 and 27,242 units in 2024 (an overall decline of ~13% over two years) before stabilizing at 27,513 units in 2025.","U.S. Census Bureau, Building Permits Survey via FRED, Federal Reserve Bank of St. Louis (2026), https://fred.stlouisfed.org/series/LOSA106BPPRIVSA"
electrical,Louisville,KY,"According to the U.S. Bureau of Labor Statistics May 2023 Occupational Employment and Wage Statistics (OEWS), there were 3,610 employed electricians (SOC 47-2111) in the Louisville/Jefferson County, KY-IN Metropolitan Statistical Area, representing a location quotient of 1.16 (approximately 5.42 electricians per 1,000 total jobs).","U.S. Bureau of Labor Statistics, May 2023 Metropolitan and Nonmetropolitan Area Occupational Employment and Wage Estimates, 2024, https://www.bls.gov/oes/current/oes_31140.htm",,,"New residential construction permitting in Louisville Metro has trended downward in recent years, averaging 1,488 new construction permits annually between 2019 and 2023 compared to 3,613 permits annually between 2014 and 2018, with 1,239 new construction permits issued in 2023.","Louisville Metro Government, 2024 State of Metropolitan Housing Report, 2024, https://louisvilleky.gov"
electrical,Memphis,TN,"According to the U.S. Bureau of Labor Statistics May 2023 OEWS report, the Memphis, TN-MS-AR Metropolitan Statistical Area employs approximately 2,800 Electricians (SOC 47-2111), with an average hourly wage of $27.26 and an annual mean wage of $56,700.","U.S. Bureau of Labor Statistics, 2023, https://www.bls.gov/oes/current/oes_32820.htm",,,"Residential building permit and overall housing construction activity in the Memphis, TN-MS-AR metro area moderated following post-2021 peak levels. HUD market data as of mid-2024 indicates a 14% year-over-year decline in home sales, creating a softer residential permitting environment.","U.S. Department of Housing and Urban Development, 2024, https://www.huduser.gov/portal/ushmc/chma_archive.html"
electrical,Miami,FL,"According to the U.S. Bureau of Labor Statistics May 2023 Occupational Employment and Wage Statistics (OEWS), the Miami-Fort Lauderdale-West Palm Beach, FL metropolitan statistical area employed 12,400 electricians (SOC 47-2111), representing a density of 4.55 electricians per 1,000 total jobs in the metropolitan area.","U.S. Bureau of Labor Statistics, May 2023 Occupational Employment and Wage Statistics, 2024, https://www.bls.gov/oes/current/oes472111.htm",,,"According to U.S. Census Bureau Building Permits Survey data, housing units authorized by building permits in the Miami-Fort Lauderdale-Pompano Beach, FL MSA track ongoing regional residential development across single-family and multi-family construction projects.","U.S. Census Bureau, New Private Housing Units Authorized by Building Permits for Miami-Fort Lauderdale-Pompano Beach, FL (MSA) [MIAM112BPPRIVSA], retrieved from FRED, Federal Reserve Bank of St. Louis, 2026, https://fred.stlouisfed.org/series/MIAM112BPPRIVSA"
electrical,Milwaukee,WI,"In the Milwaukee-Waukesha-West Allis, WI metropolitan statistical area, there were 3,250 employed electricians (SOC 47-2111) as of May 2023, representing a concentration of 3.982 electricians per 1,000 jobs (location quotient of 0.85) and a median hourly wage of $39.01 ($78,170 annual mean wage).","U.S. Bureau of Labor Statistics, May 2023 OEWS Metropolitan and Nonmetropolitan Area Occupational Employment and Wage Estimates for Milwaukee-Waukesha-West Allis, WI, 2024, https://www.bls.gov/oes/current/oes_33340.htm",,,"Residential construction permit activity in the Milwaukee-Waukesha-West Allis metro area has been balanced, with unit growth heavily driven by multi-family developments (e.g., 1,183 multi-family units authorized across 19 new apartment developments in the City of Milwaukee in 2023) alongside steady single-family construction across the broader metropolitan area.","U.S. Department of Housing and Urban Development (HUD USER) / U.S. Census Bureau Building Permits Survey, SOCDS Building Permits Database, 2024, https://www.huduser.gov/portal/datasets/socds.html"
electrical,Minneapolis-St. Paul,MN,"According to the U.S. Bureau of Labor Statistics OEWS, there were 8,110 employed electricians (SOC 47-2111) in the Minneapolis-St. Paul-Bloomington, MN-WI metropolitan statistical area as of May 2024.","U.S. Bureau of Labor Statistics, May 2024 OEWS, https://www.bls.gov/oes/current/oes_33460.htm",,,"For the 12 months ending October 2025, single-family building permits in the Minneapolis-St. Paul-Bloomington metro increased 14% year-over-year to 10,500 units (up from 9,200), while multifamily permits rose 22% to 6,550 units (up from 5,350), though multifamily construction remained well below its 2019-2023 annual average of 12,850 units.","U.S. Department of Housing and Urban Development (HUD User), Housing Market Conditions: Minneapolis-St. Paul-Bloomington, MN-WI, 2025"
electrical,Nashville,TN,"In the Nashville-Davidson--Murfreesboro--Franklin, TN MSA, there were 6,110 employed electricians (SOC 47-2111), representing a location quotient of 1.21 and a density of 5.68 electricians per 1,000 total jobs in the metropolitan area.","U.S. Bureau of Labor Statistics (BLS), Occupational Employment and Wage Statistics (OEWS), 2023, https://www.bls.gov/oes/current/oes_34980.htm",,,"The Nashville-Davidson--Murfreesboro--Franklin, TN MSA authorized 17,930 total new private housing units in building permits over the trailing 12-month period, reflecting a 19.0% year-over-year increase and a permitting rate of 8.77 permits per 1,000 residents.","U.S. Census Bureau, Building Permits Survey (retrieved via FRED, Federal Reserve Bank of St. Louis), 2026, https://fred.stlouisfed.org/series/NASH947BPPRIVSA"
electrical,New Orleans,LA,"According to the BLS OEWS, the New Orleans-Metairie, LA MSA had 2,650 employed electricians (SOC 47-2111) as of May 2023, representing a density of 5.153 electricians per 1,000 total jobs in the metropolitan area and a location quotient of 1.10.","U.S. Bureau of Labor Statistics (BLS) OEWS, 2023, https://www.bls.gov/oes/current/oes_35380.htm",,,"New private residential housing permits in the New Orleans-Metairie, LA MSA have exhibited a moderating trend in recent years, consistent with regional pullbacks in single-family residential construction permitting influenced by elevated interest rates and elevated local property insurance costs.","U.S. Census Bureau Building Permits Survey via FRED, Federal Reserve Bank of St. Louis, 2026, https://fred.stlouisfed.org/series/NEWO322BPPRIV"
electrical,New York,NY,"In the New York-Newark-Jersey City, NY-NJ-PA metropolitan statistical area, the U.S. Bureau of Labor Statistics reported 39,310 employed electricians (SOC 47-2111), representing a trade density of 4.14 electricians per 1,000 jobs and a location quotient of 0.88.","U.S. Bureau of Labor Statistics, Occupational Employment and Wage Statistics (OEWS), 2024, https://www.bls.gov/oes/current/oes472111.htm",,,"In the New York-Newark-Jersey City MSA, residential permitting authorized over 54,000 to 58,000 units annually in recent years, driven primarily by multifamily construction (over 80% of total permits), with single-family permits increasing by 11% in 2025 despite temporary pullbacks in high-density multifamily filings.","U.S. Census Bureau, Building Permits Survey, 2025, https://www.census.gov/construction/bps"
electrical,Oklahoma City,OK,"According to U.S. Census Bureau County Business Patterns (CBP) data, there were 402 electrical contracting establishments (NAICS 238210: Electrical Contractors and Other Wiring Installation Contractors) operating in the Oklahoma City metropolitan area. Additionally, U.S. Bureau of Labor Statistics (BLS) Occupational Employment and Wage Statistics (OEWS) data reported 2,830 employed electricians in the Oklahoma City, OK MSA as of May 2023, with a mean hourly wage of $28.59 and mean annual earnings of $60,890.","U.S. Bureau of Labor Statistics (2024), May 2023 OEWS Metropolitan Estimates, https://www.bls.gov/oes/current/oes_36420.htm; and U.S. Census Bureau 2021 County Business Patterns via Oklahoma City Airport Trust (2023), https://www.flyokc.com",,,"Residential building permit and construction activity in the Oklahoma City metropolitan area remained active into 2024, with HUD reporting demand for 19,550 new homes over a 3-year forecast period and 4,250 single-family homes alongside 5,525 multifamily/rental units under construction during the 12 months ending May 2024. Long-term permit volume in Oklahoma County and the surrounding metro has outpaced the rest of the state, doubling over the preceding decade.","U.S. Department of Housing and Urban Development (HUD User), Comprehensive Housing Market Analysis: Oklahoma City, Oklahoma (2024), https://www.huduser.gov"
electrical,Orlando,FL,"As of May 2023, the Orlando-Kissimmee-Sanford, FL Metropolitan Statistical Area employed 6,460 electricians (SOC 47-2111), representing an employment concentration (location quotient) of 1.01 relative to the national average.","U.S. Bureau of Labor Statistics, 2024, https://www.bls.gov/oes/current/oes_36740.htm",,,New private residential housing structures authorized by building permits in the Orlando-Kissimmee-Sanford MSA experienced strong post-pandemic expansion before moderating into 2023 and 2024 amid higher mortgage interest rates.,"U.S. Census Bureau, retrieved from FRED, Federal Reserve Bank of St. Louis, 2024, https://fred.stlouisfed.org/series/ORLA712BPPRIV"
electrical,Philadelphia,PA,"According to BLS Occupational Employment and Wage Statistics, the Philadelphia-Camden-Wilmington, PA-NJ-DE-MD metropolitan statistical area employs 9,590 electricians (SOC 47-2111), representing a density of 3.39 electricians per 1,000 jobs and a location quotient of 0.72 relative to the national average.","U.S. Bureau of Labor Statistics, 2024, https://www.bls.gov/oes/current/oes_37980.htm",,,"According to U.S. Census Bureau Building Permits Survey data, residential unit authorizations in Philadelphia County dropped sharply following a 2021 peak of 25,257 units down to 3,223 units in 2022, 3,863 units in 2023, and 2,962 units in 2024, marking a multi-year downturn in new residential building activity across the metro core.","U.S. Census Bureau via Federal Reserve Bank of St. Louis (FRED), 2026, https://fred.stlouisfed.org/series/BPPRIV042101"
electrical,Phoenix,AZ,"According to the Bureau of Labor Statistics Occupational Employment and Wage Statistics (OEWS), the Phoenix-Mesa-Chandler, AZ metropolitan statistical area employed 16,740 electricians (SOC 47-2111) as of May 2024, with an average hourly wage of $29.58 ($61,530 annual mean wage).","U.S. Bureau of Labor Statistics, OEWS May 2024, https://www.bls.gov/oes/current/oes_38060.htm",,,"According to the U.S. Census Bureau Building Permits Survey, residential permit authorizations in the Phoenix-Mesa-Chandler, AZ MSA totaled 45,616 units in 2023 and 45,884 units in 2024 (with total authorized construction value reaching $11.12 billion), reflecting a stabilization in overall residential permitting following a peak in multi-family construction during 2022-2023.","U.S. Census Bureau, Building Permits Survey 2024, https://www.census.gov/construction/bps"
electrical,Pittsburgh,PA,"According to the BLS Occupational Employment and Wage Statistics, there were 3,990 employed Electricians (SOC 47-2111) in the Pittsburgh, PA Metropolitan Statistical Area as of May 2023, representing a density of approximately 3.72 electricians per 1,000 jobs in the metro area.","U.S. Bureau of Labor Statistics, Occupational Employment and Wage Statistics (OEWS), 2023, https://www.bls.gov/oes/current/oes_38300.htm",,,"Residential permitting in the Pittsburgh metro area experienced elevated levels in 2022 and 2023 (averaging 3,975 rental units permitted annually), followed by a pullback. During the 12 months ending April 2024, approximately 3,225 rental units were permitted, a 19% decline from the 3,975 units permitted during the prior 12-month period.","U.S. Department of Housing and Urban Development (HUD), Office of Policy Development and Research, Comprehensive Housing Market Analysis: Pittsburgh, Pennsylvania, 2024, https://www.huduser.gov/portal/ushmc/chma_archive.html"
electrical,Portland,OR,"According to the U.S. Bureau of Labor Statistics Occupational Employment and Wage Statistics, the Portland-Vancouver-Hillsboro, OR-WA MSA employed an estimated 6,770 electricians (SOC 47-2111) as of May 2023, representing a density of 5.61 electricians per 1,000 jobs in the metro area.","U.S. Bureau of Labor Statistics, 2024, https://www.bls.gov/oes/current/oes472111.htm",,,"According to HUD PD&R regional housing data, single-family residential building permitting in the Oregon portion of the Portland-Vancouver-Hillsboro metro area stabilized with a 5% year-over-year increase in Q1 2025 (1,669 units permitted compared to 1,660 in Q1 2024), following a broader regional slowdown in 2023 when total authorized residential units stood at 10,891.","U.S. Department of Housing and Urban Development PD&R, 2025"
electrical,Providence,RI,"According to May 2023 BLS data, the Providence-Warwick, RI-MA Metropolitan Statistical Area employed approximately 2,350 electricians (SOC 47-2111), with a location quotient of 1.03 relative to national occupational concentration.","U.S. Bureau of Labor Statistics, Occupational Employment and Wage Statistics (OEWS), May 2023, https://www.bls.gov/oes/current/oes_39300.htm",,,"Residential permitting activity in the Providence-Warwick, RI-MA MSA remains constrained relative to national rates, authorizing approximately 3.6 housing units per 1,000 existing homes in 2024, with multi-family structures accounting for 48.9% of newly authorized units.","U.S. Census Bureau, Building Permits Survey, 2024, https://www.census.gov/construction/bps"
electrical,Raleigh,NC,"According to the U.S. Bureau of Labor Statistics, the Raleigh-Cary, NC Metropolitan Statistical Area employed approximately 3,790 electricians (SOC Code 47-2111) as of May 2024.","U.S. Bureau of Labor Statistics Occupational Employment and Wage Statistics (OEWS), 2024, https://www.bls.gov/oes/current/oes_39580.htm",,,"Residential building permit activity in the Raleigh-Cary MSA has accelerated, reaching 18,206 residential units permitted over a trailing 12-month period as of early 2026 (a 15.5% year-over-year increase), placing the metro at 12.81 permits per 1,000 residents, one of the highest per-capita build pipelines in the country.","U.S. Census Bureau Building Permits Survey, 2026, https://www.census.gov/construction/bps"
electrical,Richmond,VA,"According to the Bureau of Labor Statistics, the Richmond, VA Metropolitan Statistical Area employed 3,430 electricians (SOC 47-2111) as of May 2023, representing a location quotient of 1.13 and an occupational density of 5.303 electricians per 1,000 jobs.","U.S. Bureau of Labor Statistics, Occupational Employment and Wage Statistics (OEWS), 2023, https://www.bls.gov/oes/current/oes_40060.htm",,,"Residential construction permitting in the Richmond metro area trended downward in 2023 and 2024 following nationwide building slowdowns, with projected housing unit authorizations moderating to roughly 58 units permitted per 10,000 residents in 2024.","U.S. Census Bureau, Building Permits Survey (analyzed by Axios Richmond), 2024, https://www.axios.com/local/richmond/2024/08/12/housing-permits-decline-richmond-virginia"
electrical,Riverside-San Bernardino,CA,"As of May 2023, the Riverside-San Bernardino-Ontario, CA metropolitan statistical area employed 8,130 electricians (SOC 47-2111), with an average hourly wage of $36.71 and an annual mean wage of $76,350.","U.S. Bureau of Labor Statistics, 2023 Occupational Employment and Wage Statistics (OEWS), https://www.bls.gov/oes/current/oes_40140.htm",,,"In 2022, the Riverside-San Bernardino-Ontario MSA authorized 16,320 new residential building permits, representing a 4.6% increase from 2021 and total authorized residential permit valuation of $3.9 billion.","U.S. Census Bureau, 2022 Building Permits Survey, https://www.census.gov/construction/bps"
electrical,Sacramento,CA,"According to the BLS May 2023 Occupational Employment and Wage Statistics, the Sacramento-Roseville-Arden-Arcade, CA MSA employed approximately 5,550 electricians (SOC 47-2111), representing a concentration of 5.29 electricians per 1,000 total jobs in the metropolitan area (location quotient of 1.13).","U.S. Bureau of Labor Statistics, 2023 Occupational Employment and Wage Statistics (OEWS), released April 2024, https://www.bls.gov/oes/current/oes_40900.htm",,,"According to the U.S. Census Bureau Building Permits Survey, new residential housing unit authorizations in the Sacramento-Roseville-Folsom, CA MSA reached 10,042 units over the 12-month trailing period ending May 2026, up 14% year-over-year for the month to 1,094 units. Multifamily unit authorizations held steady near 1,883 units annually.","U.S. Census Bureau, Building Permits Survey (retrieved via Federal Reserve Bank of St. Louis FRED, 2026), https://fred.stlouisfed.org/series/SACR906BP1FH"
electrical,Salt Lake City,UT,"According to May 2023 BLS OEWS data, the Salt Lake City, UT Metropolitan Statistical Area employed 5,520 electricians (SOC 47-2111) with a location quotient of 1.46, indicating a significantly higher concentration of electrical trade workers relative to the national average.","U.S. Bureau of Labor Statistics (BLS) Occupational Employment and Wage Statistics (OEWS), 2023, https://www.bls.gov/oes/current/oes_41620.htm",,,"After peaking at record high levels in 2021 (over 39,000 authorized units statewide), residential building permit volume in Utah and the Salt Lake City metro area declined roughly 35% through 2023 (down to 25,361 units statewide), continuing a moderated trend into 2024 driven by elevated interest rates and high construction costs.","U.S. Census Bureau Building Permits Survey & University of Utah Kem C. Gardner Policy Institute, 2024, https://gardner.utah.edu"
electrical,San Antonio,TX,"According to the Bureau of Labor Statistics May 2023 Occupational Employment and Wage Statistics (OEWS) survey, there were 5,670 electricians (SOC 47-2111) employed in the San Antonio-New Braunfels, TX metropolitan area, earning a mean hourly wage of $26.23 and an annual mean wage of $54,570.","U.S. Bureau of Labor Statistics, May 2023 OEWS Metropolitan Area Estimates, https://www.bls.gov/oes/current/oes_41700.htm",,,"Construction activity in the San Antonio metropolitan area remains high-volume, with 14,857 new residential units authorized in 2024 according to U.S. Census Bureau data, placing San Antonio 20th among major U.S. metropolitan areas and 4th in Texas for residential permit volume.","U.S. Census Bureau, Building Permits Survey 2024 (reported by CultureMap San Antonio, 2026)"
electrical,San Diego,CA,"According to U.S. Census Bureau County Business Patterns (CBP) data compiled by the San Diego Association of Governments (SANDAG), there were 835 active electrical contractor establishments (NAICS 238210) in San Diego County. Additionally, U.S. Bureau of Labor Statistics OEWS data reported approximately 7,600 employed electricians in the San Diego-Carlsbad metro area.","San Diego Association of Governments (SANDAG), 2024",,,"Residential building permit volume in the San Diego metro area has trended upward in recent years. Local permitting offices authorized 4,422 new housing units in 2022, which grew to 5,765 units in 2023 (+30.4%) and expanded further to 6,615 units in 2024 (+14.7%).","U.S. Census Bureau, Building Permits Survey (BPS), 2024, https://www.census.gov/construction/bps"
electrical,San Francisco,CA,"The San Francisco-Oakland-Hayward, CA Metropolitan Statistical Area employed 10,500 electricians in May 2023, representing a density of approximately 4.34 electricians per 1,000 jobs in the metro area (location quotient of 0.92).","U.S. Bureau of Labor Statistics, May 2023 Occupational Employment and Wage Statistics (OEWS), https://www.bls.gov/oes/current/oes472111.htm",,,"New residential building permits in San Francisco showed a sharp downward trend from 2021 through 2024, dropping from 2,519 authorized housing units in 2021 to 2,044 in 2022, 1,136 in 2023, and 770 in 2024.","U.S. Census Bureau via Federal Reserve Bank of St. Louis (FRED), 2024, https://fred.stlouisfed.org/series/BPPRIV006075"
electrical,San Jose,CA,"According to the U.S. Bureau of Labor Statistics, the San Jose-Sunnyvale-Santa Clara, CA MSA employed 5,110 electricians (SOC 47-2111) as of May 2023, representing a density of 4.47 electricians per 1,000 total jobs in the metropolitan area.","U.S. Bureau of Labor Statistics, 2023, https://www.bls.gov/oes/current/oes472111.htm",,,"Residential building permit volume in the San Jose-Sunnyvale-Santa Clara MSA saw a significant decline of 68% between July 2020 and July 2025 (dropping from 1,949 total permitted units to 623 units), driven by a 74% reduction in multi-family housing authorizations.","U.S. Census Bureau, Building Permits Survey, 2025, https://www.census.gov/construction/bps"
electrical,Seattle,WA,"As of May 2023, the Seattle-Tacoma-Bellevue, WA MSA employed approximately 9,710 electricians (SOC 47-2111), representing a density of 4.67 electricians per 1,000 jobs and a location quotient of 1.00 relative to the national average.","U.S. Bureau of Labor Statistics, May 2023 Occupational Employment and Wage Statistics (OEWS), https://www.bls.gov/oes/current/oes_42660.htm",,,"Residential building permit activity in the Seattle-Tacoma-Bellevue MSA experienced a downward trend following post-pandemic highs, declining 12.8% in 2022 to 26,820 authorized units and continuing to cool in 2023 with 17,920 housing units permitted.","U.S. Census Bureau, Building Permits Survey (2022-2023), https://www.census.gov/construction/bps"
electrical,St. Louis,MO,"As of May 2023, the U.S. Bureau of Labor Statistics Occupational Employment and Wage Statistics (OEWS) survey reported 6,110 employed Electricians (SOC 47-2111) in the St. Louis, MO-IL metropolitan statistical area, representing an employment density of approximately 4.61 electricians per 1,000 jobs.","U.S. Bureau of Labor Statistics, May 2023 Metropolitan and Nonmetropolitan Area Occupational Employment and Wage Estimates: St. Louis, MO-IL, 2024, https://www.bls.gov/oes/current/oes_42182.htm",,,"According to U.S. Census Bureau Building Permits Survey data, residential building permit issuance in the St. Louis, MO-IL metropolitan area trended downward from 5,834 total authorized housing units in 2024 to 5,417 total units in 2025 (including 3,530 single-family permits), reflecting a broader multi-year decline in regional residential construction authorizations.","U.S. Census Bureau Building Permits Survey, 2026, https://www.census.gov/construction/bps"
electrical,Tampa,FL,"According to the U.S. Bureau of Labor Statistics, the Tampa-St. Petersburg-Clearwater, FL MSA employed 7,630 electricians (SOC 47-2111) in May 2023, representing an employment concentration of 5.399 per 1,000 jobs and a location quotient of 1.15.","U.S. Bureau of Labor Statistics, Occupational Employment and Wage Statistics (OEWS), May 2023, https://www.bls.gov/oes/current/oes_45300.htm",,,"Single-family building permits in the Tampa MSA peaked in 2021 at 19,305 units before adjusting downward in 2022 to 15,678 units. Across the broader 8-county Tampa Bay region, total residential permitted units reached 55,085 in 2023, representing a 27% increase compared to 2019 levels.","Plan Hillsborough / HUD SOCDS Building Permits Database, 2024, https://planhillsborough.org"
electrical,Virginia Beach,VA,"According to the U.S. Bureau of Labor Statistics (BLS) May 2024 Occupational Employment and Wage Statistics (OEWS), the Virginia Beach-Chesapeake-Norfolk, VA-NC metropolitan statistical area employs approximately 6,260 electricians (SOC 47-2111), with an hourly mean wage of $29.26 and an annual mean wage of $60,850.","U.S. Bureau of Labor Statistics, May 2024 Occupational Employment and Wage Statistics, 2024, https://www.bls.gov/oes",,,"According to U.S. Census Bureau Building Permits Survey data (retrieved via FRED, St. Louis Fed) and analysis from Old Dominion University's Dragas Center for Economic Analysis and Policy, total residential building permits authorized in the Virginia Beach-Norfolk-Newport News MSA experienced a mild pullback following post-2020 recovery peaks, with single-family building permit volume stabilizing in the range of roughly 3,500 to 4,500 units annually.","U.S. Census Bureau, New Private Housing Units Authorized by Building Permits for Virginia Beach-Norfolk-Newport News, VA-NC (MSA) [VIRG251BPPRIV], retrieved from FRED, Federal Reserve Bank of St. Louis, 2024, https://fred.stlouisfed.org/series/VIRG251BPPRIV"
electrical,Washington DC,DC,"According to the U.S. Bureau of Labor Statistics, the Washington-Arlington-Alexandria, DC-VA-MD-WV metropolitan area employed 14,850 electricians (SOC 47-2111), representing a density of 4.80 electricians per 1,000 total jobs in the metropolitan area.","U.S. Bureau of Labor Statistics (BLS) Occupational Employment and Wage Statistics (OEWS), 2024, https://www.bls.gov/oes/current/oes472111.htm",,,"In 2023, the Washington-Arlington-Alexandria metro authorized 23,493 total housing units according to the U.S. Census Bureau. Recent data through 2024 reflects a cooling trend in overall residential permitting, led by a 35.0% decline in multi-family unit authorizations (down to 9,680 units) despite a modest 3.3% increase in single-family permit approvals.","U.S. Census Bureau Building Permits Survey, 2024, https://www.census.gov/construction/bps"
roofing,Atlanta,GA,"According to the U.S. Bureau of Labor Statistics May 2023 OEWS report, there were approximately 1,090 employed roofers (SOC 47-2181) in the Atlanta-Sandy Springs-Roswell, GA metropolitan area.","U.S. Bureau of Labor Statistics (BLS) Occupational Employment and Wage Statistics (OEWS), 2023, https://www.bls.gov/oes/current/oes_12060.htm",7777,"Angi, 2026, https://www.angi.com",Residential permitting activity in the Atlanta MSA saw a 6% rebound in annual volume in 2024 before shifting to a 6% year-over-year decline through mid-2025 due to elevated mortgage rates and market normalization.,"U.S. Census Bureau / Federal Reserve Bank of St. Louis (FRED), 2026, https://fred.stlouisfed.org/series/ATLA013BPPRIVSA"
roofing,Austin,TX,"According to the U.S. Bureau of Labor Statistics May 2023 Occupational Employment and Wage Statistics (OEWS) survey, the Austin-Round Rock, TX metropolitan statistical area had approximately 480 employed Roofers (SOC 47-2181), representing an occupational density of 0.43 per 1,000 jobs.","U.S. Bureau of Labor Statistics, 2023, https://www.bls.gov/oes/current/oes_12420.htm",15000,"HomeBuddy, 2026","In the Austin-Round Rock-San Marcos, TX MSA, residential building permit volume experienced a downward trend, with 23,622 units authorized over the 12 months ending May 2026, and monthly permit issuance in May 2026 down 53.2% compared to the prior year.","U.S. Census Bureau, Building Permits Survey (retrieved via FRED, Federal Reserve Bank of St. Louis), 2026, https://fred.stlouisfed.org/series/AUST448BPPRIV"
roofing,Baltimore,MD,"In the Baltimore-Columbia-Towson, MD MSA, there were an estimated 1,280 employed Roofers (SOC 47-2181) as of May 2023, reflecting a location quotient of 1.11 relative to the national concentration and a median hourly wage of $23.15.","U.S. Bureau of Labor Statistics (BLS) Occupational Employment and Wage Statistics (OEWS), 2023, https://www.bls.gov/oes/current/oes_12580.htm",24700,"Remodeling Magazine, 2020 Cost vs. Value Report (Baltimore, MD Metro Data), https://www.remodeling.hw.net/cost-vs-value/2020","Private residential building permits in the Baltimore-Columbia-Towson, MD MSA showed a positive trend, authorizing 5,514 total housing units over the trailing 12-month period, a 24.2% year-over-year increase representing roughly 1.94 permits per 1,000 residents.","U.S. Census Bureau, Building Permits Survey (BPS), 2025, https://www.census.gov/construction/bps"
roofing,Birmingham,AL,"As of May 2023, the Birmingham-Hoover, AL MSA had an estimated 200 employed Roofers (SOC 47-2181) and 80 Helpers--Roofers (SOC 47-3016), representing a location quotient of 0.44 for Roofers (0.388 per 1,000 jobs) compared to the national average.","U.S. Bureau of Labor Statistics, May 2023 OEWS Metropolitan Area Occupational Employment and Wage Estimates - Birmingham-Hoover AL, 2024, https://www.bls.gov/oes/current/oes_13820.htm",,,"According to Census Building Permits Survey data, the Birmingham-Hoover AL MSA recorded 4,384 building permits over the trailing 12 months, representing a 59.7% year-over-year increase (3.71 permits per 1,000 residents).","U.S. Census Bureau, Building Permits Survey (via REI Prime Market Analysis), 2026"
roofing,Boston,MA,"In the Boston-Cambridge-Newton, MA-NH MSA, the trade employs approximately 6,050 Roofers (SOC 47-2181) with an average hourly wage of $37.75 and annual mean wage of $78,530.","U.S. Bureau of Labor Statistics Occupational Employment and Wage Statistics (2024), https://www.bls.gov/oes",,,"New residential building permits in the Boston-Cambridge-Newton metro area totaled 14,593 authorized units in 2022 (a 12.1% decline from 2021), while total authorized residential permit valuation increased 7.5% year-over-year to $4.0 billion.","U.S. Census Bureau Building Permits Survey (2023), https://www.census.gov/construction/bps"
roofing,Buffalo,NY,"In the Buffalo-Cheektowaga-Niagara Falls, NY MSA, there were 640 employed Roofers (SOC Code 47-2181) as of May 2023, representing a concentration of 1.206 roofers per 1,000 total jobs and a location quotient of 1.36 relative to the national baseline.","U.S. Bureau of Labor Statistics, Occupational Employment and Wage Statistics (OEWS) Survey, 2023, https://www.bls.gov/oes/current/oes_15380.htm",,,"Residential building permit and construction activity in the Buffalo-Cheektowaga-Niagara Falls MSA showed steady growth, with HUD estimating 3-year market demand for 2,950 new single-family homes (370 under construction) and 5,000 new rental units (2,675 under construction) as of mid-2024. National Association of Realtors data also showed a 47.6% improvement in the metro's single-family permitting rate per new job created during 2024.","U.S. Department of Housing and Urban Development (HUD), Office of Policy Development and Research, 2024, https://www.huduser.gov/portal/ushmc/chma_archive.html"
roofing,Charlotte,NC,"According to the U.S. Bureau of Labor Statistics (BLS) OEWS data, there were 950 employed Roofers (SOC 47-2181) in the Charlotte-Concord-Gastonia, NC-SC metropolitan statistical area as of May 2023, representing an occupational density of 0.724 roofers per 1,000 total jobs in the metro.","U.S. Bureau of Labor Statistics, OEWS May 2023, https://www.bls.gov/oes/current/oes_16740.htm",8954,"Angi, 2026 Roof Replacement Cost in Charlotte NC, https://www.angi.com","According to HUD and U.S. Census Bureau Building Permits Survey data, homebuilding in the Charlotte metropolitan area saw single-family sales permits remain steady at approximately 19,150 units in 2023 (down less than 1% from 19,250 in 2022), while multifamily rental permits declined 36% to 12,950 units as builders slowed production to absorb completed supply.","U.S. Department of Housing and Urban Development / U.S. Census Bureau, 2024 Charlotte Housing Market Profile"
roofing,Chicago,IL,"According to May 2023 Occupational Employment and Wage Statistics, the Chicago-Naperville-Elgin, IL-IN-WI metropolitan area employed 4,510 roofers (SOC 47-2181), representing a location quotient of 1.13 and approximately 1 roofer per 1,000 total jobs in the metro.","U.S. Bureau of Labor Statistics (BLS) Occupational Employment and Wage Statistics, 2023, https://www.bls.gov/oes/current/oes472181.htm",18923,"HomeHero Roofing Chicago Roof Replacement Cost Study, 2025","New residential building permit activity in the Chicago-Naperville-Elgin metro area has remained modest, authorizing approximately 15,000 total new private housing units in 2023, reflecting a flat to subdued overall housing construction trend compared to historical averages.","U.S. Census Bureau Building Permits Survey / FRED, Federal Reserve Bank of St. Louis, 2023, https://fred.stlouisfed.org/series/CHIC917BPPRIV"
roofing,Cincinnati,OH,"According to the U.S. Bureau of Labor Statistics (BLS) Occupational Employment and Wage Statistics (OEWS) program, there were 920 employed Roofers (SOC 47-2181) in the Cincinnati, OH-KY-IN Metropolitan Statistical Area in May 2023, with a location quotient of 0.85 relative to the national average.","U.S. Bureau of Labor Statistics, May 2023 OEWS Metropolitan and Nonmetropolitan Area Occupational Employment and Wage Estimates (Cincinnati, OH-KY-IN), 2024, https://www.bls.gov/oes/current/oes_17140.htm",,,"According to U.S. Census Bureau Building Permits Survey data reported by HUD SOCDS and the Cincinnati Regional Chamber, total residential building permits in the Cincinnati MSA reached 7,089 units in 2024. Single-family permits increased to 4,250 units for the 12-month period ending August 2025 (up from 3,925 in the prior period), while multifamily permits adjusted slightly to 2,525 units, reflecting a stable overall residential permit trend.","U.S. Department of Housing and Urban Development (HUD) SOCDS / U.S. Census Bureau Building Permits Survey, Housing Market Conditions Report: Cincinnati, OH-KY-IN MSA, 2025"
roofing,Cleveland,OH,"According to the U.S. Bureau of Labor Statistics (BLS) Occupational Employment and Wage Statistics (OEWS), as of May 2023, there were 770 employed Roofers (SOC 47-2181) in the Cleveland-Elyria, OH metropolitan statistical area, representing a location quotient of 0.86 relative to national occupational concentration.","U.S. Bureau of Labor Statistics, May 2023 Metropolitan and Nonmetropolitan Area Occupational Employment and Wage Estimates: Cleveland-Elyria, OH, 2024, https://www.bls.gov/oes/current/oes_17460.htm",12000,"Exterior Heroes, Ohio Roof Replacement Cost Guide, 2024","According to HUD analysis of Census Building Permits Survey data, total residential building permits in the Cleveland-Elyria metro reached 5,185 units in 2020, 4,546 in 2021, and 5,303 in 2022, before shifting to 4,909 units for the 12 months ending June 2023 (an 11.3% decline compared to 5,537 units in the 12 months ending June 2022).","U.S. Department of Housing and Urban Development (HUD) / U.S. Census Bureau Building Permits Survey, Comprehensive Housing Market Analysis: Cleveland-Elyria, Ohio (as of July 1, 2023), 2023, https://www.huduser.gov/portal/ushmc/chma_archive.html"
roofing,Columbus,OH,"According to the U.S. Bureau of Labor Statistics, the Columbus, OH metropolitan statistical area had an estimated 780 employed Roofers (SOC 47-2181) as of May 2023, representing an occupational density of 0.73 roofers per 1,000 total jobs.","U.S. Bureau of Labor Statistics, May 2023 OEWS Metropolitan and Nonmetropolitan Area Occupational Employment and Wage Estimates - Columbus, OH, 2023, https://www.bls.gov/oes/current/oes_18140.htm",9068,"Angi, 2026, https://www.angi.com/articles/roof-replacement-cost-columbus-oh.htm","Construction permitting in the Columbus metropolitan area has experienced strong growth, pulling 13,709 building permits over a trailing 12-month period, which represents a 63.7% year-over-year increase (6.37 permits per 1,000 residents).","U.S. Census Bureau Building Permits Survey / REI Prime, 2026"
roofing,Dallas-Fort Worth,TX,"According to the U.S. Bureau of Labor Statistics May 2023 Occupational Employment and Wage Statistics, the Dallas-Fort Worth-Arlington, TX metropolitan area had 2,320 employed Roofers (SOC 47-2181), representing a density of 0.58 roofers per 1,000 jobs. Additionally, Census County Business Patterns data analyzed by NCTCOG recorded 721 roofing contractor establishments (NAICS 238160) in the metro.","U.S. Bureau of Labor Statistics, 2023, https://www.bls.gov/oes/2023/may/oes472181.htm",13000,"PROCO Roofing, 2026, https://procoroof.com","In 2024, the Dallas-Fort Worth-Arlington metropolitan area authorized 71,788 new residential units via building permits according to U.S. Census Bureau Building Permits Survey data, ranking DFW first among all U.S. metropolitan statistical areas for overall residential permit volume (22.2 permits per 1,000 existing homes).","U.S. Census Bureau Building Permits Survey, 2024, https://www.census.gov/construction/bps"
roofing,Denver,CO,"As of May 2023, the Denver-Aurora-Lakewood, CO MSA employed approximately 1,510 roofers (SOC 47-2181), corresponding to a location quotient of 0.95 compared to the national employment density.","U.S. Bureau of Labor Statistics, 2023, https://www.bls.gov/oes/current/oes_19740.htm",11712,"Angi, 2026, https://www.angi.com/articles/roof-replacement-cost-denver.htm","New residential building permit volume in the Denver-Aurora-Lakewood MSA trended downward in recent years, falling 21.8% in 2022 to 23,472 units, with single-family home permits dropping 34% year-over-year in the 12 months ending August 2023 due to elevated mortgage interest rates.","U.S. Department of Housing and Urban Development, 2023, https://www.huduser.gov/portal/ushmc/chma_archive.html"
roofing,Detroit,MI,"According to the U.S. Bureau of Labor Statistics OEWS survey, there were 1,300 employed Roofers (SOC 47-2181) in the Detroit-Warren-Dearborn, MI MSA, representing a worker density of 0.685 per 1,000 total jobs in the metropolitan area.","U.S. Bureau of Labor Statistics, May 2023 Occupational Employment and Wage Statistics, https://www.bls.gov/oes/current/oes_19820.htm",8735,"Angi, 2026 Roof Replacement Cost in Detroit, MI, https://www.angi.com/articles/roof-replacement-cost-detroit.htm","Residential building permit volume in Southeast Michigan and the Detroit metropolitan area has trended downward overall since peaking in early 2021, impacted by high construction costs, elevated interest rates, and trade worker shortages.","Drawing Detroit & U.S. Census Bureau Building Permits Survey, 2024, https://www.drawingdetroit.com"
roofing,Hartford,CT,"In May 2023, the Hartford-West Hartford-East Hartford, CT MSA had 360 employed roofers (SOC 47-2181), representing an employment density of 0.71 roofers per 1,000 total jobs and a location quotient of 0.635 compared to the national baseline.","U.S. Bureau of Labor Statistics, May 2023 Occupational Employment and Wage Statistics (OEWS), https://www.bls.gov/oes/current/oes_25540.htm",,,"Residential permitting in the area has experienced a modest rebound, with total new private housing units authorized in Hartford County reaching 1,403 units in 2022 (up from prior years) and contributing to statewide annual authorizations exceeding 5,200 units in 2022 and 2023 (compared to under 4,000 in 2021). However, regional construction intensity remains low overall, with the metro authorizing roughly 4.1 new housing units per 1,000 existing homes.","U.S. Census Bureau Building Permits Survey / Federal Reserve Bank of St. Louis (FRED), 2023, https://fred.stlouisfed.org/series/BPPRIV009003"
roofing,Houston,TX,"According to the U.S. Bureau of Labor Statistics Occupational Employment and Wage Statistics (OEWS), there were approximately 1,300 roofers (SOC 47-2181) employed in the Houston-The Woodlands-Sugar Land, TX metropolitan statistical area, earning a mean annual wage of $45,570 ($21.91/hr).","U.S. Bureau of Labor Statistics (BLS), 2023, https://www.bls.gov/oes/2023/may/oes26420.htm",9752,"Angi, 2026, https://www.angi.com/articles/how-much-does-roof-replacement-cost-houston-tx.htm","Residential building permit activity in the Houston metropolitan statistical area led the nation with 68,755 total housing units permitted in 2023 (50,444 single-family units). Although down slightly from 2022 levels, 2023 marked the fifth-highest permitting volume on record for the metro, and regional construction contract awards expanded by 31% in 2024 to reach $43.8 billion.","Rice University Kinder Institute for Urban Research / U.S. Census Building Permits Survey, 2024, https://kinder.rice.edu"
roofing,Indianapolis,IN,"According to the U.S. Bureau of Labor Statistics OEWS report for the Indianapolis-Carmel-Anderson, IN MSA, there were an estimated 840 employed Roofers (SOC 47-2181) earning a mean annual wage of $52,470.","U.S. Bureau of Labor Statistics, Occupational Employment and Wage Statistics (OEWS), 2023, https://www.bls.gov/oes/current/oes_26900.htm",11800,"Modernize, 2026","Residential building permit activity in the Indianapolis metro area reached 11,463 total permits issued ($3.98 billion in valuation), led heavily by single-family structures which accounted for 9,322 units (81.3% of total permits) as single-family construction volume surged year-over-year.","U.S. Census Bureau Building Permits Survey / STATS Indiana, 2025, https://www.stats.indiana.edu/profiles/profiles.asp?scope_choice=a&county_code=18000"
roofing,Jacksonville,FL,"According to BLS Occupational Employment and Wage Statistics (OEWS) data, there were 1,450 employed Roofers (SOC 47-2181) in the Jacksonville, FL Metropolitan Statistical Area, earning a mean hourly wage of $22.15 ($45,950 annual mean). Additionally, local trade records indicate over 200 licensed roofing contractors operating in Duval County alone.","U.S. Bureau of Labor Statistics (BLS) Occupational Employment and Wage Statistics (OEWS), May 2023 (published April 2024), https://www.bls.gov/oes/current/oes_27260.htm",13500,"NEXGEN Roofing, Jacksonville Roof Replacement Cost Guide 2026","The Jacksonville metropolitan region shows active residential permit activity, registering 953 residential construction permits totaling $254.2 million in a single month (September 2025), with Duval County leading at 308 permits ($54.9 million) and St. Johns County following with 292 permits ($80.3 million).","HBW Construction Data Reports / HB Weekly, September 2025 Florida Residential Construction Activity Report (October 2025)"
roofing,Kansas City,MO,"According to the U.S. Bureau of Labor Statistics, there were 830 employed Roofers (SOC 47-2181) in the Kansas City, MO-KS metropolitan statistical area as of May 2023, representing a location quotient of 0.86 relative to national employment density.","U.S. Bureau of Labor Statistics, May 2023 Metropolitan and Nonmetropolitan Area Occupational Employment and Wage Estimates: Kansas City, MO-KS (2024), https://www.bls.gov/oes/current/oes_28140.htm",,,"According to U.S. Census Bureau Building Permits Survey data, the Kansas City, MO-KS metropolitan statistical area authorized 10,714 total residential housing units over a trailing 12-month period through early 2026, reflecting a 38.3% year-over-year increase and a rate of 4.87 permits per 1,000 residents.","U.S. Census Bureau, Building Permits Survey (2026), https://www.census.gov/construction/bps"
roofing,Las Vegas,NV,"According to the U.S. Bureau of Labor Statistics (BLS) May 2023 Occupational Employment and Wage Statistics, the Las Vegas-Henderson-Paradise, NV MSA had 1,340 employed Roofers (SOC 47-2181), representing an occupational density of 1.24 per 1,000 jobs and a location quotient of 1.39 compared to the national rate.","U.S. Bureau of Labor Statistics, 2023, https://www.bls.gov/oes/current/oes_29820.htm",,,"According to U.S. Census Bureau Building Permits Survey data retrieved from FRED, new private single-family housing units authorized by building permits in the Las Vegas-Henderson-Paradise, NV MSA (series LASV832BP1FH) have maintained a strong upward trend in recent years, averaging over 800 to 1,000 authorized single-family units per month, driving ongoing roofing demand across new residential developments.","U.S. Census Bureau, 2026, https://fred.stlouisfed.org/series/LASV832BP1FH"
roofing,Los Angeles,CA,"According to the U.S. Bureau of Labor Statistics Occupational Employment and Wage Statistics, there were 4,680 employed Roofers (SOC 47-2181) in the Los Angeles-Long Beach-Anaheim, CA MSA as of May 2023, representing a ratio of approximately 0.76 roofers per 1,000 total jobs in the metro area.","U.S. Bureau of Labor Statistics, 2024, https://www.bls.gov/oes/current/oes_31080.htm",5200,"CostFiled / Municipal Building Permit Filings Analysis, 2026","Residential building permitting in the city of Los Angeles experienced a 23% drop in 2024 compared to 2023, falling from 11,311 permitted units to 8,706 units.","U.S. Census Bureau Building Permits Survey / Hilgard Analytics, 2025, https://urbanize.city/la/post/report-la-residential-permitting-dropped-23-2024"
roofing,Louisville,KY,"According to the U.S. Bureau of Labor Statistics May 2023 Occupational Employment and Wage Statistics (OEWS), the Louisville/Jefferson County, KY-IN metropolitan area had 480 employed roofers (SOC 47-2181) with an annual mean wage of $50,890.","U.S. Bureau of Labor Statistics, May 2023 OEWS Estimates for Louisville/Jefferson County, KY-IN MSA, 2024, https://www.bls.gov/oes/current/oes_31140.htm",14000,"Homestretch Roofing, 2026 Louisville Roof Replacement Cost Guide, 2026, https://homestretchroofing.com/how-much-does-a-roof-replacement-cost-in-louisville-ky-2026-guide","New private housing units authorized by building permits in the Louisville-Jefferson County, KY-IN MSA have maintained steady overall construction activity, averaging between 200 and 400 authorized units monthly over recent years.","U.S. Census Bureau / FRED, Federal Reserve Bank of St. Louis, New Private Housing Units Authorized by Building Permits for Louisville-Jefferson County, KY-IN (MSA) [LOIBPPRIVSA], 2026, https://fred.stlouisfed.org/series/LOIBPPRIVSA"
roofing,Memphis,TN,"According to the U.S. Bureau of Labor Statistics May 2023 OEWS report, the Memphis, TN-MS-AR metropolitan area employed approximately 370 Roofers (SOC 47-2181), representing a location quotient of 0.66 relative to national concentration, with an annual mean wage of $45,060.","U.S. Bureau of Labor Statistics, May 2023 Occupational Employment and Wage Statistics (OEWS), 2024, https://www.bls.gov/oes/current/oes_32820.htm",,,"According to U.S. Census Bureau Building Permits Survey data, total new private housing units authorized by building permits in the Memphis, TN-MS-AR MSA trended downward following a 2021 post-pandemic peak, mirroring national multi-year contractions in residential construction permitting through 2023.","U.S. Census Bureau, Building Permits Survey retrieved via Federal Reserve Bank of St. Louis (FRED), 2024, https://fred.stlouisfed.org/series/MPHBPPRIV"
roofing,Miami,FL,"As of May 2023, the Miami-Fort Lauderdale-West Palm Beach MSA employed approximately 4,990 roofers (SOC 47-2181), making it one of the largest regional concentrations of roofing labor in the Southeast.","U.S. Bureau of Labor Statistics OEWS, 2023, https://www.bls.gov/oes/current/oes472181.htm",26000,"Modernize Home Services, 2026, https://modernize.com/roofing/cost","In 2022, the Miami-Fort Lauderdale-Pompano Beach metro area authorized 19,813 total new residential housing units via building permits, representing a 21.7% decrease compared to 2021 permit volume.",
roofing,Milwaukee,WI,"The Milwaukee-Waukesha-West Allis, WI metropolitan statistical area employed approximately 890 Roofers (SOC 47-2181) as of May 2023, representing a location quotient of 1.23, which indicates a 23% higher concentration of roofing employment relative to the national average.","U.S. Bureau of Labor Statistics, May 2023 OEWS Metropolitan and Nonmetropolitan Area Occupational Employment and Wage Estimates: Milwaukee-Waukesha-West Allis, WI, 2024, https://www.bls.gov/oes/current/oes_33340.htm",19363,"Infinity Roofing, Average Roof Replacement Cost in Wisconsin Market Report, 2026","Single-family residential building permitting in the Milwaukee-Waukesha-West Allis metro area experienced modest growth from 1,377 units in 2023 to 1,411 units in 2024 (a 2.5% increase), stabilizing after a period of post-pandemic housing permit stagnation across the region.","U.S. Department of Housing and Urban Development (HUD User), Great Lakes Regional Housing Market Report - 4th Quarter 2024, 2025"
roofing,Minneapolis-St. Paul,MN,"According to BLS OEWS data, there were 1,310 employed Roofers (SOC 47-2181) in the Minneapolis-St. Paul-Bloomington, MN-WI MSA, representing a worker density of approximately 0.69 roofers per 1,000 jobs in the metropolitan area.","U.S. Bureau of Labor Statistics (BLS), May 2023 Occupational Employment and Wage Statistics (OEWS), https://www.bls.gov/oes/current/oes_33460.htm",9988,"Angi, 2026, https://www.angi.com","According to U.S. Census Bureau Building Permits Survey data, total residential construction permitting in the Minneapolis-St. Paul-Bloomington MSA cooled from 2021-2022 peaks, with single-family permits softening slightly and multifamily unit permits declining sharply by nearly 60% in 2024 to approximately 1,500 units before stabilizing.","U.S. Census Bureau, Building Permits Survey, 2025, https://fred.stlouisfed.org/series/MINN427BPPRIV"
roofing,Nashville,TN,"The Nashville-Davidson--Murfreesboro--Franklin, TN metropolitan area employed approximately 2,480 roofers (SOC 47-2181) as of May 2023, earning a mean annual wage of $48,180.","U.S. Bureau of Labor Statistics, Occupational Employment and Wage Statistics (OEWS), 2023, https://www.bls.gov/oes",25644,"Intercept Roofing, 2026 Nashville Roof Replacement Cost Guide, https://interceptroofing.com","Total housing unit building permits in the Nashville-Davidson-Murfreesboro-Franklin, TN MSA decreased by 33% when comparing July 2020 (3,144 units) to July 2025 (2,099 units), driven primarily by contractions in multifamily (5+ unit) construction.","U.S. Census Bureau Building Permits Survey, 2025, https://www.census.gov/construction/bps"
roofing,New Orleans,LA,"As of May 2023, the U.S. Bureau of Labor Statistics reported 220 employed Roofers (SOC 47-2181) in the New Orleans-Metairie, LA MSA, representing an employment concentration (location quotient) of 0.48 relative to the national average, with an annual mean wage of $43,550.","U.S. Bureau of Labor Statistics, May 2023 Metropolitan and Nonmetropolitan Area Occupational Employment and Wage Estimates: New Orleans-Metairie, LA, 2024, https://www.bls.gov/oes/current/oes_35380.htm",,,"Residential construction permitting in the New Orleans-Metairie MSA experienced a sharp contraction following post-2022 interest rate increases, with single-family housing permits falling 41% year-to-date by mid-2023 before moderating and showing signs of stabilization into 2024.","U.S. Census Bureau, Building Permits Survey / HUD SOCDS, 2023, https://www.census.gov/construction/bps"
roofing,New York,NY,"In the New York-Newark-Jersey City, NY-NJ-PA metropolitan statistical area, there were 3,690 employed roofers (SOC 47-2181), representing approximately 0.39 roofers per 1,000 jobs with a location quotient of 0.44 and an annual mean wage of $71,090.","U.S. Bureau of Labor Statistics (BLS), 2023, https://www.bls.gov/oes/current/oes472181.htm",18679,"Instant Roofer, 2026, https://instantroofer.com/roof-replacement-cost/new-york","Residential permitting activity in the New York-Newark-Jersey City metropolitan area rebounded in early 2025 following a post-2022 slowdown, with single-family permitting rising 11% (up 320 homes) in Q1 2025 compared to Q1 2024.","U.S. Department of Housing and Urban Development (HUD User), 2025"
roofing,Oklahoma City,OK,"According to the U.S. Bureau of Labor Statistics May 2023 OEWS survey, there were 560 Roofers (SOC 47-2181) employed in the Oklahoma City, OK Metropolitan Statistical Area, representing an employment concentration of 0.848 per 1,000 total jobs in the metro area.","U.S. Bureau of Labor Statistics, May 2023 OEWS Metropolitan and Nonmetropolitan Area Occupational Employment and Wage Estimates - Oklahoma City, OK MSA, 2023, https://www.bls.gov/oes/current/oes_36420.htm",10500,"5Coat Roofs, Oklahoma City Metro Roof Replacement Cost Guide, 2026","According to HUD's Comprehensive Housing Market Analysis, residential construction demand in the Oklahoma City metro remains strong with a 3-year forecast demand (2024-2027) for 19,550 single-family sales units and 4,475 rental units. Additionally, the City of Oklahoma City mandated that as of August 2025, all residential re-roofing projects over 500 square feet require dedicated building permits and full tear-off inspections.","U.S. Department of Housing and Urban Development (HUD) User, Comprehensive Housing Market Analysis: Oklahoma City, Oklahoma, 2024, https://www.huduser.gov/portal/ushmc/chma_archive.html"
roofing,Orlando,FL,"In the Orlando-Kissimmee-Sanford, FL MSA, there were 3,590 employed roofers (SOC 47-2181), representing a concentration of 2.63 roofers per 1,000 jobs and a location quotient of 2.95 (nearly three times the national concentration average).","U.S. Bureau of Labor Statistics (BLS), Occupational Employment and Wage Statistics (OEWS), 2023, https://www.bls.gov/oes/current/oes472181.htm",10500,"HomeAdvisor, 2026","The Orlando-Kissimmee-Sanford MSA authorized 14,000 to 16,000 new single-family housing building permits annually in 2023-2024. In 2025, single-family permitting experienced a moderate pullback across Florida (~10% decline) due to elevated mortgage rates, while total private housing structure permits in core Orange County rose from 8,052 units in 2024 to 13,140 units in 2025.","U.S. Census Bureau via Federal Reserve Bank of St. Louis (FRED), 2026, https://fred.stlouisfed.org/series/ORLA712BPPRIVSA"
roofing,Philadelphia,PA,"The Philadelphia-Camden-Wilmington, PA-NJ-DE-MD metropolitan area had 1,920 Roofers (SOC 47-2041) employed, representing a location quotient of 0.76 relative to the national average.","U.S. Bureau of Labor Statistics, Occupational Employment and Wage Statistics (OEWS), 2023, https://www.bls.gov/oes/current/oes_37980.htm",8067,"Angi, 2026, https://www.angi.com","Residential building permitting in the Philadelphia-Camden-Wilmington MSA trended downward between 2020 and 2025, dropping by 546 permitted units in monthly comparative snapshots (from 1,483 to 937 units), primarily driven by contractions in multifamily unit authorizations.","U.S. Census Bureau Building Permits Survey, 2025, https://www.census.gov/construction/bps"
roofing,Phoenix,AZ,"According to the U.S. Bureau of Labor Statistics, the Phoenix-Mesa-Scottsdale, AZ metropolitan statistical area employed approximately 2,610 Roofers (SOC 47-2181) as of May 2023, representing a location quotient of 1.28 (28% higher concentration of roofing trade workers relative to the national average).","U.S. Bureau of Labor Statistics, May 2023 OEWS Metropolitan and Nonmetropolitan Area Occupational Employment and Wage Estimates, 2024, https://www.bls.gov/oes/current/oes_38060.htm",11610,"HomeCostLens, Phoenix Roof Replacement Cost Market Report, 2026","In the Phoenix-Mesa-Chandler housing market area, residential permit activity averaged 22,600 homes permitted annually across 2022 and 2023 before increasing 37 percent in 2024 to 31,050 homes permitted.","U.S. Department of Housing and Urban Development (HUD), Comprehensive Housing Market Analysis: Phoenix-Mesa-Chandler, Arizona, 2025, https://www.huduser.gov/portal/ushmc/chma_archive.html"
roofing,Pittsburgh,PA,"According to the U.S. Bureau of Labor Statistics (BLS) May 2023 OEWS estimates, there were 730 employed Roofers (SOC 47-2181) in the Pittsburgh, PA Metropolitan Statistical Area, representing an employment density of approximately 0.685 roofers per 1,000 total jobs.","U.S. Bureau of Labor Statistics, May 2023 Metropolitan and Nonmetropolitan Area Occupational Employment and Wage Estimates: Pittsburgh, PA, 2024, https://www.bls.gov/oes/current/oes_38300.htm",13500,"Nest Roofing and Gutters LLC, Average Cost of Roof Replacement in Pittsburgh, 2026","According to the U.S. Census Bureau 2024 Annual Building Permits Survey, total residential building permits in Pittsburgh, PA dropped from 2,512 authorized units in 2023 to 1,664 authorized units in 2024, representing a decrease of 848 units (-33.8%).","U.S. Census Bureau, 2024 Annual Building Permits Survey, 2025, https://www.census.gov/construction/bps"
roofing,Portland,OR,"According to the U.S. Bureau of Labor Statistics, the Portland-Vancouver-Hillsboro, OR-WA metropolitan statistical area employed approximately 2,270 Roofers (SOC 47-2181) as of May 2023, representing an employment density of 1.88 roofers per 1,000 jobs and a location quotient of 2.11.","U.S. Bureau of Labor Statistics, May 2023 OEWS Metropolitan and Nonmetropolitan Area Occupational Employment and Wage Estimates (Portland-Vancouver-Hillsboro, OR-WA), https://www.bls.gov/oes/current/oes_38900.htm",30316,"JLC / Remodeling Magazine, 2024 Cost vs. Value Report (Portland, Oregon), https://www.jlconline.com/cost-vs-value/portland-or","Single-family residential building permits in the Oregon portion of the Portland metropolitan area increased by 5% year-over-year into the first quarter of 2025, signaling a moderate uptick in local residential construction activity.","U.S. Department of Housing and Urban Development (HUD User) / U.S. Census Bureau Building Permits Survey, Q1 2025 Northwest Regional Report"
roofing,Providence,RI,"According to the U.S. Bureau of Labor Statistics, there were approximately 250 employed Roofers (SOC 47-2181) in the Providence-Warwick, RI-MA Metropolitan Statistical Area as of May 2023, representing a location quotient of 0.49 relative to the national average.","U.S. Bureau of Labor Statistics, 2023, https://www.bls.gov/oes/current/oes_39300.htm",,,"Overall new residential building permit activity in the Providence-Warwick MSA remains low compared to national averages, authorizing roughly 3.6 new housing units per 1,000 existing homes in 2024. However, multifamily permitting showed significant growth, increasing over 175% in 2024 relative to its 5-year baseline.","U.S. Census Bureau, 2024, https://www.census.gov/construction/bps/index.html"
roofing,Raleigh,NC,"According to the U.S. Bureau of Labor Statistics Occupational Employment and Wage Statistics (OEWS), there were approximately 590 employed Roofers (SOC 47-2181) in the Raleigh, NC Metropolitan Statistical Area as of May 2023.","U.S. Bureau of Labor Statistics, 2024, https://www.bls.gov/oes/current/oes_39580.htm",10311,"Angi, 2026, https://www.angi.com","According to the U.S. Census Bureau Building Permits Survey, the Raleigh-Cary metropolitan area authorized 18,206 residential building permits over a trailing 12-month period (12.81 permits per 1,000 residents), reflecting an accelerating year-over-year growth trend of +15.5%.","U.S. Census Bureau Building Permits Survey, 2026, https://www.census.gov/construction/bps"
roofing,Richmond,VA,"According to U.S. Census Bureau data cited by Forbes Home, approximately 400 roofing companies service the Richmond, VA area.","Forbes, 2024, https://www.forbes.com/home-improvement/roofing/best-roofers-richmond-va",14500,"Paramount Builders, 2024","According to the U.S. Census Bureau Building Permits Survey, the Richmond MSA authorized 9,973 new residential housing units in 2023 and sustained strong permitting momentum into 2024 with 14.7 authorized units per 1,000 existing homes, placing it among the top large metropolitan areas in new construction activity.","U.S. Census Bureau, 2024, https://fred.stlouisfed.org/series/RICH051BPPRIV"
roofing,Riverside-San Bernardino,CA,"According to the U.S. Bureau of Labor Statistics (BLS) May 2023 Occupational Employment and Wage Statistics (OEWS) survey, there were 2,160 employed Roofers (SOC 47-2181) in the Riverside-San Bernardino-Ontario, CA metropolitan statistical area, representing an employment density of 1.298 per 1,000 jobs and a location quotient of 1.46 relative to the national average.","U.S. Bureau of Labor Statistics (BLS), 2023, https://www.bls.gov/oes/current/oes_40140.htm#47-0000",,,"According to the U.S. Census Bureau Building Permits Survey, residential construction permitting in the Riverside-San Bernardino-Ontario MSA logged 18,608 total housing units authorized in 2023 (11,168 single-family units and 7,440 multi-family units), reflecting a moderate slowdown from peak 2021-2022 activity due to elevated mortgage rates while remaining significantly higher than pre-2020 annual levels.","U.S. Census Bureau, Building Permits Survey, 2023, https://www.census.gov/construction/bps/index.html"
roofing,Sacramento,CA,"As of May 2023, the U.S. Bureau of Labor Statistics reported 1,560 employed roofers (SOC 47-2181) in the Sacramento--Roseville--Arden-Arcade, CA metropolitan area, earning an average annual wage of $69,820 ($33.57/hour).","U.S. Bureau of Labor Statistics, May 2023 Occupational Employment and Wage Statistics, 2024, https://www.bls.gov/oes/current/oes_40900.htm",11500,"HomeAdvisor, 2026","Residential building permits in Sacramento County totaled 6,747 in 2024 with a valuation of $1.96 billion, driven by a 21.4% increase in single-family unit authorizations from 4,011 units in 2023 to 4,868 units in 2024.","California Employment Development Department & U.S. Census Bureau Building Permits Survey, 2024, https://www.labormarketinfo.edd.ca.gov"
roofing,Salt Lake City,UT,"According to the U.S. Bureau of Labor Statistics Occupational Employment and Wage Statistics (OEWS) report, the Salt Lake City, UT metropolitan statistical area employed 1,310 roofers (SOC 47-2181), representing a location quotient of 1.83 (1.631 roofers per 1,000 jobs) compared to national averages.","U.S. Bureau of Labor Statistics, 2024, https://www.bls.gov/oes/current/oes_41620.htm",14000,"Skyridge Co, 2026","Building permit activity across the Wasatch Front / Salt Lake region peaked in 2022 at over 28,000 new residential units before moderating to approximately 18,000 units between mid-2023 and mid-2024 due to high interest rates, though Salt Lake City proper added 3,696 new housing units (~20% of the regional growth).","Kem C. Gardner Policy Institute, 2025"
roofing,San Antonio,TX,"According to BLS OEWS data for the San Antonio-New Braunfels, TX MSA, there were 410 employed Roofers (SOC 47-2181) as of May 2023, representing a location quotient of 0.43 compared to the national employment concentration.","U.S. Bureau of Labor Statistics (BLS) Occupational Employment and Wage Statistics (OEWS), 2023, https://www.bls.gov",12998,"Build-Folio, 2026, https://build-folio.com","Residential building permitting in the San Antonio-New Braunfels MSA normalized following post-pandemic peak levels, with multifamily permitting declining 35% in 2023 to 9,725 units, followed by approximately 15,000 total residential units authorized in 2024 as single-family construction stabilized.","U.S. Department of Housing and Urban Development (HUD) Comprehensive Housing Market Analysis, 2024, https://www.huduser.gov"
roofing,San Diego,CA,"According to U.S. Census Bureau County Business Patterns data published in City of San Diego reporting, there were 286 roofing contractor establishments (NAICS 238160) operating in the San Diego metro area.","U.S. Census Bureau / City of San Diego, 2025",15795,"CountBricks, 2026","In 2024, San Diego County authorized 11,193 total residential construction permits representing $2.61 billion in valuation, supported by strong multi-family unit development and local ADU initiatives despite elevated interest rates slowing single-family housing construction.","California Employment Development Department / U.S. Census Bureau Building Permits Survey, 2024, https://labormarketinfo.edd.ca.gov"
roofing,San Francisco,CA,"According to the U.S. Bureau of Labor Statistics May 2023 OEWS report, there were 2,200 employed Roofers (SOC 47-2181) in the San Francisco-Oakland-Hayward, CA Metropolitan Statistical Area, representing an employment density of 0.91 roofers per 1,000 jobs and a location quotient of 1.02.","U.S. Bureau of Labor Statistics, May 2023 Occupational Employment and Wage Statistics (OEWS), https://www.bls.gov/oes/current/oes472181.htm",15000,"CostFiled, 2026","In the San Francisco-Oakland-Berkeley, CA MSA, total new residential building permits authorized were 11,048 units valued at $3.0 billion in 2022, representing an 18.8% decline in permit volume and a 20.8% decline in total dollar value compared to 2021.",
roofing,San Jose,CA,"According to the U.S. Bureau of Labor Statistics OEWS, there were 1,390 roofers (SOC 47-2181) employed in the San Jose-Sunnyvale-Santa Clara, CA MSA as of May 2023, representing a location quotient of 1.22 relative to national employment density.","U.S. Bureau of Labor Statistics (BLS) OEWS, 2024, https://www.bls.gov/oes/current/oes472181.htm",23000,"Hamilton Exteriors, 2026, https://hamilton-exteriors.com","Residential building permits in the San Jose-Sunnyvale-Santa Clara MSA declined 68% from 1,949 permits in July 2020 to 623 permits in July 2025, according to Census Bureau Building Permits Survey data, representing the largest metro permit decline nationwide.","San José Spotlight / U.S. Census Bureau Building Permits Survey, 2025"
roofing,Seattle,WA,"As of May 2023, there were 2,930 Roofers (SOC 47-2181) employed in the Seattle-Tacoma-Bellevue, WA Metropolitan Statistical Area, representing a location quotient of 1.41 compared to the national average, with an hourly mean wage of $34.49.","U.S. Bureau of Labor Statistics, May 2023 OEWS Metropolitan and Nonmetropolitan Area Occupational Employment and Wage Estimates (Seattle-Tacoma-Bellevue, WA), 2024, https://www.bls.gov/oes/current/oes_42660.htm",12646,"Angi, How Much Does Roof Replacement Cost in Seattle? [2026 Data], 2026, https://www.angi.com/articles/how-much-does-roof-replacement-cost-seattle.htm","Residential building permitting in the Seattle-Tacoma-Bellevue MSA dropped by more than 30% year-over-year in 2023, driven by higher interest rates and a slowdown in single-family residential construction starts across the metro.","Point2 Homes / U.S. Census Bureau Building Permits Survey, Housing Construction Report 2023, 2024, https://www.point2homes.com/news/us-real-estate/housing-construction-report-2023.html"
roofing,St. Louis,MO,"According to U.S. Bureau of Labor Statistics data, there were approximately 1,110 employed roofers (SOC 47-2181) in the St. Louis, MO-IL Metropolitan Statistical Area, earning a mean hourly wage of $28.21 ($58,680 annually).","U.S. Bureau of Labor Statistics, May 2023 Occupational Employment and Wage Statistics (OEWS), 2024, https://www.bls.gov/oes/current/oes_41180.htm",8155,"Angi, 2026 St. Louis MO Roof Replacement Cost Report, 2026","Residential building permit activity across the 15-county St. Louis metropolitan area has trended downward since 2019, reaching a low point in 2025 with 5,417 total housing unit permits authorized (including 3,530 single-family permits), ranking 58th among major U.S. metropolitan areas.","U.S. Census Bureau, 2025 Housing Permit Data (reported via KSDK), 2026, https://www.ksdk.com/article/news/local/saint-louis-housing-permits-decline-rankings/63-95b8712a-cebe-4767-a725-be9f6a6c2211"
roofing,Tampa,FL,"In the Tampa-St. Petersburg-Clearwater, FL MSA, there were 3,340 employed Roofers (SOC 47-2181) with a location quotient of 2.66 (2.365 roofers per 1,000 jobs), indicating a roofer employment concentration 2.66 times the national average.","U.S. Bureau of Labor Statistics (BLS), 2023, https://www.bls.gov/oes/current/oes_45300.htm",13391,"Angi, 2026, https://www.angi.com/articles/roof-replacement-cost.htm","Residential building permit issuance in the Tampa-St. Petersburg-Clearwater MSA remains among the highest in the nation, increasing 9% from 20,950 authorized housing units in 2024 to 22,819 units in 2025.","U.S. Census Bureau, Building Permits Survey, 2025, https://www.census.gov/construction/bps"
roofing,Virginia Beach,VA,"According to the U.S. Bureau of Labor Statistics OEWS data, the Virginia Beach-Norfolk-Newport News, VA-NC metropolitan statistical area employed 450 roofers (SOC 47-2181), representing a density of approximately 0.609 roofers per 1,000 jobs in the metro area.","U.S. Bureau of Labor Statistics Occupational Employment and Wage Statistics (OEWS), 2023, https://www.bls.gov/oes/current/oes_47260.htm",,,"Residential construction volume in Virginia Beach trended upward from 985 housing units added in 2023 to 1,221 housing units in 2024, representing a year-over-year increase of approximately 24% (236 units) as local residential development steadily approaches pre-pandemic levels.","City of Virginia Beach Real Estate Assessor / Hampton Roads Planning District Commission (HRPDC), 2025, https://www.hrpdcva.gov"
roofing,Washington DC,DC,"According to the U.S. Bureau of Labor Statistics Occupational Employment and Wage Statistics (OEWS) May 2023 estimates, there were 2,100 Roofers (SOC 47-2181) employed in the Washington-Arlington-Alexandria, DC-VA-MD-WV Metropolitan Statistical Area, earning an annual mean wage of $59,160 ($28.44 per hour).","U.S. Bureau of Labor Statistics, OEWS, May 2023 (released April 2024), https://www.bls.gov/oes/current/oes_47900.htm",,,"Residential building permit authorizations in the Washington-Arlington-Alexandria, DC-VA-MD-WV MSA have trended downward over recent years due to higher interest rates and building costs; for example, multi-family construction permitting in the metro declined by 35% in 2024 according to Census Building Permits Survey data.","U.S. Census Bureau, Building Permits Survey (retrieved via FRED, Federal Reserve Bank of St. Louis, Series WASH911BPPRIV), 2025, https://fred.stlouisfed.org/series/WASH911BPPRIV"
glass-glazing,Atlanta,GA,"According to the BLS OEWS May 2023 data, there were 930 employed glaziers (SOC 47-2121) in the Atlanta-Sandy Springs-Roswell, GA metropolitan area, with a location quotient of 0.93 and 0.33 glaziers per 1,000 jobs, indicating trade labor density close to the national baseline.","U.S. Bureau of Labor Statistics (BLS) Occupational Employment and Wage Statistics, 2024, https://www.bls.gov/oes/current/oes472121.htm",,,"Residential construction permit volume in the Atlanta-Sandy Springs-Roswell MSA remains among the highest in the country, ranking 4th nationally for single-family housing authorizations with 11,833 units permitted year-to-date through June 2025.","U.S. Census Bureau Building Permits Survey (BPS) via NAHB Analysis, 2025, https://www.census.gov/construction/bps/index.html"
glass-glazing,Austin,TX,"According to U.S. Bureau of Labor Statistics OEWS data, the Austin-Round Rock, TX MSA employed 570 Glaziers (SOC 47-2121) as of May 2023, representing a location quotient of 1.32 compared to the national average.","U.S. Bureau of Labor Statistics, OEWS, May 2023, https://www.bls.gov/oes/current/oes_12420.htm",,,"In 2024, 32,294 new residential housing units were permitted in the Austin-Round Rock-San Marcos MSA (including 16,700 single-family units, up 2% year-over-year), ranking Austin second nationally for residential permits per 1,000 existing homes following a residential permitting slowdown in 2022.","U.S. Department of Housing and Urban Development (HUD PD&R) & U.S. Census Bureau Building Permits Survey, 2025"
glass-glazing,Baltimore,MD,"According to the U.S. Bureau of Labor Statistics Occupational Employment and Wage Statistics, the Baltimore-Columbia-Towson, MD metropolitan statistical area employed 310 Glaziers (SOC 47-2121) as of May 2023, representing a location quotient of 0.68 relative to national trade density and an annual mean wage of $60,130 ($28.91/hour).","U.S. Bureau of Labor Statistics, May 2023 Metropolitan and Nonmetropolitan Area Occupational Employment and Wage Estimates - Baltimore-Columbia-Towson, MD, 2023, https://www.bls.gov/oes/current/oes_12580.htm",,,"Data from the U.S. Census Bureau Building Permits Survey indicates that the Baltimore-Columbia-Towson, MD MSA authorized 5,514 housing units over trailing 12-month tracking into 2024, representing a 24.2% year-over-year increase in building permit activity (1.94 to 2.17 permits per 1,000 residents across the metro's 7 constituent counties).","U.S. Census Bureau, Building Permits Survey, 2024, https://www.census.gov/construction/bps"
glass-glazing,Birmingham,AL,"According to the U.S. Bureau of Labor Statistics, the Birmingham-Hoover, AL MSA employed approximately 130 Glaziers (SOC 47-2121) as of May 2023, representing an employment density of 0.255 glaziers per 1,000 jobs (Location Quotient of 0.72) with an annual mean wage of $50,290.","U.S. Bureau of Labor Statistics, May 2023 Occupational Employment and Wage Statistics, https://www.bls.gov/oes/current/oes_13820.htm",,,"According to HUD and U.S. Census Bureau Building Permits Survey data, total residential building permits in the Birmingham-Hoover MSA averaged approximately 4,944 authorized units for the 12 months ending March 2023 (down slightly from 4,960 units in the prior 12-month period), with trailing 12-month permits adjusting to around 4,384 units (3.71 per 1,000 residents).","U.S. Department of Housing and Urban Development (HUD) User & U.S. Census Bureau, Building Permits Survey (April 2023), https://www.huduser.gov/portal/ushmc/chma_archive.html"
glass-glazing,Boston,MA,"In the Boston-Cambridge-Newton, MA-NH metropolitan statistical area, there are approximately 1,170 employed glaziers (SOC 47-2121), earning a median annual wage of $105,080.","U.S. Bureau of Labor Statistics, Occupational Employment and Wage Statistics (OEWS), 2024, https://www.bls.gov/oes/current/oes472121.htm",,,"In 2022, the Boston-Cambridge-Newton metro authorized 14,593 new residential building permits (a 12.1% decrease from 2021) with a total valuation of $4.0 billion (+7.5%). Recent monthly permit evaluations reflect continued contraction in local residential building activity, falling 29.4% (1,305 units down to 921 units) due to reductions in both single-family and multi-family authorizations.","U.S. Census Bureau, Building Permits Survey, 2023, https://www.census.gov/construction/bps"
glass-glazing,Buffalo,NY,"According to Occupational Employment and Wage Statistics from the U.S. Bureau of Labor Statistics, the Buffalo-Cheektowaga-Niagara Falls, NY MSA had 150 Glaziers (SOC 47-2121) employed in the metro area with a mean annual wage of $52,330.","U.S. Bureau of Labor Statistics, 2021, https://www.bls.gov/oes/2020/may/oes_15380.htm",,,"Monthly residential permit totals in the Buffalo-Cheektowaga-Niagara Falls MSA declined by 141 total permitted units (dropping from 234 to 93), driven by a 103-unit drop in multifamily permits (123 down to 20) and a 34-unit drop in single-family permits (103 down to 69).","U.S. Census Bureau Building Permits Survey, 2025, https://www.census.gov/construction/bps"
glass-glazing,Charlotte,NC,"According to the U.S. Bureau of Labor Statistics, there were approximately 370 employed Glaziers in the Charlotte-Concord-Gastonia, NC-SC metropolitan statistical area as of May 2023, representing a location quotient of 0.80 relative to national concentration.","U.S. Bureau of Labor Statistics, Occupational Employment and Wage Statistics (OEWS), 2023, https://www.bls.gov/oes/2023/may/oes_16740.htm",,,"Residential permitting in the Charlotte-Concord-Gastonia metro area stabilized near peak levels, with approximately 19,150 sales units permitted in 2023 compared to 19,250 units in 2022 (a decline of less than 1 percent), following strong post-pandemic growth.","U.S. Department of Housing and Urban Development (HUD), Comprehensive Housing Market Analysis: Charlotte-Concord-Gastonia, NC-SC, 2024, https://www.huduser.gov/portal/ushmc/chma_archive.html"
glass-glazing,Chicago,IL,"In the Chicago-Naperville-Elgin, IL-IN-WI metropolitan area, the Glass & Glazing trade employs approximately 1,800 glaziers (SOC 47-2121), making the Chicago MSA one of the highest employment markets in the United States for glazier trade professionals.","U.S. Bureau of Labor Statistics (BLS), Occupational Employment and Wage Statistics (OEWS), 2024, https://www.bls.gov/oes/current/oes472121.htm",10000,"CostFiled / City of Chicago Open Data Portal, 2026","Residential building permit activity in the Chicago-Naperville-Elgin metro area has trended downward in recent years, authorizing 162 new housing units per 100,000 residents in 2023, representing the lowest per-capita residential permitting volume among the 10 largest U.S. metropolitan statistical areas.","Illinois Policy Institute / U.S. Census Bureau Building Permits Survey, 2024"
glass-glazing,Cincinnati,OH,"According to the U.S. Bureau of Labor Statistics May 2023 Occupational Employment and Wage Statistics (OEWS) survey, the Cincinnati, OH-KY-IN Metropolitan Statistical Area employed approximately 270 Glaziers (SOC 47-2121), representing a location quotient of 0.71 relative to the national average and a mean hourly wage of $27.85 ($56,780 mean annual salary).","U.S. Bureau of Labor Statistics, 2024, May 2023 Metropolitan and Nonmetropolitan Area Occupational Employment and Wage Estimates: Cincinnati, OH-KY-IN, https://www.bls.gov/oes/current/oes_17140.htm",,,"Single-family building permits in the Cincinnati MSA increased to 4,250 units for the 12 months ending August 2025, up from 3,925 units in the preceding 12-month period (~8.3% growth). Multifamily permitting experienced a modest pullback, declining 4.7% to 2,525 units from 2,650 units over the same timeframe.","U.S. Department of Housing and Urban Development (HUD User), 2026, Housing Market Conditions: Cincinnati, OH-KY-IN MSA, https://www.huduser.gov/portal/periodicals/ushmc.html"
glass-glazing,Cleveland,OH,"According to the U.S. Bureau of Labor Statistics, there were 260 employed glaziers (SOC 47-2121) in the Cleveland-Elyria, OH Metropolitan Statistical Area as of May 2023. Glaziers in the metro had an employment concentration of 0.264 per 1,000 total jobs, yielding a location quotient of 0.75 relative to the national average.","U.S. Bureau of Labor Statistics, May 2023 OEWS Metropolitan and Nonmetropolitan Area Occupational Employment and Wage Estimates (2024), https://www.bls.gov/oes/current/oes_17460.htm",,,"Residential building permit and construction activity in the Cleveland-Elyria MSA moderated into mid-2023. While multi-family rental construction remained active with 2,175 units under construction, overall home sales fell nearly 17% in the 12 months through June 2023, slowing single-family residential permitting.","U.S. Department of Housing and Urban Development, Cleveland-Elyria, Ohio Comprehensive Housing Market Analysis (2023), https://www.huduser.gov/portal/ushmc/chma_archive.html"
glass-glazing,Columbus,OH,"According to the U.S. Bureau of Labor Statistics May 2023 Occupational Employment and Wage Statistics (OEWS) data, the Columbus, OH Metropolitan Statistical Area had approximately 400 employed glaziers (SOC 47-2121) with a location quotient of 1.07 relative to the national baseline.","U.S. Bureau of Labor Statistics, May 2023 OEWS Metropolitan Area Estimates, 2024, https://www.bls.gov/oes/2023/may/oes_18140.htm",,,"According to the U.S. Census Bureau Building Permits Survey, housing units authorized by building permits in Columbus, OH grew from 5,283 units in 2023 to 6,084 units in 2024, reflecting an upward trend of over 15% year-over-year.","U.S. Census Bureau, 2024 Annual Building Permits Survey, 2025, https://www.census.gov/construction/bps"
glass-glazing,Dallas-Fort Worth,TX,"According to the U.S. Bureau of Labor Statistics Occupational Employment and Wage Statistics, the Dallas-Fort Worth-Arlington, TX metropolitan area employed 2,130 glaziers (SOC 47-2121) as of May 2024, placing DFW among the top three metropolitan areas nationwide in total glazier employment.","U.S. Bureau of Labor Statistics, 2024, https://www.bls.gov/oes/current/oes472121.htm",,,"The Dallas-Fort Worth metropolitan area maintained high building permit volume, issuing nearly 72,000 residential permits in 2024 and approximately 52,000 single-family and multifamily permits in 2025, leading all U.S. metropolitan areas in total housing permit output.","U.S. Census Bureau Building Permits Survey, 2025, https://www.census.gov/construction/bps"
glass-glazing,Denver,CO,"According to the BLS Occupational Employment and Wage Statistics (OEWS), the Denver-Aurora-Lakewood, CO MSA employed approximately 850 Glaziers (SOC 47-2121), representing a location quotient of 1.52 (52% higher concentration than the national average) and 0.536 Glaziers per 1,000 total jobs.","U.S. Bureau of Labor Statistics, May 2023 OEWS Metropolitan and Nonmetropolitan Area Occupational Employment and Wage Estimates: Denver-Aurora-Lakewood, CO, 2024, https://www.bls.gov/oes/current/oes_19740.htm",,,"Residential building permit volume in the Denver-Aurora-Lakewood MSA experienced a downward contraction from elevated post-pandemic levels, driven by higher interest rates and homebuilder re-evaluations, with multi-family 5+ unit projects accounting for over 80% of total authorized housing units.","U.S. Department of Housing and Urban Development & U.S. Census Bureau, Comprehensive Housing Market Analysis: Denver-Aurora-Lakewood, Colorado, 2023, https://www.huduser.gov/portal/ushmc/chma_archive.html"
glass-glazing,Detroit,MI,"According to the U.S. Bureau of Labor Statistics, the Detroit-Warren-Dearborn, MI MSA employed 800 Glaziers (SOC 47-2121) as of May 2023, representing a location quotient of 1.19 relative to the national average, an hourly median wage of $27.21, and a mean annual wage of $56,280.","U.S. Bureau of Labor Statistics Occupational Employment and Wage Statistics, 2023, https://www.bls.gov/oes/current/oes_19820.htm",,,"Data from the U.S. Census Bureau Building Permits Survey shows total residential housing units authorized by building permits in the Detroit-Warren-Dearborn MSA fell to 4,541 units in 2023, down from 4,698 units in 2022 and marking the lowest annual permitting level for the metro since 2012.","U.S. Census Bureau Building Permits Survey, 2023, https://www.census.gov/construction/bps"
glass-glazing,Hartford,CT,"According to the Bureau of Labor Statistics May 2023 Occupational Employment and Wage Statistics (OEWS), there were 70 employed Glaziers (SOC 47-2121) in the Hartford-West Hartford-East Hartford, CT MSA, representing an employment concentration (location quotient) of 0.36 relative to the national average and a density of 0.126 glaziers per 1,000 jobs.","U.S. Bureau of Labor Statistics, 2023, https://www.bls.gov/oes/current/oes_25540.htm",,,"According to the U.S. Census Bureau Building Permits Survey, monthly residential building permits in the Hartford-West Hartford-East Hartford, CT MSA reached 120 housing units in May 2026 (a 79.1% year-over-year increase), with 1,270 total units authorized over the trailing 12-month period and multifamily housing accounting for 64.2% of recent authorized units.","U.S. Census Bureau, Building Permits Survey, 2026, https://www.census.gov/construction/bps"
glass-glazing,Houston,TX,"According to U.S. Bureau of Labor Statistics OEWS data, the Houston-The Woodlands-Sugar Land, TX MSA employed 1,390 glaziers (SOC 47-2121) in May 2023, representing a location quotient of 1.24 and an employment density of 0.44 glaziers per 1,000 jobs in the metropolitan area.","U.S. Bureau of Labor Statistics, 2024, https://www.bls.gov/oes/current/oes_26420.htm",,,"In 2023, the Houston-The Woodlands-Sugar Land, TX MSA led all U.S. metropolitan areas in residential building permit activity with 68,755 total units authorized (including 50,444 single-family homes). Although total residential permitting decreased slightly from 2022's peak, 2023 represented the fifth-highest permitting volume on record for the metro, driven by single-family housing while multi-family permitting fell by nearly 35%.","U.S. Census Bureau Building Permits Survey, analyzed by Rice University Kinder Institute for Urban Research, 2024, https://kinder.rice.edu"
glass-glazing,Indianapolis,IN,"The Indianapolis-Carmel-Anderson, IN MSA employed approximately 440 glaziers (SOC 47-2121) as of May 2023, representing a location quotient of 1.15 relative to national average employment density.","U.S. Bureau of Labor Statistics, May 2023 Occupational Employment and Wage Statistics (OEWS), https://www.bls.gov/oes/current/oes_26900.htm",,,"Single-family building permits in the Indianapolis metropolitan region surged 26% year-over-year in 2024 to 10,044 permits (up from 7,959 in 2023), marking the second-highest annual total since 2006 before moderating in early 2025.","Building Association of Greater Indianapolis (BAGI) & U.S. Census Bureau Building Permits Survey, 2025, https://www.bagi.com"
glass-glazing,Jacksonville,FL,"As of May 2023, the Jacksonville, FL metropolitan statistical area had an estimated 270 employed glaziers (SOC 47-2121), representing a location quotient of 1.02 relative to the national trade concentration.","U.S. Bureau of Labor Statistics OEWS (2024), https://www.bls.gov/oes/current/oes_27260.htm",,,"Residential building permit activity in the Jacksonville metro slowed in 2023, with single-family housing unit permits declining 14% year-over-year to 12,402 units, followed by a further pullback in multifamily permitting in 2024 after a multi-year construction boom.",National Association of Home Builders / U.S. Census Bureau Building Permits Survey (2024)
glass-glazing,Kansas City,MO,"According to May 2023 BLS OEWS data for the Kansas City, MO-KS MSA, there were 390 employed Glaziers (SOC 47-2121), representing a density of 0.366 glaziers per 1,000 jobs in the metropolitan area.","U.S. Bureau of Labor Statistics OEWS, 2023, https://www.bls.gov/oes/current/oes_28140.htm",,,"Residential building permit volume in the Kansas City metro area has trended strongly upward, reaching 10,714 permits over a trailing 12-month period, a 38.3% year-over-year increase, representing approximately 4.87 permits per 1,000 residents.","U.S. Census Bureau Building Permits Survey, 2024, https://www.census.gov/construction/bps"
glass-glazing,Las Vegas,NV,"In the Las Vegas-Henderson-Paradise, NV MSA, the U.S. Bureau of Labor Statistics reported 480 employed Glaziers (SOC 47-2121), with a location quotient of 1.26 representing a 26% higher concentration of trade employment relative to the national average.","U.S. Bureau of Labor Statistics, May 2023 OEWS Metropolitan and Nonmetropolitan Area Occupational Employment and Wage Estimates, 2024, https://www.bls.gov/oes/current/oes_29820.htm",,,"According to HUD and Census Bureau Building Permits Survey data, residential permit issuance in the Las Vegas HMA peaked in 2021 before moderating down through 2022 and 2023, while total commercial construction completions reached $8 billion in 2023.","U.S. Department of Housing and Urban Development, Las Vegas-Henderson-Paradise, Nevada Comprehensive Housing Market Analysis, 2024, https://www.huduser.gov/portal/ushmc/chma_archive.html"
glass-glazing,Los Angeles,CA,"According to the U.S. Bureau of Labor Statistics Occupational Employment and Wage Statistics, the Los Angeles-Long Beach-Anaheim, CA metropolitan statistical area employed 2,500 glaziers (SOC 47-2121) as of May 2024, representing one of the highest total trade employment counts for any metropolitan area in the United States.","U.S. Bureau of Labor Statistics, May 2024 Occupational Employment and Wage Statistics (OEWS), https://www.bls.gov/oes/current/oes472121.htm",,,"Data from the U.S. Census Bureau Building Permits Survey shows a downward trend in residential building permit activity across the Los Angeles-Long Beach-Anaheim MSA, driven by sharp declines in multifamily unit authorizations (falling by 1,172 units year-over-year from 1,728 to 556 in mid-year comparisons) despite small gains in single-family permitting.","U.S. Census Bureau, Building Permits Survey (2025), https://www.census.gov/construction/bps/index.html"
glass-glazing,Louisville,KY,"According to BLS OEWS data, there were approximately 270 Glaziers (SOC 47-2121) employed in the Louisville/Jefferson County, KY-IN metropolitan statistical area, representing an employment concentration of 0.400 glaziers per 1,000 total jobs (location quotient of 1.14).","U.S. Bureau of Labor Statistics, Occupational Employment and Wage Statistics (OEWS), 2023, https://www.bls.gov/oes/current/oes_31140.htm",,,"Single-family residential permitting activity in the Louisville metro area reached 3,400 units in the 12 months ending September 2024, an 11% increase compared to the prior 12-month period and an uptick from the 2022-2023 annual average of 3,225 permitted homes.","U.S. Department of Housing and Urban Development (HUD) Office of Policy Development and Research (PD&R), Housing Market Profiles: Louisville, Kentucky-Indiana, 2024, https://www.huduser.gov"
glass-glazing,Memphis,TN,"According to the U.S. Bureau of Labor Statistics Occupational Employment and Wage Statistics (OEWS), the Memphis, TN-MS-AR metropolitan statistical area employed approximately 220 glaziers (SOC 47-2121) as of May 2023, representing a location quotient of 1.02 relative to national trade density.","U.S. Bureau of Labor Statistics, 2023, https://www.bls.gov/oes/current/oes_32820.htm",,,"Residential building permit activity in the Memphis area experienced a declining trend between 2018 and 2023 according to U.S. Census Bureau Building Permits Survey data, reflecting a broader regional pullback in new construction across major Southeastern metro areas.","Southeast Energy Efficiency Alliance, 2024, https://seealliance.org"
glass-glazing,Miami,FL,"According to BLS Occupational Employment and Wage Statistics (OEWS) May 2023 data, there were 1,310 Glaziers (SOC 47-2121) employed in the Miami-Fort Lauderdale-West Palm Beach, FL metropolitan statistical area, representing 0.48 glaziers per 1,000 jobs (a location quotient of 1.37 relative to the national average) with an annual mean wage of $45,900.","U.S. Bureau of Labor Statistics (BLS) OEWS, 2023, https://www.bls.gov/oes/current/oes_33100.htm",,,"According to the U.S. Census Bureau Building Permits Survey, total private housing units authorized by building permits in the Miami-Fort Lauderdale-Pompano Beach, FL MSA followed a downward trajectory, shifting from 13,393 units in 2021 to 11,605 in 2022, recovering to 12,781 in 2023, and falling to 10,608 in 2024 (a ~20.8% net decrease over the four-year period).","U.S. Census Bureau, Building Permits Survey (retrieved via FRED, Federal Reserve Bank of St. Louis), 2024, https://fred.stlouisfed.org/series/MIAM112BPPRIVSA"
glass-glazing,Milwaukee,WI,"According to the U.S. Bureau of Labor Statistics May 2023 Occupational Employment and Wage Statistics (OEWS), the Milwaukee-Waukesha-West Allis, WI metropolitan statistical area employed approximately 180 Glaziers (SOC 47-2121), earning an average hourly wage of $39.03 and an annual mean wage of $72,000.","U.S. Bureau of Labor Statistics, 2023, https://www.bls.gov/oes/current/oes_33340.htm",,,"According to U.S. Census Bureau Building Permits Survey data analyzed by the Wisconsin Policy Forum, housing unit permits in the Milwaukee-Waukesha-West Allis MSA saw a modest 9.7% increase compared to the prior four-year average, with multi-family construction driving most new activity while overall permitting volume remained below pre-2008 historical highs.","Wisconsin Policy Forum, 2021"
glass-glazing,Minneapolis-St. Paul,MN,"According to the U.S. Bureau of Labor Statistics (BLS), the Minneapolis-St. Paul-Bloomington, MN-WI Metropolitan Statistical Area employed approximately 450 glaziers (SOC 47-2121) in May 2023, representing an employment density of 0.23 glaziers per 1,000 jobs and a location quotient of 0.66.","U.S. Bureau of Labor Statistics (BLS), 2024, https://www.bls.gov/oes/current/oes472121.htm",7302,"Angi, 2026, https://www.angi.com","Residential building permit volume in the Minneapolis-St. Paul metropolitan area experienced a downward trend over recent years, dropping from peak levels above 18,000 units annually through 2022 down to 15,596 units in 2023, 12,339 units in 2024, and 12,161 units in 2025, driven largely by a sharp drop in multifamily apartment permitting.","Federal Reserve Bank of Minneapolis (U.S. Census Bureau Building Permits Survey data), 2026, https://www.minneapolisfed.org"
glass-glazing,Nashville,TN,"According to the May 2023 Occupational Employment and Wage Statistics (OEWS) data, the Nashville-Davidson--Murfreesboro--Franklin, TN MSA employed 440 Glaziers (SOC 47-2121), with an employment location quotient of 1.17 relative to the national average.","U.S. Bureau of Labor Statistics (BLS) Occupational Employment and Wage Statistics (OEWS), 2023, https://www.bls.gov/oes/current/oes_34980.htm",,,"According to the U.S. Census Bureau Building Permits Survey, new privately-owned housing units authorized in the Nashville-Davidson--Murfreesboro--Franklin CBSA totaled 23,558 units in 2023, 19,203 units in 2024, and 23,453 units in 2025, maintaining high construction volume relative to national peer metros.","U.S. Census Bureau Building Permits Survey, 2025, https://www.census.gov/construction/bps"
glass-glazing,New Orleans,LA,"According to the U.S. Bureau of Labor Statistics Occupational Employment and Wage Statistics (OEWS) May 2023 estimates, there were 360 Glaziers (SOC 47-2121) employed in the New Orleans-Metairie, LA MSA, with an employment density representing a location quotient of 0.699 relative to the national baseline (down slightly from 380 glaziers and a 0.738 location quotient in May 2022).","U.S. Bureau of Labor Statistics (BLS), 2024, https://www.bls.gov/oes/current/oes_35380.htm",,,"Residential construction permitting in the New Orleans-Metairie MSA has trended downward over recent years, falling to 1,200 total authorized housing units for the 12 months ending February 2024, down from higher post-pandemic building levels due to elevated interest rates, severe property insurance market dislocations, and higher coastal construction compliance costs.","U.S. Department of Housing and Urban Development (HUD) / U.S. Census Bureau Building Permits Survey, 2024, https://www.huduser.gov/portal/ushmc/chma_archive.html"
glass-glazing,New York,NY,"In the New York-Newark-Jersey City, NY-NJ-PA metropolitan statistical area, there were 2,170 employed Glaziers (SOC 47-2121), representing a density of 0.23 glaziers per 1,000 jobs in the metro area.","U.S. Bureau of Labor Statistics, May 2023 Occupational Employment and Wage Statistics (OEWS), https://www.bls.gov/oes/current/oes472121.htm",,,"Single-family building permit volume in the New York-Newark-Jersey City metropolitan area rose by 15% to 19% year-over-year in 2024, while multifamily permit activity surged by over 70% to 12,050 permitted units, driven by tight rental inventory and new state tax incentives.","U.S. Department of Housing and Urban Development (HUD User), Regional Housing Market Conditions (New York/New Jersey Region), 2024"
glass-glazing,Oklahoma City,OK,"According to the U.S. Bureau of Labor Statistics, the Oklahoma City, OK metropolitan statistical area employed 340 glaziers (SOC 47-2121) as of May 2023, representing a location quotient of 1.47 and indicating a higher employment concentration in the glass and glazing trade relative to the national average.","U.S. Bureau of Labor Statistics, 2023 Occupational Employment and Wage Statistics (OEWS), https://www.bls.gov/oes/current/oes_36420.htm",,,"According to U.S. Census Bureau Building Permits Survey data, residential building permits in the Oklahoma City MSA increased by 9.9% from 6,129 units in 2022 to 6,736 units in 2023. Single-family home permits comprised 91.0% of total residential construction authorizations, marking the highest single-family share among major U.S. metropolitan areas.","U.S. Census Bureau, 2023 Building Permits Survey, https://www.census.gov/construction/bps"
glass-glazing,Orlando,FL,"According to the May 2023 BLS Occupational Employment and Wage Statistics, the Orlando-Kissimmee-Sanford, FL MSA employed 620 glaziers (SOC 47-2121), with a location quotient of 1.10 relative to national concentration, a mean hourly wage of $22.54, and an annual mean wage of $46,890.","U.S. Bureau of Labor Statistics, May 2023 Metropolitan and Nonmetropolitan Area Occupational Employment and Wage Estimates: Orlando-Kissimmee-Sanford, FL, https://www.bls.gov/oes/current/oes_36740.htm",,,"In the Orlando-Kissimmee-Sanford MSA, construction activity remains robust across both single-family and multifamily sectors. As of July 1, 2024, HUD reported 17,750 rental units and 9,200 single-family sales homes under construction. Analysis of Census Building Permits Survey data further shows a strong rebound in multifamily permitting rates to 4.5 units per 1,000 residents in 2025, returning to 2021 peak levels.","U.S. Department of Housing and Urban Development (HUD), 2024 Comprehensive Housing Market Analysis: Orlando-Kissimmee-Sanford, Florida, https://www.huduser.gov/portal/ushmc/chma_archive.html"
glass-glazing,Philadelphia,PA,"According to the U.S. Bureau of Labor Statistics May 2023 OEWS data, the Philadelphia-Camden-Wilmington, PA-NJ-DE-MD metropolitan statistical area employed approximately 550 Glaziers (SOC 47-2121), reflecting a location quotient of 0.56 compared to the national average, with an annual mean wage of $69,190 ($33.27 per hour).","U.S. Bureau of Labor Statistics, May 2023 OEWS Metropolitan and Nonmetropolitan Area Occupational Employment and Wage Estimates: Philadelphia-Camden-Wilmington, PA-NJ-DE-MD, 2023, https://www.bls.gov/oes/current/oes_37980.htm",,,"Following a massive pre-tax abatement tax restructuring spike in 2021 when permitted units reached 25,257 in Philadelphia County, housing construction permitted volume dropped sharply to 3,223 units in 2022, 3,863 units in 2023, and 2,962 units in 2024, stabilizing around long-term historical baseline averages.","U.S. Census Bureau via Federal Reserve Bank of St. Louis (FRED), New Private Housing Structures Authorized by Building Permits for Philadelphia County, PA [BPPRIV042101], 2024, https://fred.stlouisfed.org/series/BPPRIV042101"
glass-glazing,Phoenix,AZ,"In the Phoenix-Mesa-Chandler, AZ MSA, Glaziers (SOC 47-2121) recorded a location quotient of 3.46 as of May 2024, reflecting a trade employment concentration more than three times the national average.","U.S. Bureau of Labor Statistics (BLS) Occupational Employment and Wage Statistics, 2024, https://www.bls.gov/oes",,,"Residential building permit volume in the Phoenix-Mesa-Chandler MSA reached 45,616 units in 2023 (a slight decline from 47,369 in 2022 and 51,923 in 2021). Permitting activity accelerated in early 2024, pacing toward over 58,000 units.","U.S. Census Bureau Building Permits Survey / Common Sense Institute Arizona, 2024"
glass-glazing,Pittsburgh,PA,"According to the U.S. Bureau of Labor Statistics May 2023 OEWS report, the Pittsburgh, PA Metropolitan Statistical Area employed 220 Glaziers (SOC 47-2121), representing a location quotient of 0.59 and an employment concentration of approximately 0.206 glaziers per 1,000 total jobs in the metropolitan area.","U.S. Bureau of Labor Statistics, Occupational Employment and Wage Statistics (OEWS), 2023, https://www.bls.gov/oes/current/oes_38300.htm",,,"According to HUD market data, residential permitting in the Pittsburgh HMA scaled back following elevated activity in 2022 and 2023. Annual rental permitting averaged 3,975 units across 2022 and 2023 before declining 19% to approximately 3,225 units for the 12 months ending April 2024.","U.S. Department of Housing and Urban Development (HUD), Comprehensive Housing Market Analysis: Pittsburgh, Pennsylvania, 2024, https://www.huduser.gov/portal/ushmc/chma_archive.html"
glass-glazing,Portland,OR,"In the Portland-Vancouver-Hillsboro, OR-WA metropolitan statistical area, there are approximately 470 employed Glaziers (SOC 47-2121), representing a location quotient of 1.10 relative to national concentration, with a median hourly wage of $28.84 and an average annual wage of $71,280.","U.S. Bureau of Labor Statistics (BLS) Occupational Employment and Wage Statistics (OEWS), 2024, https://www.bls.gov/oes/current/oes_38900.htm",,,"Construction permitting activity in the Portland-Vancouver-Hillsboro metro area has trended downward, with U.S. Census Bureau Building Permits Survey data showing single-family authorizations down 2.7% and multifamily building permits declining by 58.5% year-over-year in 2024.","U.S. Census Bureau Building Permits Survey / Realtor.com Research, 2025"
glass-glazing,Providence,RI,"According to the U.S. Bureau of Labor Statistics, the Providence-Warwick, RI-MA Metropolitan Statistical Area employed approximately 140 glaziers (SOC 47-2121) as of May 2023, with an annual mean wage of $60,980 ($29.32 hourly wage).","U.S. Bureau of Labor Statistics (BLS) Occupational Employment and Wage Statistics (OEWS), 2023, https://www.bls.gov/oes/current/oes_39300.htm",,,"Residential building permit activity in the Providence-Warwick, RI-MA MSA has remained subdued overall compared to national averages (authorizing between 0.7 and 3.6 units per 1,000 existing homes in recent years), though multi-family permitting saw a noticeable uptick in 2024 with 656 units authorized (a 175.4% increase over recent annual multi-family baselines).","Construction Coverage (citing U.S. Census Bureau Building Permits Survey), 2025, https://constructioncoverage.com/research/cities-building-the-most-homes"
glass-glazing,Raleigh,NC,"According to the U.S. Bureau of Labor Statistics Occupational Employment and Wage Statistics, Glaziers in the Raleigh-Cary, NC MSA recorded a high location quotient of 3.46, indicating a significantly higher relative concentration of trade employment compared to national averages.","U.S. Bureau of Labor Statistics, Occupational Employment and Wage Statistics, 2024, https://www.bls.gov/oes",,,"Building permit activity in the Raleigh-Cary, NC MSA has trended upward, with trailing 12-month authorized residential units increasing 15.5% year-over-year to 18,396 total permits, representing a dense construction pace of approximately 12.7 to 12.8 permits per 1,000 residents.","U.S. Census Bureau, Building Permits Survey (retrieved via FRED, Federal Reserve Bank of St. Louis), 2026, https://fred.stlouisfed.org/series/RALE537BPPRIV"
glass-glazing,Richmond,VA,"According to the U.S. Bureau of Labor Statistics May 2023 Occupational Employment and Wage Statistics estimates, the Richmond, VA metropolitan statistical area employed 90 glaziers (SOC 47-2121) with an annual mean wage of $46,680.","U.S. Bureau of Labor Statistics, 2024, https://www.bls.gov/oes/current/oes_40060.htm",,,"Residential building permit volume in the Richmond metro area trended downward in 2024 compared to 2023, with projected housing units permitted falling to approximately 58 units per 10,000 residents.","U.S. Census Bureau / Axios Richmond, 2024, https://www.axios.com/local/richmond/2024/08/12/housing-permits-decline-construction-data"
glass-glazing,Riverside-San Bernardino,CA,"The U.S. Bureau of Labor Statistics (BLS) reports an estimated 850 Glaziers (SOC 47-2121) employed in the Riverside-San Bernardino-Ontario, CA metropolitan statistical area as of May 2023, representing an occupational density of 0.514 per 1,000 jobs and a location quotient of 1.46 compared to the national average.","U.S. Bureau of Labor Statistics (2023), May 2023 Metropolitan and Nonmetropolitan Area Occupational Employment and Wage Estimates: Riverside-San Bernardino-Ontario, CA, https://www.bls.gov/oes/current/oes_40140.htm",,,"The Riverside-San Bernardino-Ontario MSA authorized 16,320 new residential housing units in 2022, representing a 4.6% increase over 2021 with a total valuation of $3.9 billion. Overall permitting remained active through 2023 with 18,608 total residential units authorized across single-family and multi-family developments.","U.S. Census Bureau (2023), Building Permits Survey 2022/2023 Annual Data, https://www.census.gov/construction/bps"
glass-glazing,Sacramento,CA,"In the Sacramento-Roseville-Arden-Arcade metro area, there were 580 Glaziers (SOC 47-2121) employed, with an employment density of 0.556 per 1,000 jobs and a location quotient of 0.56 relative to national levels.","U.S. Bureau of Labor Statistics, May 2023 Occupational Employment and Wage Statistics (OEWS), 2024, https://www.bls.gov/oes/current/oes_40900.htm",,,"Construction activity in the Sacramento-Roseville-Folsom MSA showed positive growth, with regional housing starts up 24.3% for the 12 months ending June 2024 and total private housing permits remaining solid at over 7,600 annual single-family units.","U.S. Census Bureau Building Permits Survey via Federal Reserve Bank of St. Louis (FRED), 2025, https://fred.stlouisfed.org/series/SACR906BPPRIVSA"
glass-glazing,Salt Lake City,UT,"In the Salt Lake City, UT Metropolitan Statistical Area, there were 590 employed glaziers (SOC 47-2121) as of May 2023, representing an above-average trade density with a location quotient of 2.09 compared to the national rate.","U.S. Bureau of Labor Statistics (BLS) Occupational Employment and Wage Statistics (OEWS), May 2023, https://www.bls.gov/oes/current/oes_41620.htm",,,"Residential building permitting in the Salt Lake City metropolitan area experienced a decline through 2024, dropping statewide to approximately 22,000 authorized units (the lowest level since 2016, driven largely by a drop in apartment construction), before seeing a modest multi-family permitting uptick during 2025.","U.S. Census Bureau Building Permits Survey / FRED (Federal Reserve Bank of St. Louis), 2024, https://fred.stlouisfed.org/series/SALT649BPPRIVSA"
glass-glazing,San Antonio,TX,"According to the Bureau of Labor Statistics OEWS survey, the San Antonio-New Braunfels, TX MSA had an estimated 460 employed Glaziers (SOC 47-2121) in May 2023, representing a location quotient (employment density) of 1.21 relative to national average concentration.","U.S. Bureau of Labor Statistics (BLS), Occupational Employment and Wage Statistics (OEWS) May 2023, https://www.bls.gov/oes/current/oes_41700.htm",,,"Residential permitting activity in the San Antonio-New Braunfels MSA trended downward from 2022 through 2023, with sales unit building permits declining by an average of 17% annually from a peak of 22,300 units permitted in 2021, primarily driven by higher interest rates.","U.S. Department of Housing and Urban Development (HUD), Comprehensive Housing Market Analysis: San Antonio-New Braunfels, Texas (2024), https://www.huduser.gov/portal/ushmc/chma_archive.html"
glass-glazing,San Diego,CA,"According to the U.S. Bureau of Labor Statistics, there were 870 employed Glaziers (SOC 47-2121) in the San Diego-Carlsbad, CA Metropolitan Statistical Area in May 2023, representing an employment density of 0.574 glaziers per 1,000 total jobs in the metropolitan area.","U.S. Bureau of Labor Statistics (BLS) Occupational Employment and Wage Statistics (OEWS), 2023, https://www.bls.gov/oes/current/oes_41740.htm",,,"Building permit activity in San Diego County trended upward from 10,822 total units with $2.18 billion in total construction valuation in 2023 (2,957 single-family and 7,865 multi-family units) to 11,193 total units valued at $2.61 billion in 2024 (3,327 single-family and 7,866 multi-family units).","U.S. Census Bureau Building Permits Survey / California Employment Development Department, 2024, https://www.labormarketinfo.edd.ca.gov"
glass-glazing,San Francisco,CA,"According to the U.S. Bureau of Labor Statistics May 2023 Occupational Employment and Wage Statistics (OEWS) data, the San Francisco-Oakland-Hayward, CA Metropolitan Statistical Area employed 1,160 glaziers (SOC 47-2121), representing approximately 0.48 glaziers per 1,000 jobs and a location quotient of 1.36 compared to the national average.","U.S. Bureau of Labor Statistics, Occupational Employment and Wage Statistics (OEWS), 2023, https://www.bls.gov/oes/current/oes472121.htm",,,"Residential building permit volume in the San Francisco-Oakland-Berkeley metro area contracted sharply, plunging 32.3% year-over-year in 2023 due to elevated financing rates, high construction costs, and slowing project starts.","U.S. Census Bureau, Building Permits Survey, 2024, https://fred.stlouisfed.org/series/SANF806BPPRIV"
glass-glazing,San Jose,CA,"According to the U.S. Bureau of Labor Statistics Occupational Employment and Wage Statistics (OEWS), the San Jose-Sunnyvale-Santa Clara, CA MSA employed 360 glaziers with an employment density of 0.312 per 1,000 jobs (location quotient of 0.89) and an annual mean wage of $89,230.","U.S. Bureau of Labor Statistics, 2024, https://www.bls.gov/oes/current/oes_41940.htm",,,"Residential building permit volume in the San Jose-Sunnyvale-Santa Clara metro area has trended downward, with overall housing permits dropping 68% from 1,949 permits in July 2020 to 623 permits in July 2025, and multifamily permits falling 41% year-over-year from 1,729 units (Jan-Jul 2024) to 1,013 units (Jan-Jul 2025).","U.S. Census Bureau, 2025, https://www.census.gov/construction/bps"
glass-glazing,Seattle,WA,"In the Seattle-Tacoma-Bellevue, WA MSA, there were 1,460 employed Glaziers (SOC 47-2121) as of May 2023, yielding a location quotient of 2.00 compared to the national average, indicating double the national employment concentration for the trade.","U.S. Bureau of Labor Statistics, 2024, https://www.bls.gov/oes/current/oes472121.htm",,,"According to the U.S. Census Bureau Building Permits Survey, residential construction permitting in the Seattle-Tacoma-Bellevue MSA experienced a downward trend following high delivery periods, with multifamily unit permitting dropping 36.1% year-over-year into early 2025 due to higher interest rates and softening market rent growth.","U.S. Census Bureau Building Permits Survey, 2025, https://www.census.gov/construction/bps"
glass-glazing,St. Louis,MO,"According to the U.S. Bureau of Labor Statistics Occupational Employment and Wage Statistics (OEWS) data, the St. Louis, MO-IL metropolitan statistical area employed approximately 310 glaziers (SOC 47-2121) in May 2023, representing an employment density of 0.237 glaziers per 1,000 jobs.","U.S. Bureau of Labor Statistics, 2023, https://www.bls.gov/oes/current/oes_41180.htm",,,"New private housing units authorized by building permits in the St. Louis, MO-IL MSA experienced a downward trajectory following peaks in 2021-2022, reflecting broader regional construction moderations.","U.S. Census Bureau via FRED, Federal Reserve Bank of St. Louis, 2024, https://fred.stlouisfed.org/series/STLBPPRIV"
glass-glazing,Tampa,FL,"According to BLS OEWS estimates, the Tampa-St. Petersburg-Clearwater, FL MSA employed 620 Glaziers (SOC 47-2121) with an employment density of 0.436 per 1,000 jobs and a location quotient of 1.24 (24% higher concentration than the national average), reflecting a strong local concentration of trade professionals.","U.S. Bureau of Labor Statistics (BLS) Occupational Employment and Wage Statistics (OEWS), 2023, https://www.bls.gov/oes/current/oes_45300.htm",,,"Residential building permit volume in the Tampa-St. Petersburg-Clearwater MSA remains among the highest in the nation, ranking #9 overall with 22,819 new residential housing units authorized in 2024, driven by ongoing single-family and multi-family construction activity.","U.S. Census Bureau Building Permits Survey (BPS), 2024, https://www.census.gov/construction/bps"
glass-glazing,Virginia Beach,VA,"The Virginia Beach-Norfolk-Newport News, VA-NC metropolitan statistical area employs approximately 200 Glaziers (SOC 47-2131), representing an employment concentration of 0.277 glaziers per 1,000 total jobs in the MSA.","U.S. Bureau of Labor Statistics, Occupational Employment and Wage Statistics (OEWS), May 2023, https://www.bls.gov/oes/current/oes472131.htm",,,"Construction activity and permitting in the metro's core market trended upward from 2023 through 2025, with completed new housing units in Virginia Beach rising from 985 in 2023 to 1,221 in 2024, and total new construction valuation reaching $719 million in 2025.","City of Virginia Beach Real Estate Assessor's Office, FY 2027 Annual Report, 2026"
glass-glazing,Washington DC,DC,"The Washington-Arlington-Alexandria, DC-VA-MD-WV metropolitan area employed 1,140 glaziers (SOC 47-2121) as of May 2023, reflecting a density of 0.369 glaziers per 1,000 jobs and a location quotient of 1.05 relative to the national average.","U.S. Bureau of Labor Statistics, Occupational Employment and Wage Statistics (OEWS), 2023, https://www.bls.gov/oes/current/oes_47900.htm",,,"New private housing units authorized by building permits in the Washington-Arlington-Alexandria, DC-VA-MD-WV MSA reached a multi-year peak in 2021 before following a downward trend through 2023 and 2024 as elevated borrowing costs slowed regional residential construction momentum.","U.S. Census Bureau, Building Permits Survey (retrieved via FRED, Federal Reserve Bank of St. Louis, Series WASH911BPPRIV), 2024, https://fred.stlouisfed.org/series/WASH911BPPRIV"
doors-access,Atlanta,GA,"In the Atlanta-Sandy Springs-Roswell, GA MSA, the U.S. Bureau of Labor Statistics reports trade-specific occupational employment including 370 Mechanical Door Repairers (SOC 49-9011) with a mean annual wage of $50,790, 300 Locksmiths and Safe Repairers (SOC 49-9094) with a mean annual wage of $63,460, and 6,030 Carpenters (SOC 47-2031).","U.S. Bureau of Labor Statistics (BLS) Occupational Employment and Wage Statistics (OEWS), 2024, https://www.bls.gov/oes/current/oes_12060.htm",,,"Residential construction permitting in the Atlanta-Sandy Springs-Roswell MSA cooled modestly in 2023-2024 following strong post-pandemic expansion; total multifamily permitting registered 13,937 authorized units in 2024, representing a 2.6% year-over-year decline while remaining 31.5% above its 5-year historical baseline.","U.S. Census Bureau Building Permits Survey / Realtor.com Research, 2025"
doors-access,Austin,TX,"According to the U.S. Bureau of Labor Statistics (BLS) May 2023 Occupational Employment and Wage Statistics (OEWS) estimates, the Austin-Round Rock, TX metropolitan statistical area employed 3,600 Carpenters (SOC 47-2031) and 110 Locksmiths and Safe Repairers (SOC 49-9094), providing occupational density context for door and access installation trades.","U.S. Bureau of Labor Statistics, May 2023 OEWS Metropolitan Estimates for Austin-Round Rock, TX, 2024, https://www.bls.gov/oes/current/oes_12420.htm",,,"Residential building permit activity in the Austin-Round Rock-Georgetown MSA trended downward from a high of 50,772 units in 2021 to 42,942 units in 2022 (-15.4%) and 32,025 units in 2023 (-25.4%), before stabilizing with 32,294 authorized units in 2024.","U.S. Census Bureau, Building Permits Survey (via Rice University Kinder Institute for Urban Research and Construction Coverage), 2024, https://kinder.rice.edu"
doors-access,Baltimore,MD,"According to U.S. Bureau of Labor Statistics Occupational Employment and Wage Statistics (OEWS), the Baltimore-Columbia-Towson, MD metropolitan statistical area employed 200 Locksmiths and Safe Repairers (SOC 49-9094) and 150 Cabinetmakers and Bench Carpenters (SOC 51-7011) across a regional population of approximately 2.84 million residents.","U.S. Bureau of Labor Statistics, May 2023 Metropolitan and Nonmetropolitan Area Occupational Employment and Wage Estimates: Baltimore-Columbia-Towson, MD (2024), https://www.bls.gov/oes/current/oes_12580.htm",,,"Building permit activity in the Baltimore-Columbia-Towson metro area showed a strong positive trend, authorizing 5,514 residential units over a trailing 12-month period, representing a 24.2% year-over-year increase (approximately 1.94 to 2.17 permits per 1,000 residents).","U.S. Census Bureau, Building Permits Survey (2024), https://www.census.gov/construction/bps"
doors-access,Birmingham,AL,"According to the BLS May 2023 Occupational Employment and Wage Statistics (OEWS), the Birmingham-Hoover, AL MSA employs approximately 160 Mechanical Door Repairers (SOC 49-9011) representing a location quotient of 1.76 (0.323 per 1,000 jobs), alongside 1,820 Carpenters (SOC 47-2031) who perform frame and finish door installations.","U.S. Bureau of Labor Statistics, May 2023 Occupational Employment and Wage Statistics, https://www.bls.gov/oes/current/oes_13820.htm",,,"According to HUD and U.S. Census Bureau Building Permits Survey data, residential permitting in the Birmingham-Hoover, AL MSA reached 2,875 total units in 2022, up from prior years, with trailing 12-month permit volumes accelerating past 4,300 authorized units.","U.S. Department of Housing and Urban Development (HUD User), Comprehensive Housing Market Analysis: Birmingham-Hoover, Alabama, 2023"
doors-access,Boston,MA,,,1465,"Angi, 2026, https://www.angi.com","New residential building permits in the Boston-Cambridge-Newton, MA-NH MSA declined 12.1% to 14,593 authorized units in 2022, though total permit valuation rose 7.5% to $4.0 billion. In 2024, multi-family permitting in structures with 5+ units decreased by 22.3% year-over-year to 2,936 units.","U.S. Census Bureau Building Permits Survey, 2024, https://www.census.gov/construction/bps/index.html"
doors-access,Buffalo,NY,"In the Buffalo-Cheektowaga-Niagara Falls, NY MSA (population ~1.15 million), the Bureau of Labor Statistics OEWS reports 2,410 employed Carpenters (SOC 47-2031, covering door and window frame installation) with a location quotient of 0.99 relative to the national average, and 360 Control and Valve Installers and Repairers (SOC 49-9011) covering specialized access mechanisms.","U.S. Bureau of Labor Statistics (BLS), May 2023 Metropolitan and Nonmetropolitan Area Occupational Employment and Wage Estimates: Buffalo-Cheektowaga-Niagara Falls, NY (2024), https://www.bls.gov/oes/current/oes_15380.htm",,,"Residential building permit activity in the Buffalo-Cheektowaga-Niagara Falls MSA contracted from 3,197 total units in 2022 to 2,101 units in 2023, followed by a modest recovery to 2,659 authorized units for the 12 months ending July 2024.","U.S. Department of Housing and Urban Development (HUD), Comprehensive Housing Market Analysis: Buffalo-Cheektowaga-Niagara Falls, New York (2024), https://www.huduser.gov/portal/ushmc/chma_archive.html"
doors-access,Charlotte,NC,"According to the U.S. Bureau of Labor Statistics Occupational Employment and Wage Statistics (OEWS), the Charlotte-Concord-Gastonia, NC-SC MSA had 3,740 employed carpenters (SOC 47-2031), the core trade classification performing door and access framing and installation, representing a location quotient of 0.62 relative to the national average, with a mean hourly wage of $23.51.","U.S. Bureau of Labor Statistics, Occupational Employment and Wage Statistics (2023), https://www.bls.gov/oes/current/oes16740.htm",888,"Angi, Door Installation Cost in Charlotte, NC (2026), https://www.angi.com","Residential building permit activity in the Charlotte-Concord-Gastonia MSA remains elevated at approximately 20,262 housing units authorized trailing-twelve-months (~7.59 to 7.70 permits per 1,000 residents, over twice the national rate), moderating slightly from 27,168 authorized units in 2022.","U.S. Census Bureau, Building Permits Survey / Federal Reserve Bank of St. Louis FRED (2024), https://fred.stlouisfed.org/series/CHAR737BPPRIV"
doors-access,Chicago,IL,"According to the U.S. Bureau of Labor Statistics May 2023 OEWS estimates, the Chicago-Naperville-Elgin, IL-IN-WI metropolitan statistical area employed 18,890 carpenters (4.19 per 1,000 jobs) and 410 locksmiths and safe repairers (0.091 per 1,000 jobs) providing structural, door, and security access hardware installation services across the metro.","U.S. Bureau of Labor Statistics, May 2023 OEWS Metropolitan Estimates, https://www.bls.gov/oes/current/oes_16980.htm",1303,"Angi, 2026 Door Installation Cost in Chicago IL Report, https://www.angi.com/articles/how-much-does-door-installation-cost-chicago-il.htm","In 2024, the Chicago-Naperville-Elgin CBSA authorized 15,411 total new privately-owned housing units, ranking 14th among U.S. metropolitan statistical areas, though representing a cooling trend from historical and post-pandemic peak levels exceeding 22,000 annual authorized units.","U.S. Census Bureau, 2024 Annual Building Permits Survey, https://www.census.gov/construction/bps"
doors-access,Cincinnati,OH,"According to the U.S. Bureau of Labor Statistics May 2023 Occupational Employment and Wage Statistics (OEWS), the Cincinnati, OH-KY-IN metropolitan area had 4,350 employed carpenters (SOC 47-2031) and 870 installation, maintenance, and repair workers, all other (SOC 49-9099), representing the core local installation workforce for doors, framing, and access hardware.","U.S. Bureau of Labor Statistics (BLS), 2024, https://www.bls.gov/oes/current/oes_17140.htm",,,"Single-family building permitting in the Cincinnati, OH-KY-IN MSA rose to 4,250 units for the 12 months ending August 2025, up from 3,925 units in the previous 12-month period. Multifamily permitting stood at 2,525 units over the same 12-month period, slightly down from 2,650 units a year prior, while maintaining consistency with the 2021-2023 annual average of 2,550 units.","U.S. Department of Housing and Urban Development (HUD User) & U.S. Census Bureau, 2025, https://www.huduser.gov"
doors-access,Cleveland,OH,"As of May 2023, the Cleveland-Elyria, OH metropolitan statistical area had an estimated employment of 3,280 Carpenters (SOC 47-2031, covering finish carpentry and door installation trades), representing a location quotient of 0.71 relative to the national average and a mean hourly wage of $28.74 ($57,660 annually).","U.S. Bureau of Labor Statistics, 2024, https://www.bls.gov/oes/current/oes_17460.htm",,,"According to HUD and U.S. Census Bureau Building Permits Survey metrics, residential building permitting in the Cleveland-Elyria, OH MSA totaled 3,491 units in 2023 before rebounding strongly in 2024 with a 28.6% year-over-year increase to 4,175 permits over trailing 12-month activity.","U.S. Department of Housing and Urban Development / U.S. Census Bureau, 2024"
doors-access,Columbus,OH,"In the Columbus, OH MSA, occupational employment for carpenters (SOC 47-2031), who perform finish carpentry, door, and structural framing installations, was recorded at 4,067 workers.","U.S. Bureau of Labor Statistics & Ohio Bureau of Labor Market Information, 2021, https://www.ohiolmi.com",,,"Residential building permit activity in the Columbus, OH MSA reached 13,709 authorized units over the trailing 12-month period, reflecting a 63.7% year-over-year expansion and yielding a rate of 6.37 permits per 1,000 residents.","U.S. Census Bureau, Building Permits Survey, 2024, https://www.census.gov/construction/bps"
doors-access,Dallas-Fort Worth,TX,"According to the U.S. Bureau of Labor Statistics OEWS, the Dallas-Fort Worth-Arlington, TX MSA employs approximately 770 Mechanical Door Repairers (SOC 49-9011, covering automatic door, overhead door, and garage door mechanics/installers) as of May 2023, reflecting a location quotient of 1.06 relative to national employment concentration.","U.S. Bureau of Labor Statistics (BLS), 2023 Occupational Employment and Wage Statistics (OEWS), https://www.bls.gov/oes/2023/may/oes499011.htm",,,"Dallas-Fort Worth led all major U.S. metropolitan areas in residential construction permitting in 2024 with 71,788 authorized housing units. While Texas single-family residential permit issuance moderated by 11.7% in 2025 due to elevated interest rates, overall construction permitting volume in the DFW metroplex remains among the highest nationwide.","U.S. Census Bureau Building Permits Survey / Federal Reserve Bank of St. Louis (FRED), 2024-2025, https://fred.stlouisfed.org/series/DALL148BPPRIV"
doors-access,Denver,CO,"According to the BLS Occupational Employment and Wage Statistics (OEWS), the Denver-Aurora-Lakewood, CO metropolitan statistical area had an estimated 9,140 employed carpenters in May 2023, representing 5.75 per 1,000 jobs and a location quotient of 1.25.","U.S. Bureau of Labor Statistics, May 2023 OEWS Metropolitan and Nonmetropolitan Area Occupational Employment and Wage Estimates, 2023, https://www.bls.gov/oes/current/oes_19780.htm",1200,"Angi, How Much Does Garage Door Replacement Cost in Denver?, 2026, https://www.angi.com","New private residential housing units authorized by building permits in the Denver-Aurora-Lakewood, CO MSA totaled 15,757 units in 2025, showing a downward trend from 20,650 units authorized in 2023.","U.S. Census Bureau, 2025 Annual Building Permits Survey, 2026, https://www.census.gov/construction/bps"
doors-access,Detroit,MI,"According to the U.S. Bureau of Labor Statistics May 2023 Occupational Employment and Wage Statistics (OEWS), the Detroit-Warren-Dearborn, MI MSA employed 8,610 carpenters (SOC 47-2031), a group encompassing door installers and finish carpentry contractors, representing a location quotient of 0.98 relative to the national employment average.","U.S. Bureau of Labor Statistics, 2023 Occupational Employment and Wage Statistics (OEWS), https://www.bls.gov/oes/current/oes_19820.htm",985,"Angi, 2026 Detroit Door Installation Cost Report, https://www.angi.com","According to the U.S. Census Bureau Building Permits Survey, residential building permit volume in the Detroit-Warren-Dearborn, MI MSA has stabilized at approximately 8,825 housing units authorized over a 12-month period into 2024-2026, reflecting steady regional construction and renovation activity following post-pandemic adjustments.","U.S. Census Bureau, 2024 Building Permits Survey (retrieved via Federal Reserve Bank of St. Louis FRED), https://fred.stlouisfed.org/series/DETR826BPPRIV"
doors-access,Hartford,CT,"According to BLS Occupational Employment and Wage Statistics (OEWS), the Hartford-West Hartford-East Hartford, CT MSA employed 1,830 carpenters (SOC 47-2031, covering door installation and finish carpentry) as of May 2023, representing 3.246 jobs per 1,000 total regional employment and a location quotient of 0.70 relative to the national average.","U.S. Bureau of Labor Statistics, 2024, https://www.bls.gov/oes/current/oes_25540.htm",,,"According to U.S. Census Bureau Building Permits Survey data, the Hartford-West Hartford-East Hartford, CT MSA logged 1,270 total residential housing units authorized by building permits over the trailing 12-month period through May 2026, with May 2026 monthly authorizations (120 units) up 79.1% year-over-year and multifamily units accounting for 64.2% of monthly volume.","U.S. Census Bureau, Building Permits Survey, 2026, https://www.census.gov/construction/bps"
doors-access,Houston,TX,"According to May 2023 BLS OEWS estimates, the Houston-The Woodlands-Sugar Land, TX metropolitan statistical area employed 10,180 carpenters (SOC 47-2031) with an annual mean wage of $49,600 and a location quotient of 0.69 relative to the national average.","U.S. Bureau of Labor Statistics, 2023, https://www.bls.gov/oes/current/oes_26420.htm",890,"Angi, 2026, https://www.angi.com/nearme/garage-door-installation/houston-tx","Residential building permit volume in the Houston-The Woodlands-Sugar Land MSA reached 75,786 units in 2022 before moderating to 68,755 total housing units in 2023 (including 50,444 single-family units), leading all U.S. metropolitan areas in residential permitting before experiencing moderate further declines across single-family and multi-family units through 2024-2025.","U.S. Census Bureau Building Permits Survey / HUD PD&R, 2024"
doors-access,Indianapolis,IN,"According to the U.S. Bureau of Labor Statistics, the Indianapolis-Carmel-Anderson, IN Metropolitan Statistical Area employed 4,460 Carpenters (SOC 47-2031), the primary occupation responsible for door, frame, and entryway access installations, with a mean hourly wage of $28.13 as of May 2023.","U.S. Bureau of Labor Statistics, May 2023 OEWS Metropolitan and Nonmetropolitan Area Occupational Employment and Wage Estimates, 2024, https://www.bls.gov/oes/current/oes_26980.htm",,,"In the Indianapolis-Carmel-Anderson MSA, single-family residential building permits rebounded and increased in 2024 relative to 2022-2023 levels, while multifamily building permitting moderated down in 2024 from an elevated average of approximately 5,100 units per year during 2022-2023.","U.S. Department of Housing and Urban Development (HUD PD&R), Comprehensive Housing Market Analysis: Indianapolis-Carmel-Anderson, Indiana, 2024, https://www.huduser.gov/portal/ushmc/chma_archive.html"
doors-access,Jacksonville,FL,"In the Jacksonville, FL metropolitan statistical area, the U.S. Bureau of Labor Statistics reports 3,440 employed carpenters (SOC 47-2031, which includes finish carpenters and door installers), representing an occupational density of 4.639 jobs per 1,000 total jobs in the metro.","U.S. Bureau of Labor Statistics, May 2023 OEWS Estimates for Jacksonville, FL MSA, 2024, https://www.bls.gov/oes/current/oes_27260.htm",,,"Single-family residential building permits across the four-county Jacksonville metro area (Duval, Clay, Nassau, and St. Johns) rose 6.17% in 2024 to 12,551 permits (up from 11,821 in 2023), before dropping 29.7% in 2025 to 8,828 permits amid broader economic uncertainty, elevated land and labor costs, and reduced builder sales volumes.","Northeast Florida Builders Association via Jax Daily Record, 2026"
doors-access,Kansas City,MO,"In the Kansas City, MO-KS Metropolitan Statistical Area, the BLS reports 4,780 employed carpenters (SOC 47-2031, covering finish carpenters and door installers), representing a trade density of 4.44 carpenters per 1,000 total jobs in the metropolitan economy.","U.S. Bureau of Labor Statistics, May 2023 OEWS Metropolitan and Nonmetropolitan Area Occupational Employment and Wage Estimates - Kansas City, MO-KS MSA (2024), https://www.bls.gov/oes/current/oes_28140.htm",1151,"Angi, 2026 Kansas City, MO Garage Door Replacement Cost Guide (2026), https://www.angi.com/articles/garage-door-replacement-cost.htm","Residential building permitting in the Kansas City MSA experienced a sharp contraction in 2023 and 2024 before rebounding significantly in 2025 and early 2026, with trailing 12-month residential permits reaching 10,714 authorized housing units (a 38.3% year-over-year increase).","U.S. Census Bureau, Building Permits Survey / Mid-America Regional Council (MARC) Housing Production Reports (2024), https://www.marc.org"
doors-access,Las Vegas,NV,"According to the U.S. Bureau of Labor Statistics Occupational Employment and Wage Statistics (OEWS) program for the Las Vegas-Henderson-Paradise, NV MSA, specialty trade construction contractors employ thousands of skilled installers and finish trade workers across the metropolitan area.","U.S. Bureau of Labor Statistics, 2024, https://www.bls.gov/oes/current/oes_29820.htm",4302,"Remodeling Magazine / A+ Garage Doors, 2026, https://aplusgaragedoor.com","New private residential building permit authorizations in the Las Vegas-Henderson-Paradise, NV MSA have experienced a moderate multi-year downward trend, moving from 23,443 authorized units in 2021 to 20,321 in 2022, 18,494 in 2023, 18,557 in 2024, and 17,790 in 2025.","U.S. Census Bureau / FRED, 2026, https://fred.stlouisfed.org/series/LASV832BPPRIV"
doors-access,Los Angeles,CA,"According to the U.S. Bureau of Labor Statistics (BLS) May 2023 Occupational Employment and Wage Statistics, the Los Angeles-Long Beach-Anaheim, CA metropolitan statistical area employed approximately 26,400 Carpenters (SOC 47-2031), the primary classification responsible for door, window frame, and finish access installation, with an annual mean wage of $72,920.","U.S. Bureau of Labor Statistics, 2023, https://www.bls.gov/oes/current/oes472031.htm",1312,"Angi, 2026, https://www.angi.com/articles/how-much-does-it-cost-install-door.htm","According to the U.S. Census Bureau Building Permits Survey, total new residential housing units authorized by building permits in the Los Angeles-Long Beach-Anaheim MSA reached 27,700 units in 2025, representing a 3% increase over 26,781 units in 2024, although overall monthly permitting averages remain approximately 8% below 2019 baseline levels.","U.S. Census Bureau, 2025, https://www.census.gov/construction/bps"
doors-access,Louisville,KY,"According to the U.S. Bureau of Labor Statistics Occupational Employment and Wage Statistics (OEWS) estimates, there were 290 Mechanical Door Repairers (SOC 49-9011) employed in the Louisville/Jefferson County, KY-IN metropolitan statistical area as of May 2023, earning a mean hourly wage of $22.34 ($46,480 annually).","U.S. Bureau of Labor Statistics, 2023, https://www.bls.gov/oes/current/oes_31140.htm",,,"According to the U.S. Department of Housing and Urban Development (HUD) Comprehensive Housing Market Analysis, residential construction permitting expanded in the Louisville, KY-IN metropolitan area, highlighted by a 28% increase in permitted rental units (to nearly 3,625 units) during the 12 months ending April 2023, led by a 49% surge in the Jefferson County submarket.","U.S. Department of Housing and Urban Development, 2023, https://www.huduser.gov/portal/ushmc/chma_archive.html"
doors-access,Memphis,TN,,,,,"Residential building permit activity in the Memphis, TN-MS-AR metropolitan area expanded in 2023-2024 after dropping from 2021 peaks. Total authorized residential units increased 16.8% from 4,130 units (12 months ending May 2023) to 4,825 units (12 months ending May 2024), following 4,722 units in 2022 and 6,678 units in 2021. Single-family authorizations grew from 2,891 to 3,306 units, while rental unit permits rose from 1,239 to 1,519 units over the 12 months ending May 2024.","U.S. Department of Housing and Urban Development (HUD) / U.S. Census Bureau Building Permits Survey, 2024, https://www.huduser.gov/portal/ushmc/chma_archive.html"
doors-access,Miami,FL,"According to the May 2023 BLS Occupational Employment and Wage Statistics (OEWS), the Miami-Fort Lauderdale-West Palm Beach, FL metropolitan area employed 12,520 Carpenters (SOC 47-2031), representing a density of 4.60 per 1,000 jobs, along with 1,310 Glaziers (SOC 47-2121) involved in commercial and residential door and structural entrance installation.","U.S. Bureau of Labor Statistics, May 2023 Occupational Employment and Wage Statistics, https://www.bls.gov/oes/current/oes472031.htm",,,"Residential permitting in the Miami-Fort Lauderdale-West Palm Beach metro area experienced strong overall growth led by multifamily developments, with total monthly permits reaching 2,904 units in Census BPS tracking (up 160% from 2020 levels of 1,117 units), as multifamily permits expanded from 445 to 2,311 units offsetting single-family permit drops.","U.S. Census Bureau, Building Permits Survey (BPS), 2025, https://www.census.gov/construction/bps"
doors-access,Milwaukee,WI,"In the Milwaukee-Waukesha-West Allis, WI MSA, the carpentry trade (SOC 47-2031, covering structural and finish door installation) employed 14,120 workers with a location quotient of 1.07 (5.012 per 1,000 jobs), indicating a contractor density slightly higher than the national average.","U.S. Bureau of Labor Statistics (BLS), May 2022 OEWS Metropolitan and Nonmetropolitan Area Occupational Employment and Wage Estimates - Milwaukee-Waukesha-West Allis, WI, 2023, https://www.bls.gov/oes/current/oes_33340.htm",,,"Single-family residential building permit authorizations in the Milwaukee-Waukesha-West Allis MSA increased modestly from 1,377 units in 2023 to 1,411 units in 2024 (a 2.5% increase), representing a stable and slightly positive construction activity trend.","U.S. Department of Housing and Urban Development (HUD) User, Great Lakes Regional Housing Market Report Q4 2024, 2024, https://www.huduser.gov"
doors-access,Minneapolis-St. Paul,MN,"According to the BLS OEWS May 2023 data for the Minneapolis-St. Paul-Bloomington, MN-WI MSA, there are 410 employed Mechanical Door Repairers (SOC 49-9011) with a location quotient of 1.16 (16% above national average concentration), as well as 450 employed Glaziers (SOC 47-2121).","U.S. Bureau of Labor Statistics, Occupational Employment and Wage Statistics (OEWS), 2024, https://www.bls.gov/oes/current/oes_33460.htm",1077,"Angi, 2026 Minneapolis Garage Door Replacement Cost Guide, 2026, https://www.angi.com","Residential building permit activity across the Minneapolis-St. Paul metropolitan area experienced a sharp decline following peak production years. Place-level permitted housing units in Minneapolis dropped from 1,528 in 2023 to 452 in 2024, while Saint Paul permits plunged from 1,204 in 2023 down to 404 in 2024 and 357 in 2025.","Federal Reserve Bank of Minneapolis, 2026, https://www.minneapolisfed.org and U.S. Census Bureau Building Permits Survey, 2024, https://www.census.gov/construction/bps"
doors-access,Nashville,TN,,,,,"Residential building permit activity in the Nashville-Davidson--Murfreesboro--Franklin MSA has remained elevated, with annual private housing units authorized reaching between 17,900 and 19,000 units (approximately 8.8 to 10 permits per 1,000 residents), reflecting strong momentum across single-family and multi-family construction.","U.S. Census Bureau Building Permits Survey / Federal Reserve Bank of St. Louis (FRED), 2026, https://fred.stlouisfed.org/series/NASH947BPPRIV"
doors-access,New Orleans,LA,"According to U.S. Bureau of Labor Statistics OEWS data, the New Orleans-Metairie, LA MSA employed approximately 1,600 Carpenters (SOC 47-2031) and 50 Locksmiths and Safe Repairers (SOC 49-9094) in the local labor market.","U.S. Bureau of Labor Statistics Occupational Employment and Wage Statistics (OEWS), 2023, https://www.bls.gov/oes/2023/may/oes_35380.htm",,,"Residential building permit activity in the New Orleans-Metairie, LA MSA has trended downward in recent years, with single-family unit authorizations experiencing significant contractions amid elevated interest rates and reduced housing starts.","U.S. Census Bureau, Building Permits Survey (retrieved via FRED, Federal Reserve Bank of St. Louis), 2026, https://fred.stlouisfed.org/series/NEWO322BP1FH"
doors-access,New York,NY,"In the New York-Newark-Jersey City, NY-NJ-PA metropolitan statistical area, BLS OEWS reports 1,200 employed Mechanical Door Repairers (SOC 49-9011) at a density of 0.127 per 1,000 jobs, along with 42,690 Carpenters (SOC 47-2031) who perform door frame and entryway installation at a density of 4.50 per 1,000 jobs.","U.S. Bureau of Labor Statistics (BLS) Occupational Employment and Wage Statistics (OEWS), 2023, https://www.bls.gov/oes/current/oes_35620.htm",1393,"Angi Local Cost Report for New York, NY, 2026, https://www.angi.com","Residential building permit activity in the New York-Newark-Jersey City MSA reached 54,565 authorized housing units over the trailing 12 months ending May 2026. Monthly permit volume for May 2026 totaled 4,590 units (up 25.4% compared to the prior-year period), with multi-family developments accounting for 83.6% of permitted units.","U.S. Census Bureau Building Permits Survey, 2026, https://www.census.gov/construction/bps"
doors-access,Oklahoma City,OK,"According to the May 2024 Occupational Employment and Wage Statistics (OEWS) data for the Oklahoma City, OK Metropolitan Statistical Area, there were an estimated 3,810 workers employed as Carpenters (SOC 47-2031), a primary occupational trade responsible for door, frame, and access opening installations, representing a location quotient of 0.8 relative to the national average and an annual mean wage of $50,760.","U.S. Bureau of Labor Statistics / Oklahoma Employment Security Commission, 2024, https://www.bls.gov/oes",,,"According to HUD PD&R and Census Building Permits Survey regional analysis, residential building activity in the Oklahoma City metropolitan area trended strongly upward, with single-family home permits increasing 19 percent year-over-year in Q1 2024 to 1,300 units permitted (up from 1,090 in Q1 2023) and multifamily permits surging to approximately 410 units permitted (up from 80 in Q1 2023).","U.S. Department of Housing and Urban Development (HUD) PD&R / U.S. Census Bureau Building Permits Survey, 2024"
doors-access,Orlando,FL,"According to the U.S. Bureau of Labor Statistics May 2023 OEWS estimates, the Orlando-Kissimmee-Sanford, FL MSA employed 6,590 carpenters (SOC 47-2031) with an employment density of 4.823 workers per 1,000 total jobs and a location quotient of 1.05.","U.S. Bureau of Labor Statistics, May 2023 Occupational Employment and Wage Statistics (OEWS), 2024, https://www.bls.gov/oes/current/oes_36740.htm",804,"Angi, Orlando FL Door Installation Cost Guide, 2026","U.S. Census Bureau Building Permits Survey data shows robust construction momentum in the Orlando-Kissimmee-Sanford MSA, authorizing 33,670 new privately-owned housing units in 2025 (4.5 units per 1,000 residents), ranking 6th nationally among metropolitan CBSAs and increasing from 28,890 units permitted in 2022.","U.S. Census Bureau, Annual Building Permits Survey, 2025, https://www.census.gov/construction/bps"
doors-access,Philadelphia,PA,"In the Philadelphia-Camden-Wilmington, PA-NJ-DE-MD metropolitan statistical area, Bureau of Labor Statistics (BLS) OEWS data reports 580 employed mechanical door repairers (SOC 49-9011). Additionally, U.S. Census Bureau County Business Patterns data records 470 finish carpentry contractor establishments (NAICS 238350) operating in the metro.","U.S. Bureau of Labor Statistics, 2024, https://www.bls.gov/oes/current/oes_37980.htm",1398,"Angi Market Report, 2026, https://www.angi.com/articles/garage-door-replacement-cost.htm","According to U.S. Census Bureau Building Permits Survey data reported by Realtor.com, total residential permitting in the Philadelphia-Camden-Wilmington metro experienced a slight decline of 0.3% year-over-year in 2024, led by a 49.4% drop in multifamily permitted units.","U.S. Census Bureau Building Permits Survey / Realtor.com, 2025"
doors-access,Phoenix,AZ,"According to the BLS Occupational Employment and Wage Statistics (OEWS), the Phoenix-Mesa-Scottsdale, AZ MSA had 10,320 employed carpenters (SOC 47-2031, covering door, window, and finish woodwork installation) in May 2023, representing approximately 4.5 workers per 1,000 total jobs in the metro area.","U.S. Bureau of Labor Statistics, OEWS May 2023 Estimates, 2024, https://www.bls.gov/oes/current/oes_38060.htm",1150,"Angi, Door Installation Cost in Phoenix, AZ, 2026, https://www.angi.com/articles/door-installation-cost.htm","Total residential building permits in the Phoenix-Mesa-Chandler MSA fell 14.1% from 2024 to 2025, driven by a 19.5% decline in single-family housing permits and a 3.6% drop in multi-family permitting activity.","University of Arizona Economic and Business Research Center (U.S. Census Bureau Building Permits Survey Data), 2026"
doors-access,Pittsburgh,PA,"According to the U.S. Bureau of Labor Statistics (BLS) Occupational Employment and Wage Statistics (OEWS) May 2023 data, the Pittsburgh, PA metropolitan statistical area employed 70 Locksmiths and Safe Repairers (SOC 49-9094) with a mean annual wage of $52,100.","U.S. Bureau of Labor Statistics, May 2023 Metropolitan and Nonmetropolitan Area Occupational Employment and Wage Estimates - Pittsburgh, PA, 2024, https://www.bls.gov/oes/current/oes_38300.htm",,,"According to HUD analysis of U.S. Census Bureau Building Permits Survey data, total residential building permit activity in the Pittsburgh MSA reached 7,400 units in 2023 (up from 7,215 in 2022), but trended downward to 6,658 units for the 12 months ending April 2024, representing an 8.5% year-over-year decline.","U.S. Department of Housing and Urban Development, Comprehensive Housing Market Analysis: Pittsburgh, Pennsylvania (as of May 1, 2024), 2024, https://www.huduser.gov/portal/ushmc/chma_archive.html"
doors-access,Portland,OR,"In the Portland-Vancouver-Hillsboro, OR-WA metropolitan statistical area, there are 290 employed Mechanical Door Repairers (SOC 49-9011), representing a worker density of 0.240 per 1,000 jobs and a location quotient of 1.31 compared to the national average.","U.S. Bureau of Labor Statistics, May 2023 OEWS Metropolitan and Nonmetropolitan Area Occupational Employment and Wage Estimates: Portland-Vancouver-Hillsboro, OR-WA, 2024, https://www.bls.gov/oes/current/oes_38900.htm",2890,"Angi, How Much Does Door Installation Cost in Portland, OR?, 2026, https://www.angi.com/articles/door-installation-cost-portland-or.htm","Residential building permitting in the Portland metropolitan region has experienced a sharp decline. Annual housing production within the Metro urban growth boundary averaged approximately 8,000 units per year from 2018 to 2023, but fell by roughly 50% in 2024. In the City of Portland, multi-unit apartment permits dropped to 856 units in 2024, down over 70% from the 2018-2023 annual average of 3,100 units.","Metro, 2025 Regional Housing Coordination Strategy: Tasks 2B and 2C: Market Conditions and Barriers to Housing Development, 2025"
doors-access,Providence,RI,"According to the U.S. Bureau of Labor Statistics, the Providence-Warwick, RI-MA metropolitan statistical area employed 3,130 carpenters (SOC 47-2031), the primary occupation encompassing finish carpentry, door, and frame installation, reflecting a location quotient of 1.39, which indicates a 39% higher concentration of workers in this trade relative to the national average.","U.S. Bureau of Labor Statistics, OEWS May 2023 Metropolitan and Nonmetropolitan Area Occupational Employment and Wage Estimates, 2024, https://www.bls.gov/oes/current/oes_39300.htm",,,"Data from the U.S. Census Bureau Building Permits Survey shows a strong upward surge in multi-family residential permitting for the Providence-Warwick, RI-MA MSA, with 656 multi-family units permitted in 2024, a 175.4% increase relative to the metro's prior 5-year average.","U.S. Census Bureau Building Permits Survey via Realtor.com, 2025"
doors-access,Raleigh,NC,"According to U.S. Bureau of Labor Statistics OEWS data, construction and trade workers represent 8.4% of the total workforce in the Raleigh-Cary, NC MSA, ranking 3rd highest among all major U.S. metropolitan areas for construction workforce concentration.","Construction Coverage (analyzing U.S. Bureau of Labor Statistics OEWS data), 2025, https://constructioncoverage.com/research/cities-with-the-most-construction-workers",4325,"Garage Door Estimator Pros Raleigh NC Market Pricing Report, 2026, https://garagedoorestimatorpros.com","The Raleigh-Cary MSA authorized 21,551 new residential housing permits ($4.4B total valuation) in 2022 and led all major U.S. metros with 28.8 new units authorized per 1,000 existing homes (~18,200 to 18,400 annual permits), maintaining the densest residential build pipeline in the nation.","U.S. Census Bureau Building Permits Survey (analyzed by Construction Coverage), 2025, https://constructioncoverage.com/research/cities-building-the-most-homes"
doors-access,Richmond,VA,"According to the U.S. Bureau of Labor Statistics, the Richmond, VA Metropolitan Statistical Area recorded 160 employed Helpers--Carpenters (SOC 47-3012) in May 2023, supporting finish carpentry and door installation trades across a metropolitan population of over 1.3 million.","U.S. Bureau of Labor Statistics, May 2023 OEWS Metropolitan Area Occupational Employment and Wage Estimates, 2024, https://www.bls.gov/oes/current/oes_40060.htm",,,"According to U.S. Census Bureau Building Permits Survey data, the Richmond, VA MSA authorized 9,973 total residential building units in 2023 (including 4,814 single-family permits). Permitting activity experienced a moderate slowdown in 2024 in line with national trends before rebounding in early 2025, with Q1 2025 housing unit permits outpacing Q1 2024 levels.","U.S. Census Bureau, Building Permits Survey, 2025, https://www.census.gov/construction/bps"
doors-access,Riverside-San Bernardino,CA,"According to the U.S. Bureau of Labor Statistics OEWS, the Riverside-San Bernardino-Ontario, CA metropolitan statistical area employed 14,770 carpenters (SOC 47-2031, covering structural, door, frame, and finish installation workers), representing an employment density of 8.885 per 1,000 jobs and a location quotient of 1.93 relative to the national baseline.","U.S. Bureau of Labor Statistics, May 2023 Metropolitan and Nonmetropolitan Area Occupational Employment and Wage Estimates (Riverside-San Bernardino-Ontario, CA), 2024, https://www.bls.gov/oes/current/oes_40140.htm",,,"According to U.S. Census Bureau Building Permits Survey data, residential building permit volume in the Riverside-San Bernardino-Ontario MSA remained steady at 15,824 authorized housing units in 2024 and 15,817 units in 2025 (a 0% YoY change), stabilizing after earlier post-pandemic housing highs.","U.S. Census Bureau, Building Permits Survey (2024-2025 Metro Permit Analysis), 2025"
doors-access,Sacramento,CA,"According to the U.S. Bureau of Labor Statistics, the Sacramento-Roseville-Arden-Arcade, CA MSA employs 300 Mechanical Door Repairers (SOC 49-9011), representing a labor density of 0.285 workers per 1,000 total jobs and a location quotient of 1.56.","U.S. Bureau of Labor Statistics, Occupational Employment and Wage Statistics, 2023, https://www.bls.gov/oes/current/oes_40900.htm",,,"Residential building permit activity in the Sacramento-Roseville-Folsom MSA reached 10,042 authorized housing units over the trailing 12 months ending May 2026 (a 14% year-over-year monthly increase), rebounding after single-family permits declined 11.2% year-over-year in 2025 to 7,626 units.","U.S. Census Bureau, Building Permits Survey, 2025-2026, https://www.census.gov/construction/bps"
doors-access,Salt Lake City,UT,"According to the U.S. Bureau of Labor Statistics May 2023 Occupational Employment and Wage Statistics, the Salt Lake City, UT metropolitan area employed approximately 5,000 carpenters (SOC 47-2031) with a location quotient of 1.35 and an employment density of 6.221 per 1,000 jobs, alongside 420 carpenter helpers (SOC 47-3012).","U.S. Bureau of Labor Statistics (2024), May 2023 OEWS Metropolitan and Nonmetropolitan Area Occupational Employment and Wage Estimates: Salt Lake City, UT, https://www.bls.gov/oes/current/oes_41620.htm",4611,"Remodeling Magazine (2024), 2024 Cost vs Value Report: Salt Lake City, UT, https://www.jlconline.com/cost-vs-value/salt-lake-city-ut-2024","Residential construction permitting in the Salt Lake City MSA saw single-family permit volume moderate while multi-family permitting expanded. According to HUD User, single-family home construction decreased 21% to 4,250 homes during the 12 months ending November 2022 due to rising interest rates, while multi-family development saw approximately 11,000 units under construction.","U.S. Department of Housing and Urban Development (HUD User) (2023), Comprehensive Housing Market Analysis: Salt Lake City, Utah, https://www.huduser.gov/portal/ushmc/chma_archive.html"
doors-access,San Antonio,TX,"According to May 2023 BLS OEWS estimates, the San Antonio-New Braunfels, TX MSA employs 2,160 carpenters (SOC 47-2031), the primary occupational group covering door, frame, and finish carpentry installation, with an average hourly wage of $22.11 and annual mean earnings of $45,990.","U.S. Bureau of Labor Statistics, 2023, https://www.bls.gov/oes/current/oes_41700.htm",,,"Residential permitting in the San Antonio-New Braunfels MSA surged in 2022 to an all-time high of 24,006 units (over 50% higher than 2021 peak levels) before moderating to approximately 15,000 authorized units in 2024, reflecting a broader transition toward market absorption and housing stabilization.","U.S. Department of Housing and Urban Development, 2024, https://www.huduser.gov/portal/ushmc/chma_archive.html"
doors-access,San Diego,CA,"In the San Diego-Chula Vista-Carlsbad, CA MSA (San Diego County), Census County Business Patterns data documented 464 establishment locations categorized under Finish Carpentry Contractors (NAICS 238350, which includes door, frame, and finish installation contractors). Additionally, the BLS May 2023 OEWS report identified 9,610 employed carpenters (SOC 47-2031) in the metro area.","U.S. Census Bureau / San Diego Regional Consortium Center of Excellence (2022, https://www.sdiregionalconsortium.org) and U.S. Bureau of Labor Statistics OEWS (2023, https://www.bls.gov/oes/current/oes472031.htm)",,,"Residential building permit activity in the San Diego region experienced strong growth, with 14,947 total housing units permitted across San Diego County in 2024 (up ~21% from 11,673 units in 2023). Structure composition was dominated by multifamily (60%) and accessory dwelling units (ADUs, 27%), with single-family representing 13%. In the City of San Diego, permitting averaged ~9,200 new homes annually across 2023-2024 (8,782 in 2024 and 9,691 in 2023), representing a 40%+ increase over the prior decade's baseline.","SANDAG Housing Policy and Planning Tool / CA HCD Annual Progress Report (2024, https://www.sandag.org) and City of San Diego 2025 Annual Report on Homes (2025, https://www.insidesandiego.org)"
doors-access,San Francisco,CA,"According to the U.S. Bureau of Labor Statistics OEWS, the San Francisco-Oakland-Hayward, CA MSA employed 1,160 Glaziers (SOC 47-2121) as of May 2023 and 220 Mechanical Door Repairers (SOC 49-9011) as of May 2022.","U.S. Bureau of Labor Statistics OEWS, 2023, https://www.bls.gov/oes/current/oes_41860.htm",1904,"Angi Door Installation Cost in San Francisco CA Report, 2026, https://www.angi.com/articles/how-much-does-door-installation-cost.htm","Residential building permit volume in the Bay Area experienced a sharp decline, dropping approximately 75% from 32,500 units permitted in 2018 to roughly 9,100 units in 2024. San Francisco issued permits for 2,391 total housing units between January 2022 and September 2023.","Bay Area Council Economic Institute / U.S. Census Bureau Building Permits Survey, 2023"
doors-access,San Jose,CA,"As of May 2023, the San Jose-Sunnyvale-Santa Clara, CA MSA employed 4,230 carpenters (SOC 47-2031), the primary trade category encompassing door, window, and frame installation, representing a density of 3.71 carpenters per 1,000 jobs in the metro area (location quotient of 0.80).","U.S. Bureau of Labor Statistics, 2023, https://www.bls.gov/oes/current/oes472031.htm",,,"Residential construction and permitting in the San Jose-Sunnyvale-Santa Clara metro area experienced a steep downturn, with building permits declining by 68% between July 2020 and July 2025 (dropping from 1,949 to 623 permitted units), marking the largest percentage permit drop among major U.S. metropolitan areas.","U.S. Census Bureau Building Permits Survey (via San José Spotlight), 2025"
doors-access,Seattle,WA,"According to the U.S. Bureau of Labor Statistics OEWS, the Seattle-Tacoma-Bellevue, WA MSA employs approximately 17,320 carpenters (SOC 47-2031, which covers door, window, and frame installation specialists), representing 8.33 jobs per 1,000 total occupations and a location quotient of 1.81, indicating trade employment density 81% higher than the national average.","U.S. Bureau of Labor Statistics, Occupational Employment and Wage Statistics (OEWS), 2023, https://www.bls.gov/oes/current/oes_42660.htm",,,"Residential building permit activity in the Seattle-Tacoma-Bellevue MSA experienced a downward trend in recent years; U.S. Census Bureau data shows total authorized residential housing units dropped from 30,767 in 2021 to 26,820 in 2022 (-12.8%), with total permit valuation declining 10.9% to $5.7 billion. Multi-year comparisons from 2020 to 2025 show a 43.9% decline in monthly authorized units, driven primarily by a 62% contraction in multi-family unit authorizations.","U.S. Census Bureau, Building Permits Survey, 2023, https://www.census.gov/construction/bps"
doors-access,St. Louis,MO,"In the St. Louis, MO-IL metropolitan statistical area, BLS data reports 370 Mechanical Door Repairers (SOC 49-9011) employed, with a location quotient of 1.52 (0.28 jobs per 1,000 total jobs), indicating a higher concentration of door mechanics and automated door installers than the national average.","U.S. Bureau of Labor Statistics (BLS), Occupational Employment and Wage Statistics (OEWS), 2023, https://www.bls.gov/oes/current/oes499011.htm",2988,"Angi, 2026, https://www.angi.com/articles/door-installation-cost-st-louis-mo.htm","For the 12-month period ending September 30, 2024, a total of 3,855 building permits were issued for new single-family residential units in the St. Louis area, representing a modest 1.28% decrease from the 3,905 permits issued in the preceding 12-month period.","Home Builders Association of St. Louis & Eastern Missouri / U.S. Census Bureau Building Permits Survey, 2024"
doors-access,Tampa,FL,"According to the U.S. Bureau of Labor Statistics OEWS estimates, the Tampa-St. Petersburg-Clearwater, FL MSA employed 6,480 carpenters (SOC 47-2031), the primary occupational group performing door, trim, and access installation work, reflecting an employment density of 4.586 per 1,000 jobs.","U.S. Bureau of Labor Statistics, 2024, https://www.bls.gov/oes/current/oes_45300.htm",1357,"Angi, 2026, https://www.angi.com","Residential permitting activity in the Tampa-St. Petersburg-Clearwater MSA experienced strong post-pandemic expansion, reaching nearly 30,000 permitted housing units in 2022 (+20.7% year-over-year). HUD forecasts continued steady construction demand with 44,825 new sales units and 19,850 rental units needed from 2024 through 2027.","U.S. Department of Housing and Urban Development, 2024, https://www.huduser.gov/portal/ushmc/chma_archive.html"
doors-access,Virginia Beach,VA,"According to BLS occupational data for the Virginia Beach-Norfolk-Newport News, VA-NC MSA, there were 3,750 working carpenters (SOC 47-2031), the primary trade category covering door, frame, and access hardware installation, representing a location quotient of 1.10 compared to national average density.","U.S. Bureau of Labor Statistics, May 2023 OEWS Metropolitan Estimates (released April 2024), https://www.bls.gov/oes/current/oes_47260.htm",,,"Residential building permits in the Virginia Beach / Hampton Roads metro area increased by 5.6% year-to-date in 2024 compared to 2023, marking a positive turnaround from the slowdown recorded over 2022-2023. Single-family construction permits experienced a 26.3% month-over-month gain in May 2024.","Hampton Roads Planning District Commission (HRPDC), Hampton Roads Economic Monthly (July 2024), https://www.hrpdcva.gov"
doors-access,Washington DC,DC,"According to the U.S. Bureau of Labor Statistics, there were approximately 350 Mechanical Door Repairers (SOC 49-9011) employed in the Washington-Arlington-Alexandria, DC-VA-MD-WV metropolitan area as of May 2023.","U.S. Bureau of Labor Statistics, 2024, https://www.bls.gov/oes/current/oes_47900.htm",1461,"Angi, 2026, https://www.angi.com/articles/how-much-does-garage-door-replacement-cost.htm","According to U.S. Census Building Permits Survey data, total private residential housing units authorized by building permits in the Washington-Arlington-Alexandria, DC-VA-MD-WV MSA declined 34.57% year-over-year in 2023 to 23,493 units, following a peak of 32,296 permitted units in 2022.","Housing Affordability Institute, 2024"
landscaping,Atlanta,GA,"As of May 2023, there were 13,010 Landscaping and Groundskeeping Workers (SOC 37-3011) employed in the Atlanta-Sandy Springs-Roswell, GA MSA, representing an employment density of 4.618 per 1,000 jobs and a location quotient of 0.75.","U.S. Bureau of Labor Statistics, 2023, https://www.bls.gov/oes/current/oes_12060.htm",3422,"Angi, 2026, https://www.angi.com/articles/how-much-does-landscaping-cost-atlanta-ga.htm","Metro Atlanta residential construction permits experienced a rebound in 2024 with 22,943 new residential building permits authorized, a 12% year-over-year increase, reversing a downward trend that followed a regional permitting peak in 2022.","HBW Building Activity Trend Reports / U.S. Census Bureau Building Permits Survey, 2025"
landscaping,Austin,TX,"According to the U.S. Bureau of Labor Statistics (BLS), the Austin-Round Rock, TX metropolitan statistical area employed over 1,420 Landscaping and Groundskeeping Workers (SOC 37-3011) in May 2021, representing a primary trade workforce segment within Texas's statewide total of nearly 65,000 landscaping workers.","U.S. Bureau of Labor Statistics (BLS) Occupational Employment and Wage Statistics (OEWS), 2023, https://www.bls.gov/oes/current/oes12420.htm",1530,"LawnStarter, 2026","In early 2026, residential building permit issuance in the Austin metro area declined 19.7% year-over-year through Q1 2026 (5,213 total residential permits), with March 2026 total permits down 29.5% YoY (1,831 permits). The slowdown was concentrated in multifamily construction (5+ unit permits down nearly 50% to 70%), while single-family permits declined moderately by 4.1% in Q1 2026. This contraction follows a high-volume 2024 when over 32,000 total new residential units were authorized in greater Austin.","Official Austin Metro Permit Records / Team Price Real Estate, 2026"
landscaping,Baltimore,MD,"According to the U.S. Bureau of Labor Statistics, the Baltimore-Columbia-Towson, MD MSA had 7,560 Landscaping and Groundskeeping Workers (SOC 37-3011) employed as of May 2023, representing an employment density of 5.799 jobs per 1,000 total jobs in the metropolitan area.","U.S. Bureau of Labor Statistics, May 2023 OEWS Metropolitan and Nonmetropolitan Area Occupational Employment and Wage Estimates, 2024, https://www.bls.gov/oes/current/oes373011.htm",,,"In the Baltimore region, total authorized new residential building permits declined 12% in 2024 to 6,448 units, down from 2023 levels, and further decreased to 5,775 new residential units authorized in 2025.","Baltimore Metropolitan Council, 2025 Building Permit Activity Report, 2026, https://www.baltometro.org"
landscaping,Birmingham,AL,"According to the U.S. Bureau of Labor Statistics (BLS) May 2023 Occupational Employment and Wage Statistics (OEWS) data, the Birmingham-Hoover, AL Metropolitan Statistical Area employed 2,850 Landscaping and Groundskeeping Workers (SOC 37-3011), representing a location quotient of 0.91 relative to the national average and an annual mean wage of $34,890.","U.S. Bureau of Labor Statistics, May 2023 OEWS Metropolitan and Nonmetropolitan Area Occupational Employment and Wage Estimates, https://www.bls.gov/oes/current/oes_13820.htm",,,"According to HUD SOCDS and Census Building Permits Survey data, residential building permit volume in the Birmingham-Hoover MSA remained virtually flat from 5,176 permitted units in 2021 to 5,173 units in 2022, before moderating slightly to 4,944 units for the 12 months ending March 2023, with trailing 12-month permitting averaging roughly 4,384 units (~3.8 permits per 1,000 residents).","U.S. Department of Housing and Urban Development (HUD) / U.S. Census Bureau, Comprehensive Housing Market Analysis: Birmingham-Hoover, Alabama (2023), https://www.huduser.gov/portal/ushmc/chma_archive.html"
landscaping,Boston,MA,"According to the U.S. Bureau of Labor Statistics Occupational Employment and Wage Statistics (OEWS), the Boston-Cambridge-Newton, MA-NH metropolitan statistical area employed approximately 6,050 Landscaping and Groundskeeping Workers (SOC 37-3011).","U.S. Bureau of Labor Statistics (BLS), Occupational Employment and Wage Statistics (OEWS), 2025, https://www.bls.gov/oes",,,"Residential building permit volume in the Boston metropolitan statistical area has trended downward in recent years. Analysis of U.S. Census Bureau Building Permits Survey data indicates that year-to-date residential permitting through mid-2025 fell 44% compared to 2021 levels, with annual permit counts in Boston proper during 2023 and 2024 reaching their lowest levels since 2012.","Boston Indicators / U.S. Census Bureau Building Permits Survey, 2025"
landscaping,Buffalo,NY,"As of May 2023, the Buffalo-Cheektowaga-Niagara Falls, NY MSA employed 3,390 Landscaping and Groundskeeping Workers (SOC 37-3011), representing approximately 6.43 workers per 1,000 total jobs in the metropolitan area with a location quotient of 1.05.","U.S. Bureau of Labor Statistics, May 2023 OEWS Metropolitan and Nonmetropolitan Area Occupational Employment and Wage Estimates (Buffalo-Cheektowaga-Niagara Falls, NY), 2023, https://www.bls.gov/oes/current/oes_15380.htm",,,"Residential building permit activity in the Buffalo metro area showed a 10.1% year-over-year increase, totaling 1,316 authorized building permits over a 12-month period (equivalent to 1.13 permits per 1,000 residents), reflecting a modest acceleration from a historically low construction baseline.","U.S. Census Bureau Building Permits Survey / REI Prime Metro Report, 2024, https://reiprime.com"
landscaping,Charlotte,NC,"As of May 2023, the Charlotte-Concord-Gastonia, NC-SC MSA employed 8,690 Landscaping and Groundskeeping Workers (SOC 37-3011), representing a location quotient of 1.08 and an average density of 6.627 workers per 1,000 total jobs in the metro area.","U.S. Bureau of Labor Statistics, OEWS May 2023 Metropolitan and Nonmetropolitan Area Occupational Employment and Wage Estimates (2024), https://www.bls.gov/oes/current/oes_16740.htm",3378,"Angi, How Much Does Landscaping Cost in Charlotte, NC? (2026), https://www.angi.com/articles/how-much-does-landscaping-cost-charlotte-nc.htm","In the Charlotte-Concord-Gastonia, NC-SC MSA, total new privately-owned housing units authorized by building permits reached 25,935 units in 2024, representing an 11.8% decline from 29,419 units authorized in 2023.","U.S. Census Bureau, Building Permits Survey Annual Data (2024), https://www.census.gov/construction/bps"
landscaping,Chicago,IL,"In the Chicago-Naperville-Elgin, IL-IN-WI metropolitan area, the landscaping trade employs 28,920 Landscaping and Groundskeeping Workers (SOC 37-3011) representing a density of 6.42 per 1,000 jobs (location quotient of 1.05), alongside 3,200 First-Line Supervisors of Landscaping, Lawn Service, and Groundskeeping Workers (SOC 37-1012).","U.S. Bureau of Labor Statistics, May 2023 OEWS Metropolitan and Nonmetropolitan Area Occupational Employment and Wage Estimates, 2024, https://www.bls.gov/oes/current/oes373011.htm",,,"New private housing structures authorized by building permits in the Chicago-Naperville-Elgin MSA trended downward following a 2021 peak, experiencing reduced permit issuance through 2022 and 2023 amid elevated interest rates and broader residential construction cooling.","U.S. Census Bureau via FRED (Federal Reserve Bank of St. Louis), 2024, https://fred.stlouisfed.org/series/CHIC917BPPRIV"
landscaping,Cincinnati,OH,"According to the U.S. Bureau of Labor Statistics Occupational Employment and Wage Statistics, the Cincinnati, OH-KY-IN Metropolitan Statistical Area employed 6,600 Landscaping and Groundskeeping Workers (SOC 37-3011) with an employment location quotient of 1.00 relative to the national average.","U.S. Bureau of Labor Statistics, 2023 Occupational Employment and Wage Statistics, https://www.bls.gov/oes/current/oes_17140.htm",,,"According to HUD housing market data for the Cincinnati OH-KY-IN MSA, single-family residential permit volume expanded to 4,250 units for the 12 months ending August 2025 (up from 3,925 in the prior 12-month period), while annual multifamily permitting totaled 2,525 units, showing a steady upward trajectory in overall residential construction activity.","U.S. Department of Housing and Urban Development, 2026 Housing Market Conditions: Cincinnati, OH-KY-IN MSA, https://www.huduser.gov"
landscaping,Cleveland,OH,"According to U.S. Bureau of Labor Statistics May 2023 data, the Cleveland-Elyria, OH MSA employs 6,040 Landscaping and Groundskeeping Workers (SOC 37-3012) with a location quotient of 0.99, indicating an employment density essentially identical to the national average.","U.S. Bureau of Labor Statistics, May 2023 Occupational Employment and Wage Statistics (OEWS), https://www.bls.gov/oes/current/oes_17460.htm",,,"According to Census Building Permits Survey data, residential building permit volume in the Cleveland-Elyria MSA reached 4,175 authorized units over the trailing 12 months into 2024, a 28.6% year-over-year increase driven by strong permit gains in Cuyahoga County (+43.2%) and Lorain County (+33.4%).","U.S. Census Bureau Building Permits Survey / REI Prime Analysis, 2024"
landscaping,Columbus,OH,"According to the Bureau of Labor Statistics Occupational Employment and Wage Statistics, the Columbus, OH MSA employed 6,720 Landscaping and Groundskeeping Workers (SOC 37-3011) as of May 2023, representing approximately 6.3 workers per 1,000 total jobs in the metropolitan area.","U.S. Bureau of Labor Statistics, Occupational Employment and Wage Statistics (OEWS), May 2023, https://www.bls.gov/oes/current/oes_18140.htm",1730,"Angi, How Much Does Landscaping Cost in Columbus, OH?, 2026","Residential building permits in Columbus, OH expanded significantly, with total authorized housing units increasing from 5,283 in 2023 to 6,084 in 2024 (a 15.2% year-over-year increase), placing Columbus among the top Midwest metros for new construction growth.","U.S. Census Bureau, Building Permits Survey (2024 Annual Release), 2025, https://www.census.gov/construction/bps"
landscaping,Dallas-Fort Worth,TX,"In the Dallas-Fort Worth-Arlington, TX MSA, the Landscaping & Grounds trade employed 19,840 Landscaping and Groundskeeping Workers (SOC 37-3011) as of May 2023, reflecting a density of 5.21 workers per 1,000 jobs.","U.S. Bureau of Labor Statistics, May 2023 Occupational Employment and Wage Statistics (OEWS), https://www.bls.gov/oes/current/oes373011.htm",3144,"Angi, 2026 Cost Report: How Much Does Landscaping Cost in Dallas, TX?, https://www.angi.com/articles/how-much-does-landscaping-cost-dallas-tx.htm","Residential building permit activity in the Dallas-Fort Worth-Arlington MSA leads the nation, with 71,788 new housing units authorized in 2024 (and over 61,700 authorized through October 2024), maintaining an upward growth trajectory where single-family construction accounts for nearly 60% of total permits.","U.S. Census Bureau, 2024 Building Permits Survey, https://www.census.gov/construction/bps/index.html"
landscaping,Denver,CO,"According to the U.S. Bureau of Labor Statistics May 2023 Occupational Employment and Wage Statistics (OEWS) data, the Denver-Aurora-Lakewood, CO MSA employed 10,920 Landscaping and Groundskeeping Workers (SOC 37-3011), representing a density of 6.868 landscaping workers per 1,000 jobs in the metropolitan area.","U.S. Bureau of Labor Statistics, May 2023 Metropolitan and Nonmetropolitan Area Occupational Employment and Wage Estimates: Denver-Aurora-Lakewood, CO, 2024, https://www.bls.gov/oes/current/oes_19740.htm",5983,"Angi, Denver CO Landscaping Cost Guide, 2024","Residential building permit activity in the Denver-Aurora-Lakewood MSA saw a significant decline, with single-family home permits dropping 34% during the 12 months ending August 2023 compared to the prior 12-month period, influenced by rising mortgage interest rates and housing affordability pressures.","U.S. Department of Housing and Urban Development, Comprehensive Housing Market Analysis: Denver-Aurora-Lakewood, Colorado, 2023, https://www.huduser.gov/portal/ushmc/chma_archive.html"
landscaping,Detroit,MI,"The Detroit-Warren-Dearborn, MI metropolitan statistical area had 12,050 Landscaping and Groundskeeping Workers (SOC 37-3011) and 1,120 Tree Trimmers and Pruners (SOC 37-3013) employed across all industry sectors.","U.S. Bureau of Labor Statistics, May 2023 Metropolitan and Nonmetropolitan Area Occupational Employment and Wage Estimates: Detroit-Warren-Dearborn, MI, 2024, https://www.bls.gov/oes/current/oes_19820.htm",3811,"Angi, How Much Does a Paver Patio Cost in Detroit, MI?, 2026, https://www.angi.com/articles/how-much-does-paver-patio-cost-detroit-mi.htm","In May 2026, 728 new private housing units were authorized by building permits in the Detroit-Warren-Dearborn MSA (8,825 units trailing 12-month total), representing a -2.3% year-over-year change compared to the previous year.","U.S. Census Bureau, New Private Housing Structures Authorized by Building Permits for Detroit-Warren-Dearborn, MI (MSA), retrieved from FRED, Federal Reserve Bank of St. Louis, 2026, https://fred.stlouisfed.org/series/DETR826BPPRIV"
landscaping,Hartford,CT,"According to the U.S. Bureau of Labor Statistics (BLS) Occupational Employment and Wage Statistics, the Hartford-West Hartford-East Hartford, CT metropolitan statistical area employed 3,880 Landscaping and Groundskeeping Workers (SOC 37-3011), representing an employment density of 6.881 workers per 1,000 jobs and a mean hourly wage of $21.61 ($44,940 annual mean wage).","U.S. Bureau of Labor Statistics, May 2023 Occupational Employment and Wage Statistics (OEWS), https://www.bls.gov/oes/current/oes_25540.htm",,,"In the Hartford-West Hartford-East Hartford, CT MSA, residential building permits totaled 120 housing units in May 2026 (a +79.1% increase compared to May 2025) and 1,270 total units over the trailing 12 months, with multi-family construction accounting for 64.2% of recently authorized units.","U.S. Census Bureau, Building Permits Survey (via PUMSdata), 2026"
landscaping,Houston,TX,"According to the U.S. Bureau of Labor Statistics OEWS data, the Houston-The Woodlands-Sugar Land, TX metropolitan statistical area employed approximately 16,050 Landscaping and Groundskeeping Workers (SOC 37-3011) as of May 2023, representing an employment density of 5.05 workers per 1,000 jobs in the regional economy.","U.S. Bureau of Labor Statistics, 2023, https://www.bls.gov/oes/current/oes373011.htm",,,"According to U.S. Census Bureau Building Permits Survey data retrieved via FRED, total private residential housing structures authorized by building permits in the Houston-The Woodlands-Sugar Land MSA trended gradually downward over recent years, moving from 75,474 units in 2022 to 67,376 in 2023, 65,155 in 2024, and 64,991 in 2025 (a cumulative decline of ~13.9%).","U.S. Census Bureau, 2026, https://fred.stlouisfed.org/series/HOUS448BPPRIV"
landscaping,Indianapolis,IN,"According to the Bureau of Labor Statistics May 2023 Occupational Employment and Wage Statistics, the Indianapolis-Carmel-Anderson, IN MSA employed 6,460 Landscaping and Groundskeeping Workers (SOC 37-3011), representing a concentration of 5.964 jobs per 1,000 total jobs in the metropolitan area (location quotient of 0.97).","U.S. Bureau of Labor Statistics, OEWS, 2023, https://www.bls.gov/oes/current/oes_26900.htm",,,"Residential building permits in the Indianapolis-Carmel-Anderson MSA totaled 13,794 authorized units in 2022 (a 2.5% year-over-year increase) valued at $3.6 billion. While permitting activity temporarily moderated in early 2023 due to interest rate pressures, total annual permits remained robust at over 13,000 units, with high-volume residential expansion concentrated in suburban ring counties such as Hamilton and Hendricks.","U.S. Census Bureau, Building Permits Survey, 2023, https://www.census.gov/construction/bps"
landscaping,Jacksonville,FL,"According to the U.S. Bureau of Labor Statistics May 2023 Occupational Employment and Wage Estimates, there were 5,980 Landscaping and Groundskeeping Workers (SOC 37-3011) employed in the Jacksonville, FL MSA, representing a location quotient of 1.32 (32% higher than the national average concentration) and 8.07 workers per 1,000 total jobs.","U.S. Bureau of Labor Statistics, May 2023 Metropolitan and Nonmetropolitan Area Occupational Employment and Wage Estimates - Jacksonville, FL, 2024, https://www.bls.gov/oes/current/oes_27260.htm",,,"Data from the U.S. Census Bureau Building Permits Survey shows that new private housing units authorized by building permits in the Jacksonville, FL MSA maintained steady construction activity, averaging between 1,000 and 1,500 authorized units per month through mid-2026, sustaining ongoing demand for landscaping installation and grounds care.","U.S. Census Bureau via Federal Reserve Bank of St. Louis FRED, New Private Housing Units Authorized by Building Permits for Jacksonville, FL (MSA) [JACK212BPPRIV], 2026, https://fred.stlouisfed.org/series/JACK212BPPRIV"
landscaping,Kansas City,MO,"In the Kansas City, MO-KS metropolitan statistical area, there were 6,390 Landscaping and Groundskeeping Workers (SOC 37-3011) employed, representing a mean hourly wage of $19.60 and an annual mean wage of $40,760.","U.S. Bureau of Labor Statistics (BLS) Occupational Employment and Wage Statistics (OEWS), 2023, https://www.bls.gov/oes/current/oes_28140.htm",2894,"Angi, 'How Much Does Landscaping Cost in Kansas City, MO? [2026 Data]', 2026, https://www.angi.com/articles/how-much-does-landscaping-cost-kansas-city-mo.htm","Residential building permit volumes in the Kansas City metropolitan region declined in 2023 to their lowest levels in over a decade, with annual residential construction averaging about 6,700 combined single-family and multifamily units per year since 2008, representing roughly 58% of pre-2007 historical levels.","Mid-America Regional Council (MARC), 'KC Area Building Permits', 2024"
landscaping,Las Vegas,NV,"As of May 2023, the U.S. Bureau of Labor Statistics reported 6,580 Landscaping and Groundskeeping Workers (SOC 37-3011) employed in the Las Vegas-Henderson-Paradise, NV metropolitan statistical area, earning an hourly mean wage of $18.50 and an annual mean wage of $38,480.","U.S. Bureau of Labor Statistics, May 2023 Occupational Employment and Wage Statistics (OEWS) Metropolitan Estimates, 2024, https://www.bls.gov/oes/current/oes_29820.htm",,,"According to U.S. Census Bureau building permit data, new private housing structures authorized by building permits in Clark County (Las Vegas metro) totaled 16,307 in 2021, moderated to 13,066 in 2022 and 13,073 in 2023, and subsequently rebounded to 14,754 in 2024.","U.S. Census Bureau, New Private Housing Structures Authorized by Building Permits for Clark County, NV, retrieved from FRED (Federal Reserve Bank of St. Louis), 2026, https://fred.stlouisfed.org/series/BPPRIV032003"
landscaping,Los Angeles,CA,"According to the U.S. Bureau of Labor Statistics (BLS) Occupational Employment and Wage Statistics (OEWS), the Los Angeles-Long Beach-Anaheim, CA metropolitan statistical area employed 27,930 Landscaping and Groundskeeping Workers (SOC 37-3011) in May 2023. This represents a density of 4.51 workers per 1,000 total jobs in the metropolitan area (location quotient of 0.74) with an annual mean wage of $43,530.","U.S. Bureau of Labor Statistics, Occupational Employment and Wage Statistics (OEWS) - May 2023 Metropolitan and Nonmetropolitan Area Occupational Employment and Wage Estimates: Los Angeles-Long Beach-Anaheim, CA, 2024, https://www.bls.gov/oes/current/oes373011.htm",,,"According to the U.S. Census Bureau Building Permits Survey, total new privately-owned housing units authorized by building permits in the Los Angeles-Long Beach-Anaheim, CA metropolitan area declined from 13,154 units in 2023 to 10,488 units in 2024, a decrease of 2,666 units (-20.3%).","U.S. Census Bureau, Building Permits Survey (BPS) - 2024 Annual Building Permits Survey, 2025, https://www.census.gov/construction/bps"
landscaping,Louisville,KY,"According to the U.S. Bureau of Labor Statistics, the Louisville/Jefferson County, KY-IN MSA employed approximately 3,300 Landscaping and Groundskeeping Workers (SOC 37-3011) as of May 2023, representing a trade worker density of 4.97 per 1,000 total jobs in the metropolitan area.","U.S. Bureau of Labor Statistics, May 2023 Metropolitan and Nonmetropolitan Area Occupational Employment and Wage Estimates: Louisville/Jefferson County, KY-IN, 2024, https://www.bls.gov/oes/current/oes_31140.htm",,,"New residential construction permitting in Louisville/Jefferson County has experienced a downward trend over recent years, declining from an annual average of 3,613 permits between 2014 and 2018 to an annual average of 1,488 permits between 2019 and 2023, with 1,239 new construction permits issued in 2023.","Louisville Metro Government, Housing Needs Assessment, 2024, https://louisvilleky.gov"
landscaping,Memphis,TN,"In the Memphis, TN-MS-AR Metropolitan Statistical Area, there were 2,860 Landscaping and Groundskeeping Workers (SOC 37-3011) employed as of May 2023, representing an employment concentration of 4.575 workers per 1,000 jobs (location quotient of 0.75).","U.S. Bureau of Labor Statistics, May 2023 Occupational Employment and Wage Statistics (2024), https://www.bls.gov/oes/current/oes_32820.htm",,,"Residential construction and permit activity in the Memphis, TN-MS-AR MSA showed a moderating trend, with home sales falling 14% year-over-year to 22,200 total sales for the 12 months ending May 2024, and 1,950 multi-family units under construction satisfying the bulk of forecasted 3-year rental demand.","U.S. Department of Housing and Urban Development (HUD), Memphis, Tennessee-Mississippi-Arkansas Comprehensive Housing Market Analysis (2024), https://www.huduser.gov/portal/ushmc/chma_archive.html"
landscaping,Miami,FL,"As of May 2023, the Miami-Fort Lauderdale-West Palm Beach, FL metropolitan area employed 20,490 Landscaping and Groundskeeping Workers (SOC 37-3011), with a concentration of 7.53 workers per 1,000 jobs (location quotient of 1.23).","U.S. Bureau of Labor Statistics (BLS) Occupational Employment and Wage Statistics (OEWS), 2023, https://www.bls.gov/oes/current/oes373011.htm",,,"The Miami-Fort Lauderdale-Pompano Beach metropolitan area authorized 16,352 new residential housing units in 2024, representing a 23.3% decline compared to 21,320 units authorized in 2023.","U.S. Census Bureau Building Permits Survey, 2024, https://www.census.gov/construction/bps"
landscaping,Milwaukee,WI,"As of May 2023, there were 5,030 Landscaping and Groundskeeping Workers (SOC 37-3011) employed in the Milwaukee-Waukesha-West Allis, WI metropolitan area, representing a location quotient of 1.01 and an annual mean wage of $39,670 ($19.07 hourly mean).","U.S. Bureau of Labor Statistics, May 2023 Occupational Employment and Wage Statistics (OEWS), published April 2024, https://www.bls.gov/oes/current/oes_39540.htm",,,"In the Milwaukee metropolitan area, multi-family residential permitting declined during 2021-2023 compared to pre-pandemic (2017-2019) levels while single-family permitting held flat, though single-family permitting experienced a modest uptick in the 12 months ending August 2025.","Wisconsin Policy Forum, Housing Permit Activity Stagnates in Wisconsin (2024), https://wispolicyforum.org and U.S. Department of Housing and Urban Development (HUD) PD&R Housing Market Profiles: Milwaukee-Waukesha, WI (2025), https://www.huduser.gov"
landscaping,Minneapolis-St. Paul,MN,"According to the U.S. Bureau of Labor Statistics, the Minneapolis-St. Paul-Bloomington, MN-WI MSA employed 11,200 Landscaping and Groundskeeping Workers (SOC 37-3011), representing a density of 5.86 workers per 1,000 total jobs in the metropolitan area.","U.S. Bureau of Labor Statistics (2024), May 2023 Metropolitan and Nonmetropolitan Area Occupational Employment and Wage Estimates - Minneapolis-St. Paul-Bloomington, MN-WI, https://www.bls.gov/oes/current/oes_33460.htm",,,"Residential construction permit volume in the Minneapolis-St. Paul-Bloomington MSA experienced a moderate cooling trend following post-pandemic highs, with single-family building permits averaging approximately 9,500 units annually from 2020 through 2024 and total authorized residential housing units declining by approximately 6.8% year-over-year across 2024-2025.","U.S. Census Bureau & HUD (2024), State of the Cities Data Systems (SOCDS) Building Permits Database, https://socds.huduser.gov/permits"
landscaping,Nashville,TN,"According to the U.S. Bureau of Labor Statistics, the Nashville-Davidson--Murfreesboro--Franklin, TN Metropolitan Statistical Area had 5,140 Landscaping and Groundskeeping Workers (SOC 37-3011) employed in May 2023, representing a density of 4.786 workers per 1,000 jobs.","U.S. Bureau of Labor Statistics, Occupational Employment and Wage Statistics, 2023, https://www.bls.gov/oes/current/oes_34980.htm",,,"Residential permitting activity in the Nashville-Davidson--Murfreesboro--Franklin MSA remained active with 17,930 total housing permits authorized over a trailing 12-month period (up 19.0% year-over-year), while construction moderated toward sustainable levels with 22,800 rental units and 7,700 single-family sales homes under construction as of April 2024.","U.S. Department of Housing and Urban Development, Comprehensive Housing Market Analysis: Nashville-Davidson--Murfreesboro--Franklin, Tennessee, 2024, https://www.huduser.gov/portal/ushmc/chma_archive.html"
landscaping,New Orleans,LA,"According to the BLS Occupational Employment and Wage Statistics (OEWS), the New Orleans-Metairie, LA MSA employed 2,170 Landscaping and Groundskeeping Workers (SOC 37-3011) as of May 2023, representing a location quotient of 0.69 compared to the national average.","U.S. Bureau of Labor Statistics, 2023, https://www.bls.gov/oes/current/oes_35380.htm",,,"Residential construction permitting in the New Orleans-Metairie MSA experienced a significant contraction, with total residential permits dropping 68.4% year-over-year (falling from 376 to 119 units) and single-family permits declining by 75% in 2025.","U.S. Census Bureau Building Permits Survey, 2025, https://www.census.gov/construction/bps"
landscaping,New York,NY,"According to the U.S. Bureau of Labor Statistics Occupational Employment and Wage Statistics (OEWS), there were 51,790 Landscaping and Groundskeeping Workers (SOC 37-3011) employed in the New York-Newark-Jersey City, NY-NJ-PA metropolitan statistical area, representing approximately 5.45 workers per 1,000 jobs with a location quotient of 0.89.","U.S. Bureau of Labor Statistics (BLS) Occupational Employment and Wage Statistics (OEWS), 2023, https://www.bls.gov/oes/current/oes373011.htm",3363,"Angi, 2026, https://www.angi.com","According to U.S. Census Bureau Building Permits Survey reports via HUD User, residential construction activity in the New York-Newark-Jersey City MSA saw multi-family building permit volume contract significantly (down 19% to 51% across recent tracking periods), while single-family residential permitting experienced modest stabilization and occasional single-digit to low double-digit percentage gains.","U.S. Census Bureau Building Permits Survey / HUD User Regional Reports, 2025, https://www.huduser.gov"
landscaping,Oklahoma City,OK,"As of May 2023, the Oklahoma City, OK Metropolitan Statistical Area employed 4,180 Landscaping and Groundskeeping Workers (SOC 37-3011) with an employment location quotient of 1.04 relative to the national baseline.","U.S. Bureau of Labor Statistics (BLS) Occupational Employment and Wage Statistics (OEWS), 2023, https://www.bls.gov/oes/current/oes_36420.htm",,,"In the Oklahoma City MSA, residential construction activity remained substantial as of June 2024, with 4,250 single-family sales units and 5,525 rental units under construction. Over the June 2024 to June 2027 forecast period, total housing demand is estimated at 19,550 single-family sales units and 4,475 rental units, despite home sales declining 15% in the 12 months ending May 2024.","U.S. Department of Housing and Urban Development (HUD), Office of Policy Development and Research, 2024, https://www.huduser.gov"
landscaping,Orlando,FL,"According to the U.S. Bureau of Labor Statistics May 2023 Occupational Employment and Wage Statistics (OEWS), the Orlando-Kissimmee-Sanford, FL MSA employed 10,890 Landscaping and Groundskeeping Workers (SOC 37-3011), representing 7.97 jobs per 1,000 total jobs in the metropolitan area and a location quotient of 1.30 relative to the national average.","U.S. Bureau of Labor Statistics, May 2023 OEWS Metropolitan Area Occupational Employment and Wage Estimates: Orlando-Kissimmee-Sanford, FL (2024), https://www.bls.gov/oes/current/oes_36740.htm",2586,"Angi, How Much Does Landscaping Cost in Orlando, FL? (2026), https://www.angi.com/articles/how-much-does-landscaping-cost.htm","According to U.S. Census Bureau Building Permits Survey data, total residential building permits in the Orlando-Kissimmee-Sanford, FL MSA increased by 15% from 24,135 units in 2024 to 27,758 units in 2025, outperforming national construction trends driven by regional expansion.","U.S. Census Bureau, Building Permits Survey (2026), https://www.census.gov/construction/bps"
landscaping,Philadelphia,PA,"According to May 2023 BLS OEWS estimates for the Philadelphia-Camden-Wilmington, PA-NJ-DE-MD metropolitan area, there were 18,430 Landscaping and Groundskeeping Workers (SOC 37-3011) employed in the metro, representing a density of 6.51 workers per 1,000 jobs and a location quotient of 1.06.","U.S. Bureau of Labor Statistics (BLS) Occupational Employment and Wage Statistics (OEWS), 2023, https://www.bls.gov/oes/current/oes373011.htm",2670,"Angi, 2026 Philadelphia PA Landscaping Cost Guide, https://www.angi.com","Residential permitting activity in the Philadelphia-Camden-Wilmington MSA experienced a temporary slowdown from 2021-2022 peaks, issuing 12,442 housing unit permits through late 2023 (5,559 single-family and 6,883 multi-family units), before single-family permit issuance stabilized and turned to positive year-over-year growth into 2024.","U.S. Census Bureau Building Permits Survey / Federal Reserve Bank of St. Louis FRED, 2024, https://fred.stlouisfed.org/series/PHIL942BP1FHSA"
landscaping,Phoenix,AZ,"According to the U.S. Bureau of Labor Statistics Occupational Employment and Wage Statistics (OEWS), the Phoenix-Mesa-Scottsdale, AZ Metropolitan Statistical Area employed 15,270 Landscaping and Groundskeeping Workers (SOC 37-3011) in May 2023, representing a density of 6.67 jobs per 1,000 total jobs in the metro area (location quotient of 1.09).","U.S. Bureau of Labor Statistics, May 2023 OEWS Metropolitan and Nonmetropolitan Area Occupational Employment and Wage Estimates: Phoenix-Mesa-Scottsdale, AZ, 2024, https://www.bls.gov/oes/current/oes_38060.htm",,,"Residential building permit authorizations in the Phoenix-Mesa-Chandler, AZ MSA peaked in 2021-2022 at over 60,000 total units before experiencing a significant downward correction through late 2022 and 2023 due to elevated mortgage rates, followed by a moderation and stabilization in permitting activity through 2024-2025.","U.S. Census Bureau, New Private Housing Structures Authorized by Building Permits for Phoenix-Mesa-Chandler, AZ (MSA), retrieved from FRED, Federal Reserve Bank of St. Louis, 2026, https://fred.stlouisfed.org/series/PHOE004BPPRIV"
landscaping,Pittsburgh,PA,"According to May 2023 BLS OEWS data, the Pittsburgh, PA Metropolitan Statistical Area employed 6,770 Landscaping and Groundskeeping Workers (SOC 37-3011), with an hourly mean wage of $17.75 and an annual mean wage of $36,910.","U.S. Bureau of Labor Statistics, OEWS May 2023 Metropolitan and Nonmetropolitan Area Occupational Employment and Wage Estimates: Pittsburgh, PA, 2024, https://www.bls.gov/oes/current/oes_38300.htm",1590,"HomeYou, Pittsburgh, PA Landscaping Cost Guide, 2026","Residential building permit volume in the Pittsburgh MSA / HMA declined approximately 10% from 7,400 total units permitted in 2023 to 6,658 units for the 12-month period ending April 2024.","U.S. Department of Housing and Urban Development (HUD) PD&R, Comprehensive Housing Market Analysis: Pittsburgh, Pennsylvania, 2024, https://www.huduser.gov/portal/ushmc/chma_archive.html"
landscaping,Portland,OR,"According to the May 2023 BLS OEWS, the Portland-Vancouver-Hillsboro, OR-WA metropolitan area employed 6,410 Landscaping and Groundskeeping Workers (SOC 37-3011), representing a density of 5.312 jobs per 1,000 total occupations in the metro area.","U.S. Bureau of Labor Statistics, 2024, https://www.bls.gov/oes/current/oes_38900.htm",,,"Residential construction permitting in the Portland metropolitan area and Oregon state has slowed in recent years: statewide housing permits declined from over 20,000 in 2022 to under 18,000 in 2023 and roughly 13,000 in 2024, with total housing unit permits inside Portland city limits dropping 47.4% from 3,089 in 2023 to 1,624 in 2024.","U.S. Census Bureau, 2025, https://fred.stlouisfed.org/series/PORT941BP1FH"
landscaping,Providence,RI,"According to the U.S. Bureau of Labor Statistics May 2023 Occupational Employment and Wage Statistics (OEWS), the Providence-Warwick, RI-MA Metropolitan Statistical Area employed 4,480 Landscaping and Groundskeeping Workers (SOC 37-3011), representing a density of approximately 9.18 workers per 1,000 jobs.","U.S. Bureau of Labor Statistics, 2024, https://www.bls.gov/oes/current/oes_39300.htm",,,"According to the U.S. Census Bureau Building Permits Survey, residential building permit issuance in the Providence-Warwick, RI-MA MSA experienced a multi-year slowdown overall between 2022 and 2024 due to elevated mortgage rates and construction costs, with multi-family developments accounting for 48.9% of total authorized housing units in 2024.","U.S. Census Bureau Building Permits Survey, 2024, https://www.census.gov/construction/bps/index.html"
landscaping,Raleigh,NC,,,2947,"Angi, 2026, https://www.angi.com/articles/how-much-does-landscaping-cost-raleigh-nc.htm","The Raleigh-Cary metro area authorized 18,206 residential building permits trailing 12 months, yielding 12.81 permits per 1,000 residents with a year-over-year permit volume increase of +15.5%, representing one of the highest-velocity construction pipelines in the nation.","U.S. Census Bureau Building Permits Survey (retrieved via FRED, Federal Reserve Bank of St. Louis), 2026, https://fred.stlouisfed.org/series/RALE537BPPRIV"
landscaping,Richmond,VA,"According to BLS Occupational Employment and Wage Statistics (OEWS) data for the Richmond, VA MSA, there were 4,170 Landscaping and Groundskeeping Workers (SOC 37-3011) employed in the metropolitan area in May 2023, representing a density of 6.434 groundskeeping workers per 1,000 jobs (location quotient of 1.05).","U.S. Bureau of Labor Statistics, May 2023 Metropolitan and Nonmetropolitan Area Occupational Employment and Wage Estimates: Richmond, VA, 2024, https://www.bls.gov/oes/current/oes_40060.htm",,,"Residential building permit activity in the Richmond, VA metro area moderated after reaching post-pandemic peaks, with regional building permit volume declining by roughly 20% in early 2024 compared to 2023 levels as higher mortgage rates slowed new residential authorizations.","U.S. Census Bureau, Building Permits Survey (via Federal Reserve Bank of St. Louis FRED), 2024, https://fred.stlouisfed.org/series/RICH051BPPRIV"
landscaping,Riverside-San Bernardino,CA,"According to the Bureau of Labor Statistics OEWS estimates, the Riverside-San Bernardino-Ontario, CA MSA employed 13,520 Landscaping and Groundskeeping Workers (SOC 37-3011), representing a density of 8.13 workers per 1,000 jobs in the metropolitan area.","U.S. Bureau of Labor Statistics, May 2023 Occupational Employment and Wage Statistics (OEWS), https://www.bls.gov/oes/current/oes_38860.htm",,,"Residential permit activity in the Riverside-San Bernardino-Ontario MSA saw a drop in single-family permits of approximately 36% from early 2022 to early 2023 (falling from a peak of 1,588 units monthly down to 400-700 units), while multifamily permitting temporarily surged over 45% to reach 5,150 units. Overall permitting volume subsequently contracted through 2024-2025, dropping by roughly 39% compared to 2020 levels primarily due to a pullback in large multifamily projects.","U.S. Department of Housing and Urban Development (HUD) PD&R, Comprehensive Housing Market Analysis: Riverside-San Bernardino-Ontario, CA (2022), https://www.huduser.gov/portal/ushmc/chma_archive.html"
landscaping,Sacramento,CA,"In May 2023, the Sacramento-Roseville-Arden-Arcade, CA Metropolitan Statistical Area employed 8,110 Landscaping and Groundskeeping Workers (SOC 37-3011), representing a density of 7.74 workers per 1,000 total jobs in the metro area (location quotient of 1.26).","U.S. Bureau of Labor Statistics (BLS) Occupational Employment and Wage Statistics (OEWS), 2023, https://www.bls.gov/oes/current/oes_40900.htm",,,"Construction permit activity in Sacramento expanded significantly from 2022 to 2024, growing from 5,191 total construction permits ($1.30 billion valuation) in 2022 to 6,894 permits ($1.77 billion valuation) in 2023, and maintaining a elevated level of 6,747 permits in 2024 with a total valuation rising to $1.96 billion.","California Employment Development Department (EDD) / U.S. Census Bureau Building Permits Survey, 2024, https://labormarketinfo.edd.ca.gov"
landscaping,Salt Lake City,UT,"According to the U.S. Bureau of Labor Statistics May 2023 OEWS estimates, the Salt Lake City, UT Metropolitan Statistical Area employed 4,590 Landscaping and Groundskeeping Workers (SOC 37-3011).","U.S. Bureau of Labor Statistics, 2024, https://www.bls.gov/oes/current/oes_41620.htm",,,"In 2024, Salt Lake City issued 9,190 total building permits, representing a slight decline in volume from the prior two years. However, total permitted project valuation reached a record $3,370,854,818 (over $3.37 billion), more than a billion dollars higher than any prior year in the city's history, driven by large multi-family residential, commercial, and industrial projects.","Salt Lake City Building Services Division, 2025"
landscaping,San Antonio,TX,"According to Census Bureau County Business Patterns data, there were 3,124 landscaping services establishments (NAICS 561730) operating in the San Antonio-New Braunfels, TX MSA. Additionally, U.S. Bureau of Labor Statistics OEWS data reported 4,010 Landscaping and Groundskeeping Workers (SOC 37-3012) employed across the metropolitan area.","U.S. Census Bureau, 2022 County Business Patterns, https://www.census.gov/data/datasets/2022/econ/cbp/2022-cbp.html and U.S. Bureau of Labor Statistics, May 2023 OEWS, https://www.bls.gov/oes/current/oes_41700.htm",,,"Residential sales/single-family unit permitting in the San Antonio-New Braunfels MSA expanded by more than 17 percent (an increase of 2,650 units) to 17,800 permitted sales units for the 12 months ending September 2024. Conversely, apartment rental permitting slowed below 4,000 units during the same period following a high-volume delivery phase.","U.S. Department of Housing and Urban Development, HUD USER Housing Market Profile: San Antonio, Texas (2024), https://www.huduser.gov"
landscaping,San Diego,CA,"According to the U.S. Bureau of Labor Statistics Occupational Employment and Wage Statistics (OEWS) data, the San Diego-Chula Vista-Carlsbad, CA metropolitan statistical area employed approximately 10,870 Landscaping and Groundskeeping Workers (SOC 37-3011) with a mean hourly wage of $21.90 and a median annual wage of $45,560.","U.S. Bureau of Labor Statistics (BLS), Occupational Employment and Wage Statistics, May 2024, https://www.bls.gov/oes",25000,"Greenway Landscape Design & Build, 2024 Landscape Pricing Guide, https://grnway.com","Residential building permit activity in the San Diego-Chula Vista-Carlsbad MSA remained steady, authorizing 11,572 new private housing units in 2024 compared to 11,469 units in 2023, reflecting stable overall housing construction following a post-2022 multi-family moderation.","U.S. Census Bureau Building Permits Survey / Federal Reserve Bank of St. Louis (FRED), 2024, https://fred.stlouisfed.org/series/SAND706BPPRIV"
landscaping,San Francisco,CA,"According to the U.S. Bureau of Labor Statistics (BLS) Occupational Employment and Wage Statistics (OEWS), the San Francisco-Oakland-Berkeley, CA metropolitan statistical area employed 12,270 Landscaping and Groundskeeping Workers (SOC 37-3011). In addition, U.S. Census Bureau County Business Patterns (CBP) data reported 1,403 Landscaping Services (NAICS 561730) establishment units in the regional metropolitan market area.","U.S. Bureau of Labor Statistics OEWS (2023), https://www.bls.gov/oes/ and U.S. Census Bureau County Business Patterns (2019 via Marin Transit DBE Goal Methodology 2022), https://marintransit.gov",3204,"Angi San Francisco Landscaping Cost Report (2026), https://www.angi.com","Residential construction permitting in the San Francisco-Oakland-Berkeley MSA declined 18.8% in 2022 to 11,048 total housing units authorized ($3.0 billion total permit value). In the city of San Francisco, authorized new housing units dropped further in 2023 to 1,823 units, representing the lowest annual permitting level since 2010 due to elevated interest rates and high construction costs.","U.S. Census Bureau Building Permits Survey (2023), https://www.census.gov/construction/bps/ and U.S. Department of Housing and Urban Development Comprehensive Housing Market Analysis (2024), https://www.huduser.gov"
landscaping,San Jose,CA,"As of May 2023, the San Jose-Sunnyvale-Santa Clara, CA MSA employed 6,200 Landscaping and Groundskeeping Workers (SOC 37-3011), corresponding to an employment density of 5.43 workers per 1,000 total jobs in the metropolitan area and a location quotient of 0.89 relative to the national average.","U.S. Bureau of Labor Statistics Occupational Employment and Wage Statistics (OEWS), 2023, https://www.bls.gov/oes/current/oes373011.htm",,,"Total residential building permits issued in the San Jose-Sunnyvale-Santa Clara MSA declined by 68% between July 2020 and July 2025, dropping from 1,949 permits to 623 permits, representing the steepest permit drop among major U.S. metropolitan areas over that timeframe.","San José Spotlight / U.S. Census Bureau Building Permits Survey, 2025"
landscaping,Seattle,WA,"As of May 2023, the Seattle-Tacoma-Bellevue, WA metropolitan area employed 10,880 Landscaping and Groundskeeping Workers (SOC 37-3011), representing a workforce density of 5.23 workers per 1,000 jobs and a location quotient of 0.85.","U.S. Bureau of Labor Statistics (BLS) Occupational Employment and Wage Statistics (OEWS), 2024, https://www.bls.gov/oes/current/oes373011.htm",5476,"Angi, 2026","In the Seattle-Tacoma-Bellevue metro, single-family building permit activity rose 16% year-over-year through September 2024 (5,135 permits) while multifamily dropped 12% (7,452 permits). By May 2025 YTD, total permitting contracted further, with single-family permits down 8% (2,709 permits) and multifamily permits down 46% (2,587 permits) compared to the prior year.","Master Builders Association of King and Snohomish Counties (MBAKS) / HUD State of the Cities Data Systems (SOCDS) / U.S. Census Bureau Building Permits Survey, 2025, https://www.mbaks.com"
landscaping,St. Louis,MO,"According to the Bureau of Labor Statistics (BLS) Occupational Employment and Wage Statistics (OEWS), the St. Louis, MO-IL Metropolitan Statistical Area employed 8,730 Landscaping and Groundskeeping Workers (SOC 37-3011) as of May 2023.","U.S. Bureau of Labor Statistics (BLS), Occupational Employment and Wage Statistics (OEWS), May 2023, https://www.bls.gov/oes/current/oes_41180.htm",,,"Residential building permit activity in the St. Louis, MO-IL MSA declined in 2025: single-family unit authorizations fell 10% to 4,175 units (down from 4,650 in 2024) and multifamily authorizations fell 19% to 1,650 units (down from 2,050 in 2024), placing overall residential construction permitting below historical averages.","U.S. Department of Housing and Urban Development (HUD User), Housing Market Profiles: St. Louis, Missouri-Illinois, 2026"
landscaping,Tampa,FL,"According to the U.S. Bureau of Labor Statistics OEWS (May 2023), the Tampa-St. Petersburg-Clearwater, FL MSA employed 8,750 Landscaping and Groundskeeping Workers (SOC 37-3011), with a location quotient of 1.01 relative to the national average.","U.S. Bureau of Labor Statistics, May 2023 OEWS Metropolitan and Nonmetropolitan Area Occupational Employment and Wage Estimates, 2024, https://www.bls.gov/oes/current/oes_45300.htm",,,"Single-family residential building permits in the Tampa MSA experienced a slowdown after peaking at 19,305 in 2021, declining to 15,678 in 2022 and 14,502 in 2023 due to rising housing costs, elevated mortgage rates, and property insurance price increases.","U.S. Census Bureau Building Permits Survey, cited in Tampa Bay EDC Market Report, 2024, https://tampabayedc.com/wp-content/uploads/2024/03/Tampa-Bay-EDC-2024-Market-Report.pdf"
landscaping,Virginia Beach,VA,"According to the U.S. Bureau of Labor Statistics, the Virginia Beach-Norfolk-Newport News, VA-NC metropolitan area employed 4,340 Landscaping and Groundskeeping Workers (SOC 37-3011) as of May 2023, with an annual mean wage of $36,510 and a location quotient of 0.96.","U.S. Bureau of Labor Statistics, 2023, https://www.bls.gov/oes/current/oes_47260.htm",,,"Single-family housing building permits in the Hampton Roads / Virginia Beach metropolitan area increased by 5.5% in 2024 compared to the prior year, marking a positive turnaround after three consecutive years of declining permit activity.","Hampton Roads Planning District Commission, 2025, https://www.hrpdcva.gov"
landscaping,Washington DC,DC,"According to the May 2023 BLS OEWS survey, the Washington-Arlington-Alexandria, DC-VA-MD-WV metropolitan area employed 16,680 Landscaping and Groundskeeping Workers (SOC 37-3011) with an employment density location quotient of 0.88 and an annual mean wage of $42,750.","U.S. Bureau of Labor Statistics, Occupational Employment and Wage Statistics (OEWS), 2023, https://www.bls.gov/oes/current/oes_47900.htm",2686,"Angi, How Much Does Landscaping Cost in Washington, D.C.?, 2026, https://www.angi.com/articles/how-much-does-landscaping-cost-washington-dc.htm","New private housing units authorized by building permits in the Washington-Arlington-Alexandria metro area experienced a sharp downward trend in recent years, falling from 7,705 units in 2022 to 3,020 units in 2023 and 1,737 units in 2024.","U.S. Census Bureau, retrieved from FRED, Federal Reserve Bank of St. Louis, 2026, https://fred.stlouisfed.org/series/WASH911BPPRIV"
commercial-cleaning,Atlanta,GA,"As of May 2023, the Atlanta-Sandy Springs-Roswell, GA Metropolitan Statistical Area employs 27,110 workers in the Janitors and Cleaners, Except Maids and Housekeeping Cleaners occupation (SOC 37-2011), with an average hourly wage of $15.95 and an annual mean wage of $33,170.","U.S. Bureau of Labor Statistics Occupational Employment and Wage Statistics (OEWS), 2023, https://www.bls.gov/oes/current/oes372011.htm",4750,"Millennial Facility Services, 2026","The Atlanta-Sandy Springs-Alpharetta, GA MSA authorized 40,687 total new private housing units in 2024. Building permit activity moderated from a peak of 2,906 total units permitted in December 2024 to approximately 2,289 total units per month by early 2026.","U.S. Census Bureau Building Permits Survey / Federal Reserve Bank of St. Louis (FRED), 2026, https://fred.stlouisfed.org/series/ATLA013BPPRIVSA"
commercial-cleaning,Austin,TX,"In the Austin-Round Rock, TX MSA, there were 13,660 workers employed as Janitors and Cleaners, Except Maids and Housekeeping Cleaners (SOC 37-2011) as of May 2023, with a mean hourly wage of $16.11 and an annual mean wage of $33,080.","U.S. Bureau of Labor Statistics, Occupational Employment and Wage Statistics (OEWS), 2023, https://www.bls.gov/oes/current/oes_12420.htm",,,"Residential construction permitting in the Austin-Round Rock-San Marcos MSA moderated from peak levels of over 42,000 units in 2021-2022 to 32,294 new residential units authorized in 2024. Despite this decline from peak activity, Austin ranked 6th highest among all U.S. major metros for total housing units permitted in 2024 and 2nd highest relative to existing housing stock (28.6 permitted units per 1,000 existing homes).","U.S. Census Bureau, Building Permits Survey, 2024, https://www.census.gov/construction/bps/index.html"
commercial-cleaning,Baltimore,MD,"According to the U.S. Bureau of Labor Statistics Occupational Employment and Wage Statistics (OEWS) survey, the Baltimore-Columbia-Towson, MD metropolitan statistical area employed 38,080 janitors and cleaners (except maids and housekeeping cleaners; SOC 37-2011) in May 2023, representing an employment concentration of 14.42 workers per 1,000 jobs (location quotient of 0.99).","U.S. Bureau of Labor Statistics, Occupational Employment and Wage Statistics, 2023, https://www.bls.gov/oes/current/oes_12580.htm",,,"Residential construction permitting in the Baltimore region trended downward in recent years, with authorized residential units falling 12% from 2023 to 6,448 units in 2024, and further declining to 5,775 units authorized in 2025.","Baltimore Metropolitan Council, 2025 Annual Building Permit Activity Report, 2026, https://www.baltometro.org"
commercial-cleaning,Birmingham,AL,"In the Birmingham-Hoover, AL MSA, there were 5,560 workers employed as Janitors and Cleaners, Except Maids and Housekeeping Cleaners (SOC 37-2011) as of May 2023, representing an employment location quotient of 0.76 relative to the national average.","U.S. Bureau of Labor Statistics, May 2023 Occupational Employment and Wage Statistics (OEWS), https://www.bls.gov/oes/current/oes_13820.htm",,,"Residential building permit activity in the Birmingham-Hoover MSA remained steady at roughly 4,944 to 5,173 authorized units annually between 2021 and early 2023, with single-family structures accounting for approximately 3,350 permitted units per year.","U.S. Department of Housing and Urban Development, Comprehensive Housing Market Analysis: Birmingham-Hoover, Alabama (2023), https://www.huduser.gov/portal/ushmc/chma_archive.html"
commercial-cleaning,Boston,MA,"In the Boston-Cambridge-Nashua, MA-NH metropolitan area, there are 44,360 employed janitors and cleaners (except maids and housekeeping cleaners), representing a density of 16.06 jobs per 1,000 total jobs and a location quotient of 1.12 relative to the national average.","U.S. Bureau of Labor Statistics (BLS) Occupational Employment and Wage Statistics (OEWS), 2024, https://www.bls.gov/oes/current/oes372011.htm",,,"Residential building permits in Greater Boston have experienced a sharp downward trend over recent years, dropping from 15,019 permitted units in 2021 to under 9,000 units in 2024 (a decline of over 40%), with 2025 year-to-date figures remaining down 44% compared to 2021 levels.","The Boston Foundation & Boston Indicators, 2025"
commercial-cleaning,Buffalo,NY,"According to the U.S. Bureau of Labor Statistics Occupational Employment and Wage Statistics (OEWS), Janitors and Cleaners, Except Maids and Housekeeping Cleaners (SOC 37-2011) represents one of the largest occupational groups in the Buffalo-Cheektowaga, NY metropolitan statistical area, with approximately 10,030 workers employed across the metro.","U.S. Bureau of Labor Statistics, 2024, https://www.bls.gov/oes",,,"Residential building permit volume in the Buffalo-Cheektowaga-Niagara Falls MSA totaled 2,101 units in 2023 (down from 3,197 in 2022), but rebounded to 2,659 authorized housing units for the 12 months ending July 2024, driven primarily by an increase in multi-family rental building permits.","U.S. Department of Housing and Urban Development, 2024, https://www.huduser.gov"
commercial-cleaning,Charlotte,NC,"According to official employment data for the Charlotte-Concord-Gastonia, NC-SC Metropolitan Statistical Area, there were 13,970 employed janitors and cleaners (SOC 37-2011, excluding maids and housekeeping cleaners), representing a location quotient of 0.74 and an annual mean wage of $32,210.","U.S. Bureau of Labor Statistics, Occupational Employment and Wage Statistics (OEWS), May 2023 (published 2024), https://www.bls.gov/oes/current/oes_16740.htm",,,"New private housing structures authorized by building permits in the Charlotte-Concord-Gastonia MSA have sustained strong volume over recent years, issuing over 20,000 authorized units annually (ranging between ~2,400 and 3,600 units monthly), placing Charlotte among the top 5 metropolitan markets nationwide for building permit activity.","U.S. Census Bureau, Building Permits Survey (retrieved via Federal Reserve Bank of St. Louis FRED), 2026, https://fred.stlouisfed.org/series/CHAR737BPPRIV"
commercial-cleaning,Chicago,IL,"According to the U.S. Bureau of Labor Statistics Occupational Employment and Wage Statistics (OEWS), the Chicago-Naperville-Elgin, IL-IN metropolitan statistical area employed 72,020 janitors and cleaners (except maids and housekeeping cleaners) as of May 2024, ranking as the third-largest metropolitan employment market for building cleaners in the United States with a location quotient of 1.13.","U.S. Bureau of Labor Statistics, Occupational Employment and Wage Statistics (OEWS), 2024, https://www.bls.gov/oes/current/oes372011.htm",,,"According to U.S. Census Bureau Building Permits Survey data, total residential structure permit authorizations in the Chicago-Naperville-Elgin, IL-IN-WI MSA declined from 2022 levels into 2023 before showing a modest rebound in 2024, reflecting fluctuating regional construction and commercial building expansion activity.","U.S. Census Bureau, Building Permits Survey (via FRED, Federal Reserve Bank of St. Louis), 2024, https://fred.stlouisfed.org/series/CHIC917BPPRIV"
commercial-cleaning,Cincinnati,OH,"As of May 2023, the Cincinnati, OH-KY-IN Metropolitan Statistical Area employed 14,470 workers as Janitors and Cleaners, Except Maids and Housekeeping Cleaners (SOC 37-2011), representing a location quotient of 0.93 relative to the national average and an annual mean wage of $35,210 ($16.93/hr).","U.S. Bureau of Labor Statistics (BLS), Occupational Employment and Wage Statistics (OEWS), 2024, https://www.bls.gov/oes/current/oes_17140.htm",,,"During the 12 months ending August 2025, single-family building permits in the Cincinnati MSA increased to 4,250 units (up from 3,925 units in the prior year), while multifamily permits fell slightly to 2,525 units (down from 2,650 units).","U.S. Department of Housing and Urban Development (HUD User) / U.S. Census Bureau Building Permits Survey, 2026, https://www.huduser.gov"
commercial-cleaning,Cleveland,OH,"As of May 2023, there were 12,890 janitors and cleaners (excluding maids and housekeeping cleaners) employed across all sectors in the Cleveland-Elyria, OH MSA, earning an annual mean wage of $36,050 ($17.33 per hour).","U.S. Bureau of Labor Statistics, May 2023 OEWS, 2024, https://www.bls.gov/oes/current/oes17460.htm",,,"Building permit volume in the Cleveland-Elyria metro area increased roughly 28.6% year-over-year to 4,175 total authorized housing structure permits, representing a rate of approximately 2.02 permits per 1,000 residents.","U.S. Census Bureau Building Permits Survey, 2024, https://www.census.gov/construction/bps"
commercial-cleaning,Columbus,OH,"According to the U.S. Bureau of Labor Statistics OEWS dataset, Janitors and Cleaners (SOC 37-2011) represents one of the largest occupational counts in Ohio (over 11,000 workers regionally), with Building and Grounds Cleaning and Maintenance Occupations accounting for a mean hourly wage of $18.32 in the Columbus, OH Metropolitan Statistical Area.","U.S. Bureau of Labor Statistics, 2025, https://www.bls.gov/regions/midwest/news-release/occupationalemploymentandwages_columbus.htm",,,"Residential and commercial building permit activity in the Columbus, OH MSA has trended significantly upward, with over 16,000 total housing units authorized in recent trailing 12-month periods (representing a >60% year-over-year increase), dominated by multi-family structures (5+ units comprising roughly 62% of permitted units).","U.S. Census Bureau Building Permits Survey, 2024, https://www.census.gov/construction/bps"
commercial-cleaning,Dallas-Fort Worth,TX,"According to the U.S. Bureau of Labor Statistics OEWS (May 2023), the Dallas-Fort Worth-Arlington, TX MSA employed 46,070 Janitors and Cleaners, Except Maids and Housekeeping Cleaners (SOC 37-2011), representing an employment density of 11.62 per 1,000 jobs and a location quotient of 0.81.","U.S. Bureau of Labor Statistics (BLS) Occupational Employment and Wage Statistics (OEWS), 2023, https://www.bls.gov/oes/current/oes372011.htm",,,"According to U.S. Census Bureau Building Permits Survey data, the Dallas-Fort Worth-Arlington, TX MSA maintains significant construction and building activity, authorizing over 64,000 total private housing units over trailing 12-month periods (~8.17 permits per 1,000 residents) across its 11-county area.","U.S. Census Bureau Building Permits Survey, 2024, https://www.census.gov/construction/bps"
commercial-cleaning,Denver,CO,"As of May 2023, the Denver-Aurora-Lakewood, CO metropolitan statistical area employed 20,780 Janitors and Cleaners (excluding maids and housekeeping cleaners), representing a location quotient of 0.91 relative to the national average and an annual mean wage of $38,610.","U.S. Bureau of Labor Statistics (BLS) OEWS, 2023, https://www.bls.gov/oes/current/oes_19740.htm",,,"Residential permitting and construction activity in the Denver-Aurora-Lakewood MSA slowed from peak post-pandemic levels; for the 12 months ending August 2023, permitted rental housing units fell 16% year-over-year to 8,900 units in the suburban submarket, and total home sales declined 28% to 52,750 units amid rising interest rates.","U.S. Department of Housing and Urban Development (HUD) OPD&R / U.S. Census Bureau Building Permits Survey, 2023, https://www.huduser.gov/portal/ushmc/chma_archive.html"
commercial-cleaning,Detroit,MI,"According to the U.S. Bureau of Labor Statistics Occupational Employment and Wage Statistics (OEWS) May 2023 estimates, the Detroit-Warren-Dearborn, MI MSA employed 25,920 Janitors and Cleaners, Except Maids and Housekeeping Cleaners (SOC 37-2011), representing an employment density of 13.64 workers per 1,000 jobs.","U.S. Bureau of Labor Statistics, Occupational Employment and Wage Statistics, 2023, https://www.bls.gov/oes/current/oes_19820.htm",,,"Residential building permit volume in the Detroit-Warren-Dearborn MSA trended downward in recent years, with total home sales declining 19% year-over-year in 2023 and new home permitting activity decelerating due to elevated interest rates and elevated construction costs.","U.S. Department of Housing and Urban Development, Comprehensive Housing Market Analysis: Detroit-Dearborn-Livonia, Michigan, 2024, https://www.huduser.gov/portal/ushmc/chma_archive.html"
commercial-cleaning,Hartford,CT,"According to the U.S. Bureau of Labor Statistics May 2023 OEWS data for the Hartford-West Hartford-East Hartford, CT MSA, there were 8,750 workers employed as Janitors and Cleaners (Except Maids and Housekeeping Cleaners), representing an employment density of 15.52 jobs per 1,000 in the metropolitan area and a location quotient of 1.09.","U.S. Bureau of Labor Statistics, 2024, https://www.bls.gov/oes/current/oes_25540.htm",,,"Building permit activity in Connecticut and the Hartford metro region trended upward following 2021, with statewide housing unit authorizations reaching 5,249 in 2023 (a 0.1% increase over 5,244 in 2022, up from under 4,000 in 2021). Multi-family buildings with 5 or more units accounted for 58.6% of total permitted units in 2023, expanding the commercial and residential space requiring janitorial maintenance.","Hartford Business Journal / U.S. Census Bureau / CT Department of Economic and Community Development, 2024, https://www.hartfordbusiness.com/article/housing-permits-in-ct-exceed-5200-in-2023-for-second-year-in-a-row-highest-total-since-2016"
commercial-cleaning,Houston,TX,"According to BLS Occupational Employment and Wage Statistics (OEWS), the Houston-The Woodlands-Sugar Land, TX MSA employed 45,340 janitors and cleaners (SOC 37-2011) as of May 2023, representing a density of 14.26 janitorial jobs per 1,000 total jobs in the metropolitan area.","U.S. Bureau of Labor Statistics, OEWS, 2024, https://www.bls.gov/oes/current/oes_26420.htm",,,"According to the U.S. Census Bureau Building Permits Survey and HUD PD&R, residential construction permitting in the Houston-The Woodlands-Sugar Land MSA moderated in 2023 to 68,755 total authorized units, a decrease of approximately 9.3% from 75,786 units in 2022, driven primarily by a 35% decline in multi-family permitting to ~22,200 units, while still leading all U.S. metropolitan areas in overall permit volume.","U.S. Department of Housing and Urban Development (HUD) PD&R / U.S. Census Bureau, 2024, https://www.huduser.gov/portal/ushmc/chma_archive.html"
commercial-cleaning,Indianapolis,IN,"In the Indianapolis-Carmel-Anderson, IN MSA, janitorial and building cleaners (SOC 37-2011) account for approximately 13.94 jobs per 1,000 total jobs in the metropolitan area, representing a location quotient of 0.97 relative to the national average.","U.S. Bureau of Labor Statistics, May 2023 Metropolitan and Nonmetropolitan Area Occupational Employment and Wage Statistics, 2024, https://www.bls.gov/oes/current/oes_26900.htm",,,"Residential construction and building permits in the Indianapolis metro area reached 13,042 authorized units over the trailing twelve months, representing a 26.7% year-over-year increase led by single-family housing expansion in suburban Hamilton, Hendricks, and Boone counties.","U.S. Census Bureau, Building Permits Survey, 2025, https://www.census.gov/construction/bps"
commercial-cleaning,Jacksonville,FL,"According to the U.S. Bureau of Labor Statistics May 2023 OEWS data, the Jacksonville, FL Metropolitan Statistical Area employs 8,270 Janitors and Cleaners (SOC 37-2011) with a location quotient of 0.78, as well as 790 First-Line Supervisors of Housekeeping and Janitorial Workers (SOC 37-1011).","U.S. Bureau of Labor Statistics, May 2023 Metropolitan and Nonmetropolitan Area Occupational Employment and Wage Estimates: Jacksonville, FL, 2024, https://www.bls.gov/oes/current/oes_27260.htm",,,"Residential building permit activity in the Jacksonville MSA moderated following peak multi-year levels. Total residential permits authorized reached 18,773 units in 2023 (11,600 single-family and 7,173 multi-family units), while multi-family permitting experienced a slowdown of over 4,000 annualized units through mid-2024 as borrowing costs rose and inventory under construction delivered.","U.S. Department of Housing and Urban Development (HUD User), Comprehensive Housing Market Analysis: Jacksonville, Florida (as of January 1, 2024), 2024, https://www.huduser.gov/portal/ushmc/chma_archive.html"
commercial-cleaning,Kansas City,MO,"According to the U.S. Bureau of Labor Statistics OEWS program, the Kansas City, MO-KS metropolitan statistical area employed 13,550 janitors and building cleaners (except maids and housekeeping cleaners), representing an employment concentration of 12.57 jobs per 1,000 total jobs in the metropolitan area.","U.S. Bureau of Labor Statistics, 2024, https://www.bls.gov/oes/current/oes_28140.htm",,,"According to the Home Builders Association of Greater Kansas City (KCHBA) residential statistics reports, single-family building permits in the 8-county Kansas City metro finished 2025 down 3% year-over-year at 4,388 units (compared to 4,509 in 2024), but expanded strongly through May 2026 with year-to-date single-family permits up 32% to 2,358 units.","Home Builders Association of Greater Kansas City (KCHBA), 2026, https://kchba.org"
commercial-cleaning,Las Vegas,NV,"According to the U.S. Bureau of Labor Statistics May 2023 Occupational Employment and Wage Statistics, the Las Vegas-Henderson-Paradise, NV MSA employed 25,710 workers in Janitors and Cleaners, Except Maids and Housekeeping Cleaners (SOC 37-2011), exhibiting a high labor density with a Location Quotient of 1.66 relative to the national average.","U.S. Bureau of Labor Statistics (BLS) Occupational Employment and Wage Statistics (OEWS), 2023, https://www.bls.gov/oes/current/oes_29820.htm",,,"Data from the U.S. Census Bureau Building Permits Survey shows that new private housing structures authorized by building permits in the Las Vegas-Henderson-Paradise, NV MSA maintained robust volume over recent years, regularly averaging 1,000 to 1,500 authorized units per month between 2021 and 2024.","U.S. Census Bureau, Building Permits Survey (via Federal Reserve Bank of St. Louis FRED), 2024, https://fred.stlouisfed.org/series/LASV832BPPRIV"
commercial-cleaning,Los Angeles,CA,"According to the U.S. Bureau of Labor Statistics (BLS) Occupational Employment and Wage Statistics (OEWS), the Los Angeles-Long Beach-Anaheim, CA metropolitan statistical area employed 84,960 janitors and cleaners (except maids and housekeeping cleaners) as of May 2024, representing the second-largest metropolitan janitorial workforce in the United States.","U.S. Bureau of Labor Statistics (BLS), Occupational Employment and Wage Statistics (OEWS), May 2024, https://www.bls.gov/oes/current/oes372011.htm",750,"Progressive83, Los Angeles CA Cleaning Business Market Analysis, 2024, https://progressive83.com/locations/los-angeles-ca","Residential building permit activity in the Los Angeles-Long Beach-Anaheim MSA has trended downward in recent years, primarily driven by a substantial decline in multi-family unit permit authorizations (down over 40% from peak post-pandemic levels), while single-family permitting has shown modest fluctuations.","U.S. Department of Housing and Urban Development (HUD) / U.S. Census Bureau Building Permits Survey, 2025"
commercial-cleaning,Louisville,KY,"According to the Bureau of Labor Statistics Occupational Employment and Wage Statistics (OEWS), the Louisville/Jefferson County, KY-IN MSA employed 8,790 janitors and cleaners (SOC 37-2011, excluding maids and housekeeping cleaners) as of May 2023. This represents a concentration of 13.22 janitorial workers per 1,000 jobs in the metro area (location quotient of 0.92).","U.S. Bureau of Labor Statistics, 2023, https://www.bls.gov/oes/current/oes_31140.htm",,,"Building permit activity in the Louisville-Jefferson County, KY-IN MSA has shown significant growth in recent years. HUD reports that permitted rental units increased 28% to nearly 3,625 units in the 12 months ending April 2023, driven by a 49% increase in Jefferson County, while U.S. Census Bureau permit data tracked an 83.9% surge in multifamily permitting growth in 2023.","U.S. Department of Housing and Urban Development (HUD User), 2023, https://www.huduser.gov/portal/ushmc/chma_archive.html"
commercial-cleaning,Memphis,TN,"According to the U.S. Bureau of Labor Statistics Occupational Employment and Wage Statistics (OEWS), the Memphis, TN-MS-AR metropolitan area had 7,260 workers employed as Janitors and Cleaners, Except Maids and Housekeeping Cleaners (SOC 37-2011), representing a location quotient of 0.81 relative to the national concentration.","U.S. Bureau of Labor Statistics, May 2023 OEWS Metropolitan Area Estimates: Memphis, TN-MS-AR, 2024, https://www.bls.gov/oes/current/oes_32820.htm",,,"New housing units authorized by building permits in the Memphis, TN-MS-AR metropolitan area have moderated following peak activity levels in 2021-2022, mirroring broader market cooling under elevated borrowing and construction costs.","U.S. Census Bureau via Federal Reserve Bank of St. Louis (FRED), New Private Housing Units Authorized by Building Permits for Memphis, TN-MS-AR (MSA) [MPHBPPRIV], 2026, https://fred.stlouisfed.org/series/MPHBPPRIV"
commercial-cleaning,Miami,FL,"According to the U.S. Bureau of Labor Statistics Occupational Employment and Wage Statistics (OEWS), the Miami-Fort Lauderdale-West Palm Beach, FL metropolitan area employed 38,840 Janitors and Cleaners, Except Maids and Housekeeping Cleaners (SOC 37-2011) in May 2023, representing a location quotient of 1.00.","U.S. Bureau of Labor Statistics, OEWS May 2023, https://www.bls.gov/oes/current/oes372011.htm",,,"According to the U.S. Census Bureau Annual Building Permits Survey, total residential housing units authorized by building permits in the Miami-Fort Lauderdale-Pompano Beach CBSA declined 23.3% from 21,320 units in 2023 to 16,352 units in 2024.","U.S. Census Bureau, Annual Building Permits Survey 2024, https://www.census.gov/construction/bps"
commercial-cleaning,Milwaukee,WI,"In the Milwaukee-Waukesha-West Allis, WI MSA, the U.S. Bureau of Labor Statistics reported 11,710 janitors and cleaners (SOC 37-2011, excluding maids and housekeeping cleaners) employed as of May 2023, with an hourly median wage of $16.59 and an annual mean wage of $34,960.","U.S. Bureau of Labor Statistics (BLS), May 2023 Metropolitan and Nonmetropolitan Area Occupational Employment and Wage Estimates: Milwaukee-Waukesha-West Allis, WI, 2024, https://www.bls.gov/oes/current/oes_33340.htm",,,"Single-family residential permitting in the Milwaukee-Waukesha metro area trended upward to 1,725 units for the 12 months ending August 2025 (up from 1,650 units in the prior 12-month period), while multi-family building authorizations moderated after a multi-year peak of 2,300 units in 2024.","U.S. Department of Housing and Urban Development (HUD) Office of Policy Development and Research (PD&R), Housing Market Profile: Milwaukee-Waukesha, Wisconsin, 2025"
commercial-cleaning,Minneapolis-St. Paul,MN,"According to the U.S. Bureau of Labor Statistics Occupational Employment and Wage Statistics (OEWS), the Minneapolis-St. Paul-Bloomington, MN-WI MSA employed 28,280 Janitors and Cleaners, Except Maids and Housekeeping Cleaners (SOC 37-2011) as of May 2023, representing a worker density of approximately 14.8 per 1,000 jobs and a Location Quotient of 1.03.","U.S. Bureau of Labor Statistics, 2024, https://www.bls.gov/oes/current/oes_33460.htm",,,"In the Minneapolis-St. Paul-Bloomington, MN-WI MSA, multi-family building permit volume experienced a sharp contraction of -59.6% year-over-year in 2024, while single-family permits remained virtually flat at -0.2%.","U.S. Census Bureau Building Permits Survey / Realtor.com Research, 2025"
commercial-cleaning,Nashville,TN,"According to the U.S. Bureau of Labor Statistics Occupational Employment and Wage Statistics, the Nashville-Davidson--Murfreesboro--Franklin, TN MSA employed 13,148 janitors and cleaners (SOC 37-2011, excluding maids and housekeeping cleaners) as of May 2022, reflecting a substantial commercial cleaning labor workforce deployed across the metropolitan area.","U.S. Bureau of Labor Statistics, Occupational Employment and Wage Statistics (OEWS), 2022, https://www.bls.gov/oes",,,"According to the U.S. Census Bureau Building Permits Survey, total new private housing units authorized by building permits in the Nashville-Davidson--Murfreesboro--Franklin, TN MSA reached 19,210 units in 2024 and 20,038 units in 2025, reflecting a slight 4% year-over-year shift while maintaining a high overall construction activity rate of approximately 9 to 10 permits per 1,000 residents.","U.S. Census Bureau, Building Permits Survey, 2025, https://www.census.gov/construction/bps/index.html"
commercial-cleaning,New Orleans,LA,"According to the U.S. Bureau of Labor Statistics Occupational Employment and Wage Statistics (OEWS), the New Orleans-Metairie, LA metropolitan statistical area employed 8,460 Janitors and Cleaners (SOC 37-2011), with a location quotient of 1.15 relative to national employment concentration.","U.S. Bureau of Labor Statistics, 2024, https://www.bls.gov/oes/current/oes_35380.htm",,,"Residential building permit authorizations in the New Orleans-Metairie, LA metro area have trended downward in recent years under pressure from elevated interest rates and high construction costs, registering approximately 3.4 new housing units authorized per 1,000 existing homes in 2024.","Construction Coverage (U.S. Census Bureau Building Permits Survey analysis), 2025, https://constructioncoverage.com/research/cities-building-the-most-homes"
commercial-cleaning,New York,NY,"According to the U.S. Bureau of Labor Statistics Occupational Employment and Wage Statistics (OEWS), the New York-Newark-Jersey City, NY-NJ-PA metropolitan statistical area employed 181,600 Janitors and Cleaners, Except Maids and Housekeeping Cleaners (SOC 37-2011), representing a significant concentration of property maintenance labor with an annual mean wage of $44,290 ($21.29 mean hourly wage).","U.S. Bureau of Labor Statistics (BLS) Occupational Employment and Wage Statistics, May 2023, https://www.bls.gov/oes/2023/may/oessrcma.htm",,,"In the New York-Newark-Jersey City, NY-NJ-PA metropolitan statistical area, total new private residential housing units authorized by building permits dropped approximately 8.9% from 58,991 units in 2022 to 53,708 units in 2023, before rebounding in 2024 and 2025 with trailing 12-month permitted units exceeding 54,000 units.","U.S. Census Bureau Building Permits Survey / HUD USER SOCDS, 2024, https://www.census.gov/construction/bps"
commercial-cleaning,Oklahoma City,OK,"According to the U.S. Bureau of Labor Statistics OEWS data, the Oklahoma City, OK MSA employed 7,970 Janitors and Cleaners, Except Maids and Housekeeping Cleaners (SOC 37-2011) and 3,930 Maids and Housekeeping Cleaners (SOC 37-2012) as of May 2023.","U.S. Bureau of Labor Statistics, 2024, https://www.bls.gov/oes/current/oes_36420.htm",,,"According to the Census Building Permits Survey data reported in the HUD Comprehensive Housing Market Analysis, building permit volume in the Oklahoma City metropolitan area showed steady upward momentum, with total residential permits rising from 8,544 in 2020 to 8,757 in 2021 and 9,963 for the 12 months ending April 2022.","U.S. Department of Housing and Urban Development, 2022, https://www.huduser.gov/portal/ushmc/chma_archive.html"
commercial-cleaning,Orlando,FL,"In the Orlando-Kissimmee-Sanford, FL MSA, the U.S. Bureau of Labor Statistics reported 20,890 employed Janitors and Cleaners, Except Maids and Housekeeping Cleaners (SOC 37-2011), representing a employment density of 15.28 jobs per 1,000 total jobs in the metropolitan area.","U.S. Bureau of Labor Statistics, May 2023 OEWS Metropolitan and Nonmetropolitan Area Occupational Employment and Wage Estimates: Orlando-Kissimmee-Sanford, FL, 2024, https://www.bls.gov/oes/current/oes_36740.htm",,,"Building permit volume in the Orlando metro area has moderated following post-2020 highs. Total residential permits decreased 5.6% year-over-year to 28,890 in 2022, and multifamily/rental permitting declined by 21% to approximately 12,000 units for the 12 months ending June 2024 compared to 15,200 units in the prior 12-month period.","U.S. Department of Housing and Urban Development (HUD) / U.S. Census Bureau Building Permits Survey, Comprehensive Housing Market Analysis: Orlando-Kissimmee-Sanford, Florida, 2024, https://www.huduser.gov/portal/ushmc/chma_archive.html"
commercial-cleaning,Philadelphia,PA,"As of May 2023, the Philadelphia-Camden-Wilmington, PA-NJ-DE-MD metropolitan area employed 41,240 janitors and cleaners (except maids) and 9,810 maids and housekeeping cleaners, representing 14.58 janitorial workers per 1,000 jobs in the metro area (a location quotient of 1.02 relative to the national average).","U.S. Bureau of Labor Statistics (BLS) Occupational Employment and Wage Statistics (OEWS), 2023, https://www.bls.gov/oes/current/oes_37980.htm",,,"In 2024, construction permitting activity in the Philadelphia-Camden-Wilmington, PA-NJ-DE-MD MSA saw a sharp drop in multifamily residential building permits, which fell 49.4% year-over-year to 5,054 units (in 5+ unit buildings), while single-family unit permits declined slightly by 0.3% to 1,751 units.","U.S. Census Bureau Building Permits Survey, 2024, https://www.census.gov/construction/bps"
commercial-cleaning,Phoenix,AZ,"According to U.S. Census Bureau County Business Patterns data published by the City of Phoenix, there were 1,216 Janitorial Services (NAICS 561720) employer establishments in Arizona, with the vast majority concentrated in the Phoenix-Mesa-Chandler metro area. IBISWorld reports that statewide janitorial service locations (including non-employer firms) expanded to 24,756 locations.",U.S. Census Bureau County Business Patterns via City of Phoenix ACDBE Goal Methodology (2023) and IBISWorld (2026) https://www.ibisworld.com/united-states/market-research-reports,,,"Residential building permit volume in Metro Phoenix reached 39,145 total housing units permitted in 2025 (ranking #4 nationally), but overall permitting activity decreased roughly 15% to 20% year-over-year compared to 2024 levels.",U.S. Census Bureau and Department of Housing and Urban Development (HUD) Building Permits Survey (2026)
commercial-cleaning,Pittsburgh,PA,"According to the Bureau of Labor Statistics (BLS) Occupational Employment and Wage Statistics (OEWS), the Pittsburgh, PA Metropolitan Statistical Area employed 15,220 janitors and cleaners (SOC 37-2011) as of May 2023, with an employment location quotient of 0.99, indicating a contractor and labor density closely aligned with the national per-capita average.","U.S. Bureau of Labor Statistics, OEWS, 2023, https://www.bls.gov/oes/current/oes_38300.htm",,,"According to HUD User and U.S. Census Bureau Building Permits Survey data, homebuilding and residential permitting in the Pittsburgh MSA averaged approximately 3,325 homes annually in 2022-2023, with total regional permit volume stabilizing at 30,750 units by Q4 2024 (up 3.4% from 29,750 in Q4 2023), indicating balanced demand across residential and multi-family construction.","U.S. Department of Housing and Urban Development (HUD User), Mid-Atlantic Regional Report / Census Building Permits Survey, 2024"
commercial-cleaning,Portland,OR,"According to the U.S. Bureau of Labor Statistics OEWS data, the Portland-Vancouver-Hillsboro, OR-WA metropolitan statistical area employed 12,650 janitors and cleaners (SOC 37-2011) in May 2023, earning a mean hourly wage of $19.47 and an annual mean wage of $40,510.","U.S. Bureau of Labor Statistics, Occupational Employment and Wage Statistics (OEWS), 2023, https://www.bls.gov/oes/current/oes_41420.htm",,,"According to U.S. Census Bureau Building Permits Survey data, residential building permit activity in the Portland-Vancouver-Hillsboro MSA saw a steep drop in 2024, with single-family unit permits decreasing 2.7% YoY to 1,649 units and multi-family unit permits falling 58.5% YoY to 2,696 units.","U.S. Census Bureau Building Permits Survey via Realtor.com, 2025, https://www.realtor.com/research"
commercial-cleaning,Providence,RI,"In the Providence-Warwick, RI-MA MSA, there were 6,300 janitors and cleaners (except maids and housekeeping cleaners; SOC 37-2011) employed as of May 2023, representing a location quotient of 0.90 relative to the national average and a mean hourly wage of $19.33 ($40,200 annual mean).","U.S. Bureau of Labor Statistics, May 2023 Occupational Employment and Wage Statistics (OEWS), https://www.bls.gov/oes/current/oes_39300.htm",,,"New residential building permit activity in the Providence-Warwick, RI-MA MSA remains low relative to national averages, authorizing approximately 3.6 new housing units per 1,000 existing homes in 2024, with multi-family authorizations accounting for 48.9% of total new unit permits.","U.S. Census Bureau, Building Permits Survey (2024), https://www.census.gov/construction/bps/index.html"
commercial-cleaning,Raleigh,NC,"According to the U.S. Bureau of Labor Statistics OEWS May 2023 data, the Raleigh, NC MSA employed 7,110 workers as Janitors and Cleaners, Except Maids and Housekeeping Cleaners (SOC 37-2011), representing an occupational density of approximately 10.12 janitorial workers per 1,000 jobs in the metropolitan area.","U.S. Bureau of Labor Statistics (BLS), Occupational Employment and Wage Statistics (2023), https://www.bls.gov/oes/2023/may/oes_39580.htm",,,"According to the U.S. Census Bureau Building Permits Survey, single-family residential permit activity in the Raleigh-Cary, NC MSA reached a high of 14,227 single-unit permits in 2021 before moderating to 12,147 in 2023, while maintaining a national leading authorization rate of 28.8 new units per 1,000 existing homes in 2024.","U.S. Census Bureau, Building Permits Survey (2024), https://www.census.gov/construction/bps/index.html"
commercial-cleaning,Richmond,VA,"According to U.S. Bureau of Labor Statistics OEWS data for the Richmond, VA MSA, there were 8,500 workers employed as Janitors and Cleaners (SOC 37-2011, excluding maids), representing an occupational density of 13.123 workers per 1,000 jobs in the metropolitan area.","U.S. Bureau of Labor Statistics, 2024 (May 2023 OEWS), https://www.bls.gov/oes/current/oes_40060.htm",,,"New residential building permit authorization in the Richmond, VA MSA trended downward in 2024 compared to 2023 levels, stabilizing at approximately 58 permitted housing units per 10,000 residents in line with broader national construction patterns.","U.S. Census Bureau via FRED (Federal Reserve Bank of St. Louis), 2026, https://fred.stlouisfed.org/series/RICH051BPPRIV"
commercial-cleaning,Riverside-San Bernardino,CA,"According to the U.S. Bureau of Labor Statistics Occupational Employment and Wage Statistics (OEWS), the Riverside-San Bernardino-Ontario, CA MSA employed 19,900 Janitors and Cleaners, Except Maids and Housekeeping Cleaners (SOC 37-2011) and 1,090 First-Line Supervisors of Housekeeping and Janitorial Workers (SOC 37-1011) in May 2022.","U.S. Bureau of Labor Statistics OEWS, 2022, https://www.bls.gov/oes/current/oes_40140.htm",,,"U.S. Census Bureau Building Permits Survey data shows the Riverside-San Bernardino-Ontario MSA authorized 16,320 total new residential building permits in 2022, a 4.6% increase over 2021 ($3.9 billion total valuation). Subsequent multi-family permitting activity slowed in 2023-2024 due to elevated interest rates, including a 20.9% decline in multi-family unit permits in 2024.","U.S. Census Bureau Building Permits Survey, 2023, https://www.census.gov/construction/bps"
commercial-cleaning,Sacramento,CA,"According to the California Employment Development Department (EDD) Labor Market Information, the Sacramento-Roseville-Folsom MSA had an estimated 14,070 individuals employed as Janitors and Cleaners (SOC 37-2011) in 2022, with employment projected to grow 15.4% to 16,240 by 2032.","California Employment Development Department (EDD), 2024, https://www.labormarketinfo.edd.ca.gov",,,"According to U.S. Census Bureau Building Permits Survey data, the Sacramento-Roseville-Folsom metro area authorized 1,094 residential units in May 2026 and 10,042 units over the trailing 12 months, representing a 14% year-over-year increase in monthly permitting volume.","U.S. Census Bureau Building Permits Survey, 2026"
commercial-cleaning,Salt Lake City,UT,"According to the U.S. Bureau of Labor Statistics Occupational Employment and Wage Statistics (OEWS), the Salt Lake City-Murray, UT MSA maintains a substantial janitorial labor force under SOC 37-2011 (Janitors and Cleaners, Except Maids and Housekeeping Cleaners), with Building and Grounds Cleaning workers earning a mean hourly wage of $18.32.","U.S. Bureau of Labor Statistics OEWS, 2025, https://www.bls.gov/regions/mountain-plains/news-release/occupationalemploymentandwages_saltlakecity.htm",,,"According to the U.S. Census Bureau Building Permits Survey, building permit activity in the Salt Lake City, UT MSA has normalized following peak post-pandemic construction levels, while maintaining elevated multi-family structure authorizations (3,172 multi-family units authorized in 2024).","U.S. Census Bureau Building Permits Survey, 2025, https://www.census.gov/construction/bps"
commercial-cleaning,San Antonio,TX,"According to the U.S. Census Bureau 2022 County Business Patterns (CBP) data, there were 556 janitorial services establishments (NAICS 561720) in the San Antonio-New Braunfels, TX MSA. Additionally, the U.S. Bureau of Labor Statistics (BLS) May 2023 Occupational Employment and Wage Statistics (OEWS) reported 14,570 Janitors and Cleaners (SOC 37-2011) employed in the San Antonio-New Braunfels metro area, representing a location quotient of 0.93.","U.S. Bureau of Labor Statistics (2023) and U.S. Census Bureau County Business Patterns (2022) via VIA Metropolitan Transit Disparity Study (2023), https://www.bls.gov/oes/current/oes_41700.htm and https://www.census.gov/data/datasets/2022/econ/cbp/2022-cbp.html",,,"In 2024, nearly 15,000 new private residential units were authorized by building permits in the San Antonio-New Braunfels MSA. Single-family permitting grew 29% year-over-year in Q2 2024 to 3,300 homes permitted (up from 2,570 in Q2 2023), whereas multifamily permit volume declined sharply by 83% (from 3,650 to 610 units) due to elevated apartment inventory and soft rental market conditions.","U.S. Department of Housing and Urban Development (HUD) PD&R and U.S. Census Bureau Building Permits Survey (2024), https://www.huduser.gov/portal/ushmc/chma_archive.html and"
commercial-cleaning,San Diego,CA,"In the San Diego-Carlsbad, CA metropolitan statistical area, there were 23,310 workers employed as Janitors and Cleaners (except maids and housekeeping cleaners) and 12,030 employed as Maids and Housekeeping Cleaners as of May 2023.","U.S. Bureau of Labor Statistics (BLS), 2023 Occupational Employment and Wage Statistics (OEWS), https://www.bls.gov/oes/current/oes_41740.htm",,,"In the San Diego-Chula Vista-Carlsbad, CA metro area, privately-owned new housing unit permit authorizations rose from 5,765 units in 2023 to 6,615 units in 2024, representing an increase of 850 units (~14.7%).","U.S. Census Bureau, Building Permits Survey (BPS), 2024, https://www.census.gov/construction/bps"
commercial-cleaning,San Francisco,CA,"In the San Francisco-Oakland-Hayward, CA Metropolitan Statistical Area, there were 32,700 janitors and cleaners (SOC 37-2011, excluding maids) employed, representing 13.50 workers per 1,000 jobs in the metro area with a location quotient of 0.94.","U.S. Bureau of Labor Statistics, Occupational Employment and Wage Statistics (OEWS), 2023 (released April 2024), https://www.bls.gov/oes/current/oes_41860.htm",,,"Residential building permit volume in the San Francisco metropolitan area showed a downward trend from 2022 into 2024, falling to historic lows (with approximately 1,823 housing units authorized in 2023 down from ~2,800 in 2022) amid high interest rates and elevated construction costs.","U.S. Census Bureau, Building Permits Survey, 2024, https://www.census.gov/construction/bps"
commercial-cleaning,San Jose,CA,"According to the Bureau of Labor Statistics Occupational Employment and Wage Statistics (OEWS), the San Jose-Sunnyvale-Santa Clara, CA MSA employed 17,610 Janitors and Cleaners (SOC 37-2011) as of May 2023, representing a density of 15.42 janitorial workers per 1,000 jobs (a location quotient of 1.08). Additionally, City of San Jose business registration data shows 6,661 active business tax certificates registered under NAICS 561720 (Janitorial Services), making up 3.05% of all registered businesses in the city.","U.S. Bureau of Labor Statistics OEWS, 2023, https://www.bls.gov/oes/current/oes372011.htm",,,"Residential and commercial building permit activity in the San Jose-Sunnyvale-Santa Clara, CA MSA saw a sharp downward trend, declining 68% from 1,949 total units permitted in July 2020 to 623 units in July 2025. The decline was heavily driven by a 74% drop in multi-family (5+ unit) building permits, which fell from 1,697 to 449 units over the same period.",
commercial-cleaning,Seattle,WA,"In the Seattle-Tacoma-Bellevue, WA Metropolitan Statistical Area, there were 27,560 workers employed as Janitors and Cleaners (except Maids and Housekeeping Cleaners), representing a location density of 13.26 workers per 1,000 jobs.","U.S. Bureau of Labor Statistics (BLS), Occupational Employment and Wage Statistics (OEWS), 2024, https://www.bls.gov/oes/current/oes372011.htm",,,"In the Seattle Metro Area (King, Snohomish, and Pierce counties), building permit activity through September 2024 showed single-family permits increasing 16% year-to-date (5,135 permits), while multifamily permits declined 12% year-to-date (7,452 permits) compared to the same period in 2023.","Master Builders Association of King and Snohomish Counties (MBAKS) / HUD State of the Cities Data Systems (SOCDS), 2024, https://www.mbaks.com"
commercial-cleaning,St. Louis,MO,"According to the U.S. Bureau of Labor Statistics (BLS) May 2023 Occupational Employment and Wage Statistics, the St. Louis, MO-IL metropolitan statistical area employed 19,950 Janitors and Cleaners, Except Maids and Housekeeping Cleaners (SOC 37-2011).","U.S. Bureau of Labor Statistics Occupational Employment and Wage Statistics (2023), https://www.bls.gov/oes/current/oes_41180.htm",,,"According to the East-West Gateway Council of Governments analysis of U.S. Census Bureau Building Permits Survey data, new residential unit permit issuance in the St. Louis region was led by St. Charles County (2,603 units), St. Louis County (1,773 units), the City of St. Louis (1,176 units), and St. Clair County (852 units) in 2022, reflecting moderate, steady regional construction activity.",East-West Gateway Council of Governments (2024)
commercial-cleaning,Tampa,FL,"According to the U.S. Bureau of Labor Statistics OEWS, the Tampa-St. Petersburg-Clearwater, FL MSA employed 17,060 Janitors and Cleaners (Except Maids and Housekeeping Cleaners) in May 2023, representing a location quotient of 0.84.","U.S. Bureau of Labor Statistics, 2023, https://www.bls.gov/oes/2023/may/oes_45300.htm",,,"Building permit and residential construction activity in the Tampa-St. Petersburg-Clearwater MSA remained high, with 18,850 rental units under construction as of early 2024 and forecasted demand for 44,825 new housing units over a three-year period. Monthly Census Building Permits Survey tracking highlights an upward trend in authorized housing units, led by multi-family project growth.","U.S. Department of Housing and Urban Development (HUD), 2024, https://www.huduser.gov"
commercial-cleaning,Virginia Beach,VA,"According to occupational employment statistics, the Virginia Beach-Norfolk-Newport News, VA-NC metropolitan statistical area employed 10,210 janitors and cleaners (SOC 37-2011) with a location quotient of 0.97, alongside 910 first-line supervisors of housekeeping and janitorial workers (SOC 37-1011).","U.S. Bureau of Labor Statistics, 2024, https://www.bls.gov/oes/current/oes_47260.htm",,,"Residential building permit activity in the Virginia Beach-Norfolk-Newport News region declined from 7,516 units in 2022 to 6,772 units in 2023, and dropped further to 6,166 units for the 12 months ending October 2024.","U.S. Department of Housing and Urban Development / U.S. Census Bureau, 2024, https://www.huduser.gov"
commercial-cleaning,Washington DC,DC,"As of May 2024, the Washington-Arlington-Alexandria, DC-VA-MD-WV metropolitan statistical area employed 57,480 janitors and cleaners (except maids and housekeeping cleaners), representing an employment density of 17.44 per 1,000 jobs and a location quotient of 1.22.","U.S. Bureau of Labor Statistics, Occupational Employment and Wage Statistics (OEWS), 2024, https://www.bls.gov/oes",,,"Building permit activity in the Washington-Arlington-Alexandria, DC-VA-MD-WV metro area has trended downward in recent years, with the permitted housing rate dropping from 3.8 units per 1,000 residents in 2022 to 2.0 in 2023, 1.5 in 2024, and 1.1 in 2025.","Realtor.com / U.S. Census Bureau Building Permits Survey, 2026, https://www.realtor.com/research"
painting,Atlanta,GA,"In the Atlanta-Sandy Springs-Roswell, GA metropolitan area, there were 1,700 employed Painters, Construction and Maintenance (SOC 47-2141), representing approximately 0.604 painters per 1,000 jobs and a location quotient of 0.42 relative to the national average.","U.S. Bureau of Labor Statistics, Occupational Employment and Wage Statistics (OEWS), 2023, https://www.bls.gov/oes/current/oes_12060.htm",,,"According to the Atlanta Regional Commission's analysis of U.S. Census Bureau Building Permits Survey data, total residential permitting in the 11-county metro region peaked at 2,906 units in December 2024 before showing steady month-over-month growth from November 2025 into early 2026, reaching 2,289 units in March 2026. Annually, Census BPS figures show the Atlanta CBSA authorized 38,639 housing units in 2024 compared to 40,687 in 2023, a 5% decline.","Atlanta Regional Commission, Metro Atlanta Building Permits (U.S. Census Bureau Building Permits Survey Data), 2026, https://atlantaregional.com/news/data-diversions/metro-atlanta-building-permits"
painting,Austin,TX,"According to the U.S. Bureau of Labor Statistics, there were an estimated 1,520 workers employed as Painters, Construction and Maintenance (SOC 47-2141) in the Austin-Round Rock, TX metropolitan statistical area, earning a mean annual wage of $46,380.","U.S. Bureau of Labor Statistics, Occupational Employment and Wage Statistics (2023), https://www.bls.gov/oes/current/oes_12420.htm",,,"Residential building permit volume in the Austin-Round Rock-San Marcos metro area has shown a downward trend over recent years, declining from 50,772 authorized housing units in 2021 to 42,942 in 2022, 38,773 in 2023, and 32,294 units in 2024.","U.S. Census Bureau, Building Permits Survey (2024), https://www.census.gov/construction/bps/index.html"
painting,Baltimore,MD,"In the Baltimore-Columbia-Towson, MD Metropolitan Statistical Area, there were an estimated 1,610 employed Painters, Construction and Maintenance (SOC 47-2141) with a location quotient of 0.87 relative to the national average, an hourly mean wage of $23.65, and an annual mean wage of $49,200.","U.S. Bureau of Labor Statistics (BLS), May 2023 Metropolitan and Nonmetropolitan Area Occupational Employment and Wage Estimates, 2024, https://www.bls.gov/oes/current/oes_12580.htm",,,"Residential building permitting activity in the Baltimore-Columbia-Towson metro area expanded to 5,514 units over the trailing 12-month period, reflecting a 24.2% year-over-year increase and a rate of approximately 2.17 permits per 1,000 residents.","U.S. Census Bureau, Building Permits Survey (BPS), 2024, https://www.census.gov/construction/bps"
painting,Birmingham,AL,"According to BLS OEWS May 2023 data, the Birmingham-Hoover, AL Metropolitan Statistical Area had 410 workers employed as Painters, Construction and Maintenance (SOC 47-2141), with a median hourly wage of $20.69 and an annual mean wage of $43,030.","U.S. Bureau of Labor Statistics, May 2023 OEWS Metropolitan Estimates for Birmingham-Hoover, AL (2024), https://www.bls.gov/oes/current/oes_13820.htm",,,"Residential building permit volume in the Birmingham-Hoover MSA remained steady at post-pandemic highs, with 5,173 total units permitted in 2022 (3,424 single-family/sales and 1,749 multifamily/rental units), compared to 5,176 units in 2021 and 4,649 units in 2020.","U.S. Department of Housing and Urban Development (HUD) Office of Policy Development and Research, Comprehensive Housing Market Analysis: Birmingham-Hoover, Alabama (2023), https://www.huduser.gov/portal/ushmc/chma_archive.html"
painting,Boston,MA,"According to U.S. Bureau of Labor Statistics Occupational Employment and Wage Statistics (OEWS) data, Painters, Construction and Maintenance (SOC 47-2141) in the Boston-Cambridge-Newton, MA-NH metropolitan area earn a median annual wage of $57,820, with entry-level (10th percentile) earnings starting at $45,650 and experienced (90th percentile) earnings reaching $109,840.","U.S. Bureau of Labor Statistics (2025), Occupational Employment and Wage Statistics https://www.bls.gov/oes",,,"U.S. Census Bureau Building Permits Survey data shows a slowdown in residential construction activity across the Boston-Cambridge-Newton, MA-NH metropolitan area: total authorized residential building permits fell 12.1% year-over-year in 2022 to 14,593 permits, and multifamily permit volume dropped 22.3% year-over-year in 2024 to 7,022 units.",
painting,Buffalo,NY,"According to the BLS Occupational Employment and Wage Statistics, New York State employs 14,820 Painters, Construction and Maintenance workers (SOC 47-2141) with a location quotient of 1.11, reflecting a slightly higher concentration of painting trade labor relative to the national baseline.","U.S. Bureau of Labor Statistics (BLS), 2023, https://www.bls.gov/oes/current/oes_ny.htm",,,"Residential building permit activity in the Buffalo-Cheektowaga-Niagara Falls MSA contracted from 3,197 authorized units in 2022 to 2,101 units in 2023, before experiencing a moderate rebound to 2,659 authorized units for the 12 months ending July 2024 (a 3.9% increase over the 2,558 units permitted in the prior 12-month period).","U.S. Department of Housing and Urban Development (HUD), 2024, https://www.huduser.gov/portal/ushmc/chma_archive.html"
painting,Charlotte,NC,"According to BLS OEWS estimates, the Charlotte-Concord-Gastonia, NC-SC MSA employed 1,170 Painters, Construction and Maintenance (SOC 47-2141), with an annual mean wage of $45,370 ($21.81 hourly mean) and a location quotient of 0.63.","U.S. Bureau of Labor Statistics Occupational Employment and Wage Statistics (OEWS), 2023, https://www.bls.gov/oes/current/oes_16740.htm",,,"In 2024, building permit offices in the Charlotte-Concord-Gastonia MSA authorized 21,487 new privately-owned housing units (ranking 8th among all U.S. metropolitan CBSAs), following 19,150 residential sales units permitted in 2023 (a slight <1% shift from 19,250 in 2022), reflecting sustained high-volume residential construction activity.","U.S. Census Bureau Building Permits Survey, 2024, https://www.census.gov/construction/bps"
painting,Chicago,IL,"According to the U.S. Bureau of Labor Statistics (BLS) Occupational Employment and Wage Statistics (OEWS), the Chicago-Naperville-Elgin, IL-IN-WI metropolitan statistical area employed an estimated 6,280 Painters, Construction and Maintenance (SOC 47-2141) as of May 2023, representing a location quotient of 0.98 compared to the national average.","U.S. Bureau of Labor Statistics, 2023, https://www.bls.gov/oes/current/oes_16980.htm",,,"Residential building permit activity in the Chicago-Naperville-Elgin MSA reached approximately 15,000 authorized housing units in 2023 and recorded 14,194 authorized units through October 2025, reflecting a modest softening and stabilization driven by elevated interest rates and construction costs.","U.S. Census Bureau Building Permits Survey, 2025, https://www.census.gov/construction/bps"
painting,Cincinnati,OH,"According to the U.S. Bureau of Labor Statistics, there were approximately 1,120 workers employed in the Painters, Construction and Maintenance trade (SOC 47-2141) in the Cincinnati, OH-KY-IN metropolitan area, representing a location quotient of 0.73 compared to the national concentration (0.73 workers per thousand jobs).","U.S. Bureau of Labor Statistics, May 2023 Metropolitan and Nonmetropolitan Area Occupational Employment and Wage Estimates, 2024, https://www.bls.gov/oes/current/oes_17140.htm",,,"According to U.S. Census Bureau Building Permits Survey data, monthly new private housing structures authorized by building permits in the Cincinnati, OH-KY-IN MSA have ranged between roughly 350 and 600 authorized units per month across recent years, reflecting steady regional residential permitting activity.","U.S. Census Bureau, New Private Housing Structures Authorized by Building Permits for Cincinnati, OH-KY-IN (MSA) [CINC139BPPRIV], retrieved from FRED, Federal Reserve Bank of St. Louis, 2024, https://fred.stlouisfed.org/series/CINC139BPPRIV"
painting,Cleveland,OH,"According to the U.S. Bureau of Labor Statistics, the Cleveland-Elyria, OH MSA employed approximately 1,450 painters, construction and maintenance workers (SOC 47-2141) as of May 2023, representing an employment location quotient of 1.02 and an annual mean wage of $52,810.","U.S. Bureau of Labor Statistics, May 2023 Occupational Employment and Wage Statistics, https://www.bls.gov/oes/current/oes_17460.htm",,,"Single-family building permit volume in the Cleveland-Elyria MSA totaled 2,695 units over the 12-month period ending December 2023, reflecting a 12.2% year-over-year decrease.","U.S. Census Bureau & National Association of Realtors, 2023 Q4 Local Market Report"
painting,Columbus,OH,"According to the U.S. Bureau of Labor Statistics Occupational Employment and Wage Statistics (OEWS) May 2023 estimates, the Columbus, OH Metropolitan Statistical Area had 1,050 workers employed as Painters, Construction and Maintenance (SOC 47-2141), earning a mean hourly wage of $25.21 and an annual mean wage of $54,850.","U.S. Bureau of Labor Statistics, Occupational Employment and Wage Statistics (OEWS), 2023, https://www.bls.gov/oes/current/oes_18140.htm",,,"According to the U.S. Census Bureau Building Permits Survey, total housing units authorized by building permits in the Columbus, OH Metropolitan Statistical Area increased from 6,084 units in 2023 to 9,116 units in 2024, representing an increase of 3,032 units (a year-over-year rise of approximately 49.8%).","U.S. Census Bureau, Annual Building Permits Survey, 2024, https://www.census.gov/construction/bps"
painting,Dallas-Fort Worth,TX,"According to the BLS Occupational Employment and Wage Statistics (OEWS), there were 4,600 construction and maintenance painters employed in the Dallas-Fort Worth-Arlington, TX metropolitan statistical area as of May 2023, representing an employment concentration of 1.16 painters per 1,000 jobs.","U.S. Bureau of Labor Statistics, 2024, https://www.bls.gov/oes/current/oes472141.htm",2257,"Angi, 2026, https://www.angi.com/articles/interior-painting-cost-dallas-tx.htm","According to U.S. Census Bureau permit data, DFW authorized 71,788 new residential units in 2024, leading all U.S. metropolitan areas in residential building permit volume, though single-family permitting across Texas subsequently moderated by 11.7% in 2025 due to elevated mortgage rates.","U.S. Census Bureau / NAHB, 2026"
painting,Denver,CO,"In the Denver-Aurora-Lakewood, CO metropolitan statistical area, there were approximately 1,700 employed Painters, Construction and Maintenance workers as of May 2023, representing an employment density of 0.75 painters per 1,000 total jobs and a location quotient of 1.07 compared to the national average.","U.S. Bureau of Labor Statistics, May 2023 Occupational Employment and Wage Statistics, 2024, https://www.bls.gov/oes/current/oes_19740.htm",4897,"Improovy, Denver House Painting Cost Study, 2023","Residential building permit and construction activity in the Denver-Aurora-Lakewood metro area contracted from peak 2021-2022 levels, with overall home sales dropping 28% year-over-year into 2023 due to elevated interest rates and reduced housing affordability, causing new residential permit issuance to taper toward historic averages.","U.S. Department of Housing and Urban Development, Comprehensive Housing Market Analysis: Denver-Aurora-Lakewood, Colorado, 2023, https://www.huduser.gov/portal/ushmc/chma_archive.html"
painting,Detroit,MI,"According to the U.S. Bureau of Labor Statistics, there were 1,900 employed Painters, Construction and Maintenance (SOC 47-2141) in the Detroit-Warren-Dearborn, MI MSA as of May 2023, representing an employment density of 1.000 painters per 1,000 total jobs in the metropolitan area.","U.S. Bureau of Labor Statistics (BLS) Occupational Employment and Wage Statistics (OEWS), 2023, https://www.bls.gov/oes/current/oes19820.htm",,,"Annual residential building permit issuance in the Detroit-Warren-Dearborn MSA fell to 4,541 housing units in 2023 according to the U.S. Census Bureau, down significantly from historical levels due to higher interest rates and material costs. However, residential permit activity showed signs of stabilization and growth, with statewide private housing permits up 8.4% year-to-date by May 2024 and monthly MSA permit volume reaching 728 units in May 2026.","U.S. Census Bureau Building Permits Survey, 2024, https://www.census.gov/construction/bps"
painting,Hartford,CT,"According to the U.S. Bureau of Labor Statistics OEWS (May 2023), the Hartford-West Hartford-East Hartford, CT metropolitan area had 480 employed Painters, Construction and Maintenance (SOC 47-2141). Additionally, Census County Business Patterns data recorded 95 employer establishments in NAICS 238320 (Painting and Wall Covering Contractors) in Hartford County.","U.S. Bureau of Labor Statistics (BLS), 2023, https://www.bls.gov/oes/current/oes_25540.htm",,,"According to the Connecticut Department of Economic and Community Development (DECD) and Census Building Permits Survey data, housing permit authorizations in Hartford County rose from 1,642 units in 2022 to 1,776 units in 2023. Statewide in Connecticut, new housing unit permits dropped ~20% in 2024 to 5,952 units amid higher mortgage rates.","Partnership for Strong Communities / CT DECD Annual Construction Report, 2025, https://www.pschousing.org"
painting,Houston,TX,"As of May 2023, the Houston-The Woodlands-Sugar Land, TX MSA employed 4,720 Painters, Construction and Maintenance (SOC 47-2141), representing a location quotient of 1.04 relative to the national average and an annual mean wage of $44,260 ($21.28 per hour).","U.S. Bureau of Labor Statistics, Occupational Employment and Wage Statistics (OEWS), 2023, https://www.bls.gov/oes/current/oes472141.htm",,,"Residential building permit activity in the Houston MSA reached 65,747 authorized housing units in 2024, moderating from 68,755 units in 2023 and 75,786 units in 2022, while ranking second nationwide for total residential permitting volume.","U.S. Census Bureau, Building Permits Survey, 2024, https://www.census.gov/construction/bps"
painting,Indianapolis,IN,"According to the U.S. Bureau of Labor Statistics, the Indianapolis-Carmel-Anderson, IN metropolitan statistical area employed approximately 1,100 Painters, Construction and Maintenance (SOC 47-2141) as of May 2023, with a location quotient of 0.71, representing a lower density of trade employment per capita compared to the national average.","U.S. Bureau of Labor Statistics, Occupational Employment and Wage Statistics (OEWS), 2024, https://www.bls.gov/oes/current/oes_26900.htm",,,"Residential building permit activity in the Indianapolis-Carmel-Anderson MSA experienced a temporary decline in 2023 (with single-family permits down approximately 20% compared to 2022), but single-family permitting rebounded in 2024 to higher levels than the prior two years, while multifamily permitting moderated after high completion volumes in 2022 and 2023.","U.S. Department of Housing and Urban Development, HUD User Comprehensive Housing Market Analysis, 2024, https://www.huduser.gov/portal/ushmc/chma_archive.html"
painting,Jacksonville,FL,"According to the Bureau of Labor Statistics Occupational Employment and Wage Statistics (OEWS), the Jacksonville, FL MSA employed 1,480 workers in the Painters, Construction and Maintenance occupation (SOC 47-2141), representing a density of approximately 1.99 painters per 1,000 total jobs in the metro area.","U.S. Bureau of Labor Statistics, 2024, https://www.bls.gov/oes/current/oes_27260.htm",,,"According to the U.S. Census Bureau's Annual Building Permits Survey, total new private housing units authorized by building permits in the Jacksonville, FL CBSA dropped from 20,326 units in 2023 to 15,002 units in 2024 (a 26.2% decline), and declined further to 13,455 units in 2025 (a 10.3% decrease), reflecting a overall multi-year reduction in new residential construction permitting.","U.S. Census Bureau, 2026, https://www.census.gov/construction/bps"
painting,Kansas City,MO,"According to the U.S. Bureau of Labor Statistics Occupational Employment and Wage Statistics (OEWS) data, the Kansas City, MO-KS metropolitan statistical area employed an estimated 1,540 Painters, Construction and Maintenance (SOC 47-2141) as of May 2023, representing a location quotient of 1.00 relative to the national average employment density.","U.S. Bureau of Labor Statistics, 2023, https://www.bls.gov/oes/current/oes_28140.htm",,,"Single-family building permits in the Kansas City metro totaled 4,388 units in 2025, a 3% decline from 4,509 permits in 2024. Permitting activity surged in early 2026, with metro single-family permits increasing 32% year-to-date through May 2026 (2,358 units) compared to the same five-month period in 2025.","Home Builders Association of Greater Kansas City (KCHBA), 2026, https://kchba.org"
painting,Las Vegas,NV,"According to the U.S. Bureau of Labor Statistics OEWS survey, the Las Vegas-Henderson-Paradise, NV Metropolitan Statistical Area employed 2,840 Painters, Construction and Maintenance workers (SOC 47-2141), with a location quotient of 1.84 and a mean hourly wage of $26.59 ($55,310 mean annual wage).","U.S. Bureau of Labor Statistics (BLS) May 2023 Occupational Employment and Wage Statistics, 2024, https://www.bls.gov/oes/current/oes_29820.htm",,,"Single-family housing permits in Clark County totaled 11,200 in 2025 and tracked toward 10,500 in 2026 (down 71% from the 2005 peak of 39,000), while multi-family (5+ units) permit volume in the Las Vegas metro area dropped from 3,590 units in 2024 to 2,329 units in 2025.","Clark County Department of Building & U.S. Census Bureau Building Permits Survey, 2026, https://www.census.gov/construction/bps"
painting,Los Angeles,CA,"In the Los Angeles-Long Beach-Anaheim, CA metropolitan statistical area, there were 9,650 employed construction and maintenance painters (SOC 47-2141) with a location quotient of 1.10 relative to the national concentration.","U.S. Bureau of Labor Statistics (BLS) Occupational Employment and Wage Statistics (OEWS), 2023, https://www.bls.gov/oes/current/oes_31080.htm",,,"According to the U.S. Census Bureau Building Permits Survey, the Los Angeles-Long Beach-Anaheim, CA metro authorized 32,593 new residential housing units in 2022 with a total valuation of $7.1 billion (a 4.6% increase in permitted units and a 2.4% increase in valuation from 2021). Annual permitting data for 2024 shows residential construction activity moderating, with 13,154 authorized units recorded in major residential categories amid elevated financing costs.","U.S. Census Bureau Building Permits Survey, 2024, https://www.census.gov/construction/bps"
painting,Louisville,KY,"According to the U.S. Bureau of Labor Statistics Occupational Employment and Wage Statistics (OEWS) May 2023 estimates, there were 530 estimated workers employed in SOC 47-2141 (Painters, Construction and Maintenance) in the Louisville/Jefferson County, KY-IN Metropolitan Statistical Area.","U.S. Bureau of Labor Statistics, May 2023 OEWS, 2024, https://www.bls.gov/oes/current/oes_31140.htm",,,"According to U.S. Census Bureau Building Permits Survey data, residential building permit activity in the Louisville-Jefferson County, KY-IN MSA totaled 6,113 housing units in 2023, maintaining active residential construction and framing/finishing demand across the region.","U.S. Census Bureau, New Private Housing Units Authorized by Building Permits for Louisville-Jefferson County, KY-IN (MSA) [LOIBPPRIV], retrieved from FRED, Federal Reserve Bank of St. Louis, 2024, https://fred.stlouisfed.org/series/LOIBPPRIV"
painting,Memphis,TN,"According to the U.S. Bureau of Labor Statistics May 2023 Occupational Employment and Wage Statistics (OEWS), the Memphis, TN-MS-AR metropolitan statistical area employed approximately 550 Painters, Construction and Maintenance (SOC 47-2141), representing a location quotient of 0.62 relative to national average employment density.","U.S. Bureau of Labor Statistics, 2024, https://www.bls.gov/oes/current/oes472141.htm",,,"According to HUD's Comprehensive Housing Market Analysis for the Memphis metro area, total residential building permits rebounded to 4,825 authorized units in the 12 months ending May 2024 (up from 4,130 units in the 12 months ending May 2023), following a post-peak pullback from 6,678 units in 2021 and 4,722 units in 2022.","U.S. Department of Housing and Urban Development (HUD) Office of Policy Development and Research, 2024, https://www.huduser.gov/portal/ushmc/chma_archive.html"
painting,Miami,FL,"According to BLS Occupational Employment and Wage Statistics (OEWS) data for May 2023, the Miami-Fort Lauderdale-West Palm Beach, FL metropolitan area employed 5,150 Painters, Construction and Maintenance workers (SOC 47-2141), with a location quotient of 1.33 indicating a higher density of painting trade professionals relative to the national average, earning an annual mean wage of $41,560 ($19.98/hour).","U.S. Bureau of Labor Statistics, May 2023 Metropolitan and Nonmetropolitan Area Occupational Employment and Wage Estimates: Miami-Fort Lauderdale-West Palm Beach, FL, 2024, https://www.bls.gov/oes/current/oes_33100.htm",,,"According to U.S. Census Bureau Building Permits Survey data reported via FRED, residential construction permitting in Miami-Dade County reached 13,393 private housing units in 2021, moderated to 11,605 in 2022, rebounded to 12,781 in 2023, and adjusted to 10,608 in 2024, maintaining strong overall multi-year residential building activity.","U.S. Census Bureau / Federal Reserve Bank of St. Louis (FRED), New Private Housing Structures Authorized by Building Permits for Miami-Dade County, FL [BPPRIV012086], 2024, https://fred.stlouisfed.org/series/BPPRIV012086"
painting,Milwaukee,WI,"According to May 2023 BLS OEWS data, the Milwaukee-Waukesha-West Allis, WI metropolitan statistical area employed approximately 1,150 Painters, Construction and Maintenance (SOC 47-2141), with a mean hourly wage of $24.26 and an annual mean wage of $50,460.","U.S. Bureau of Labor Statistics (BLS) Occupational Employment and Wage Statistics, 2023, https://www.bls.gov/oes/current/oes_33340.htm",,,"Residential building permitting in the Milwaukee metro expanded to 2,300 units in 2024, up significantly from an average of 1,250 units annually between 2019 and 2023, before moderating to 2,025 units during the 12 months ending August 2025.","U.S. Department of Housing and Urban Development (HUD) Office of Policy Development and Research, 2025, https://www.huduser.gov"
painting,Minneapolis-St. Paul,MN,"According to the U.S. Bureau of Labor Statistics May 2023 OEWS report, there were approximately 2,450 Painters, Construction and Maintenance (SOC 47-2141) employed in the Minneapolis-St. Paul-Bloomington, MN-WI metropolitan statistical area.","U.S. Bureau of Labor Statistics OEWS, 2023, https://www.bls.gov/oes/current/oes_33460.htm",1641,"Angi Minneapolis Interior Painting Cost Report, 2026, https://www.angi.com","Residential construction permitting in the Minneapolis-St. Paul MSA declined following a period of high volume (exceeding 18,000 units per year through 2022), with overall annual housing authorizations dropping to 15,596 units in 2023, 12,339 units in 2024, and 12,161 units in 2025.","Federal Reserve Bank of Minneapolis (citing U.S. Census Bureau Building Permits Survey), 2026, https://www.minneapolisfed.org"
painting,Nashville,TN,,,4979,"PaintPro TN, 2024, https://paintprotn.com/house-painting-cost-nashville","New private housing building permits in Davidson County (Nashville MSA) experienced a downward moderation from peak levels of 16,310 units in 2021 and 15,163 units in 2022 to 11,225 units in 2023 and 6,880 units in 2024.","U.S. Census Bureau Building Permits Survey via Federal Reserve Bank of St. Louis FRED, 2024, https://fred.stlouisfed.org/series/BPPRIV047037"
painting,New Orleans,LA,"The New Orleans-Metairie, LA metropolitan statistical area employed approximately 780 Painters, Construction and Maintenance (SOC 47-2141) as of May 2023, with a location quotient of 1.07 compared to the national average.","U.S. Bureau of Labor Statistics (BLS), Occupational Employment and Wage Statistics (OEWS), 2023, https://www.bls.gov/oes/current/oes_35380.htm",,,"Residential building permit volume in the New Orleans-Metairie, LA MSA declined recently, with new construction permits decreasing by 13.1% to 866 permits in 2025.","U.S. Census Bureau, Building Permits Survey, 2025, https://www.census.gov/construction/bps"
painting,New York,NY,"According to BLS Occupational Employment and Wage Statistics data, there were 13,990 employed construction and maintenance painters (SOC 47-2141) in the New York-Newark-Jersey City, NY-NJ-PA metropolitan statistical area, representing an employment density of 1.473 painters per 1,000 jobs.","U.S. Bureau of Labor Statistics (BLS), Occupational Employment and Wage Statistics (OEWS), May 2023 Metropolitan and Nonmetropolitan Area Occupational Employment and Wage Estimates for New York-Newark-Jersey City, NY-NJ-PA, 2024, https://www.bls.gov/oes/current/oes_35620.htm",,,"In the New York-Newark-Jersey City MSA, total authorized residential building permits reached 58,991 units in 2022 (+4.1% year-over-year). By early 2025, single-family home permitting grew by 11% year-over-year, while regional multifamily building permits experienced a retreat of approximately 50% to 51% following prior years of rapid inventory expansion.","U.S. Department of Housing and Urban Development (HUD) / U.S. Census Bureau, Building Permits Survey, Regional Housing Market Report, 2025"
painting,Oklahoma City,OK,"As of May 2023, there were 860 employed Painters, Construction and Maintenance (SOC 47-2141) in the Oklahoma City, OK Metropolitan Statistical Area, representing an employment density of 1.306 painters per 1,000 jobs.","U.S. Bureau of Labor Statistics, May 2023 Metropolitan and Nonmetropolitan Area Occupational Employment and Wage Estimates (Oklahoma City, OK), 2024, https://www.bls.gov/oes/current/oes_36420.htm",,,"According to U.S. Census Bureau Building Permits Survey data, Oklahoma City recorded the highest share of single-family housing permits relative to total residential building permits among major U.S. metropolitan areas at 91.0% in 2023, reflecting strong ground-oriented single-family construction activity.","U.S. Census Bureau Building Permits Survey / New Geography, 2024"
painting,Orlando,FL,"According to the U.S. Bureau of Labor Statistics Occupational Employment and Wage Statistics (OEWS), the Orlando-Kissimmee-Sanford, FL MSA employed 2,850 construction and maintenance painters (SOC 47-2141), representing a density of 2.082 jobs per 1,000 total regional employment and a location quotient of 1.46 relative to the national average.","U.S. Bureau of Labor Statistics, 2024, https://www.bls.gov/oes/current/oes_36740.htm",,,"Data from the U.S. Census Bureau Building Permits Survey shows the Orlando-Kissimmee-Sanford MSA authorized approximately 14,000 to 16,000 new single-family housing units annually across 2023-2024, ranking among the top market volumes nationally for new housing construction, with strong momentum continuing into 2025 as Q1 permitted units surged significantly compared to the prior year.","U.S. Census Bureau, 2024, https://www.census.gov/construction/bps"
painting,Philadelphia,PA,"According to the U.S. Bureau of Labor Statistics May 2023 Occupational Employment and Wage Statistics (OEWS), the Philadelphia-Camden-Wilmington, PA-NJ-DE-MD metropolitan area had 3,200 employed Painters, Construction and Maintenance (SOC 47-2141), with a location quotient of 0.80 relative to the national average.","U.S. Bureau of Labor Statistics, 2024, https://www.bls.gov/oes/current/oes_37980.htm",,,"Following an unprecedented surge in 2021 (26,166 authorized housing units driven by pending revisions to the city's 10-year property tax abatement), building permit activity dropped sharply in 2022 (~3,220 units) and stabilized at approximately 3,000 to 3,366 authorized housing units annually through 2024 and 2025.","Pew Charitable Trusts, 2026, https://www.pewtrusts.org/en/research-and-analysis/reports/2026/04/state-of-the-city-2026"
painting,Phoenix,AZ,"According to the Bureau of Labor Statistics, there were an estimated 4,550 construction and maintenance painters (SOC 47-2141) employed in the Phoenix-Mesa-Scottsdale metropolitan area as of May 2023, representing a density of approximately 1.99 painters per 1,000 total jobs in the metro.","U.S. Bureau of Labor Statistics (BLS), 2024, https://www.bls.gov/oes/current/oes472141.htm",,,"Residential permitting activity in the Phoenix-Mesa-Chandler MSA grew sharply in 2024, reaching 45,884 authorized housing units. Total housing permits rose by approximately 26% year-over-year in mid-2024, driven by a surge in single-family home authorizations (+60.5% to +61.5%), which offset a moderation in multi-family permits (-12.7% to -17.7%).","University of Arizona Economic and Business Research Center (EBRC) & U.S. Census Bureau Building Permits Survey, 2024, https://azeconomy.org"
painting,Pittsburgh,PA,"According to BLS Occupational Employment and Wage Statistics (OEWS) data for the Pittsburgh, PA MSA, there were 1,370 employed Painters, Construction and Maintenance (SOC 47-2141) across the metropolitan area, earning an hourly mean wage of $25.23 ($52,490 annually).","U.S. Bureau of Labor Statistics, May 2023 OEWS, https://www.bls.gov/oes/current/oes_38300.htm",,,"Residential building permitting in the Pittsburgh metro area averaged approximately 3,325 homes annually in 2022-2023, down from peak pandemic levels of 3,775 homes annually in 2020-2021. Activity saw a modest 4% uptick to approximately 3,425 permitted units for the 12 months ending April 2024, with the Census BPS recording 6,294 total housing units permitted across the full MSA in 2023 (2.60 permits per 1,000 residents).","U.S. Department of Housing and Urban Development (HUD) & U.S. Census Bureau, 2024 Pittsburgh Housing Market Analysis / 2023 Annual Building Permits Survey, https://www.huduser.gov/portal/ushmc/chma_archive.html"
painting,Portland,OR,"According to the May 2023 BLS OEWS survey, there were 2,790 workers employed as Painters, Construction and Maintenance (SOC 47-2141) in the Portland-Vancouver-Hillsboro, OR-WA Metropolitan Statistical Area, representing an employment density of 2.31 workers per 1,000 total jobs and a location quotient of 1.62.","U.S. Bureau of Labor Statistics, May 2023 Metropolitan and Nonmetropolitan Area Occupational Employment and Wage Estimates: Portland-Vancouver-Hillsboro, OR-WA, 2024, https://www.bls.gov/oes/current/oes_38900.htm",,,"Building permit activity in the Portland metro area has experienced a sharp downward trend over recent years. According to U.S. Census Bureau Building Permits Survey data, 2024 multifamily (5+ units) housing permits in the Portland-Vancouver-Hillsboro, OR-WA MSA dropped by 58.5% year-over-year while single-family permits fell by 2.7%. Within the City of Portland city limits, total permits for all housing units dropped 47.4% in 2024 down to 1,624 units.","U.S. Census Bureau, Building Permits Survey (reported by Realtor.com Research, 2025, and HFO Real Estate, 2025)"
painting,Providence,RI,"According to the U.S. Bureau of Labor Statistics Occupational Employment and Wage Statistics (OEWS), the Providence-Warwick, RI-MA metropolitan statistical area employed 1,010 Painters, Construction and Maintenance workers (SOC 47-2141) as of May 2023. The area has a location quotient of 1.46, indicating a painter concentration 46% higher than the national average.","U.S. Bureau of Labor Statistics (BLS), Occupational Employment and Wage Statistics (OEWS), May 2023, https://www.bls.gov/oes/current/oes_39300.htm",,,"According to the U.S. Census Bureau Building Permits Survey, residential building permit activity in the Providence-Warwick MSA has remained subdued relative to national benchmarks, issuing under 2,000 new housing unit permits annually through 2023 and 2024 (3.6 permits per 1,000 existing homes in 2024). Multi-family construction represented a dominant share, accounting for 48.9% of all new authorized housing units in 2024.","U.S. Census Bureau, Building Permits Survey (BPS), 2023-2024, https://www.census.gov/construction/bps"
painting,Raleigh,NC,"According to U.S. Bureau of Labor Statistics OEWS data, Painters, Construction and Maintenance (SOC 47-2141) in the Raleigh-Cary, NC MSA earn a median annual wage of $45,360 ($21.81 per hour), maintaining a trade workforce serving a metropolitan population of over 1.42 million residents.","U.S. Bureau of Labor Statistics, 2024, https://www.bls.gov/oes",1921,"Angi, 2026, https://www.angi.com/articles/interior-painting-cost.htm","Residential building permit volume in the Raleigh-Cary, NC MSA expanded significantly, reaching 18,206 housing units authorized over the trailing 12 months, a 15.5% year-over-year increase, ranking Raleigh among the highest per-capita residential construction markets in the U.S. at 12.81 permits per 1,000 residents.","U.S. Census Bureau, Building Permits Survey (FRED), 2026, https://fred.stlouisfed.org/series/RALE537BPPRIV"
painting,Richmond,VA,"According to BLS occupational data, the Richmond, VA metropolitan statistical area had 940 construction and maintenance painters employed, representing an occupational density of 1.447 jobs per 1,000 total jobs in the area and a location quotient of 1.02 relative to national averages.","U.S. Bureau of Labor Statistics, May 2023 OEWS Metropolitan and Nonmetropolitan Area Occupational Employment and Wage Estimates - Richmond, VA (2024), https://www.bls.gov/oes/current/oes_40060.htm",,,"Single-family residential building permits in the Mid-Atlantic / Richmond region increased 8% year-over-year in Q3 2024 due to sustained housing demand, while regional multifamily permitting dropped 23% amid elevated interest rates and cost headwinds.","U.S. Department of Housing and Urban Development (HUD), Mid-Atlantic Regional Housing Market Report Q3 2024 (2024)"
painting,Riverside-San Bernardino,CA,"According to the U.S. Bureau of Labor Statistics May 2023 OEWS data, the Riverside-San Bernardino-Ontario, CA MSA employed 3,310 construction and maintenance painters (SOC 47-2141), with a location quotient of 1.40 (40% higher painter concentration than the national average) and a density of approximately 1.993 painters per 1,000 jobs.","U.S. Bureau of Labor Statistics, May 2023 OEWS Metropolitan and Nonmetropolitan Area Occupational Employment and Wage Estimates: Riverside-San Bernardino-Ontario, CA, 2024, https://www.bls.gov/oes/current/oes_40140.htm",,,"Residential building permit activity in the Riverside-San Bernardino-Ontario MSA experienced steady momentum, with 16,320 housing units authorized in 2022 (a 4.6% year-over-year increase) and a surge of 24.17% in the first half of 2023 (11,355 units permitted compared to 9,145 in 1H 2022).","U.S. Census Bureau, Building Permits Survey (via Business Insider / Point2), 2023"
painting,Sacramento,CA,"According to the U.S. Bureau of Labor Statistics Occupational Employment and Wage Statistics (OEWS), the Sacramento-Roseville-Folsom, CA Metropolitan Statistical Area had approximately 2,600 employed Construction and Maintenance Painters (SOC 47-2141) with a median annual wage of $58,360.","U.S. Bureau of Labor Statistics OEWS, 2024, https://www.bls.gov/oes",6500,"FacadeColorizer Sacramento Exterior Painting Cost Guide, 2026","Residential building permit activity in the Sacramento-Roseville-Folsom, CA MSA reached 1,094 housing units authorized in May 2026, bringing the trailing 12-month total to 10,042 authorized units, representing an upward trend of +14% compared to the prior year.","U.S. Census Bureau Building Permits Survey (via FRED), 2026, https://fred.stlouisfed.org/series/SACR906BPPRIVSA"
painting,Salt Lake City,UT,"According to the Bureau of Labor Statistics, the Salt Lake City, UT metropolitan statistical area had 1,480 employed Painters, Construction and Maintenance (SOC 47-2141) as of May 2023, representing an occupational density of 1.84 jobs per 1,000 total jobs (a location quotient of 1.29 relative to the national average).","U.S. Bureau of Labor Statistics Occupational Employment and Wage Statistics (OEWS), 2023, https://www.bls.gov/oes/current/oes_41620.htm",,,"Residential building permit activity in the Salt Lake City region experienced a notable pullback in 2023 and 2024 after reaching peak levels in 2021-2022. Total authorized housing units in the metro and state dropped to multi-year lows, driven primarily by a sharp decline in multi-family and apartment permits amidst elevated interest rates.","U.S. Census Bureau Building Permits Survey, 2024, https://www.census.gov/construction/bps"
painting,San Antonio,TX,"According to the U.S. Bureau of Labor Statistics May 2023 Occupational Employment and Wage Statistics (OEWS) data, there were approximately 830 workers employed as Painters, Construction and Maintenance (SOC 47-2141) in the San Antonio-New Braunfels, TX MSA, earning a mean hourly wage of $20.78 ($43,230 annually).","U.S. Bureau of Labor Statistics (BLS) Occupational Employment and Wage Statistics (OEWS), 2023, https://www.bls.gov/oes/current/oes_41700.htm",,,"Residential permitting in the San Antonio-New Braunfels MSA reached peak levels in 2022 with over 23,600 housing units permitted, followed by a moderation in 2023, and a notable rebound in late 2024 where single-family housing starts rose 30.3% month-over-month.","U.S. Department of Housing and Urban Development (HUD) Office of Policy Development and Research / U.S. Census Bureau Building Permits Survey, 2024, https://www.huduser.gov/portal/ushmc/chma_archive.html"
painting,San Diego,CA,"In the San Diego-Chula Vista-Carlsbad, CA metropolitan statistical area, there were 3,680 employed Painters, Construction and Maintenance (SOC 47-2141) as of May 2023, representing an employment density of 2.42 painters per 1,000 jobs and a location quotient of 1.70 relative to the national average.","U.S. Bureau of Labor Statistics (BLS) OEWS, 2024, https://www.bls.gov/oes/current/oes_41740.htm",,,"Residential building permit volume in the San Diego region experienced significant growth, issuing 11,673 permits across San Diego County in 2023 (a 21% increase over 2022) and authorizing 14,947 housing units in 2024. Permitting activity has been heavily dominated by multi-family developments (60%) and accessory dwelling units (ADUs, 27%).","San Diego Association of Governments (SANDAG), 2025, https://www.sandag.org"
painting,San Francisco,CA,"According to May 2023 U.S. Bureau of Labor Statistics OEWS estimates for the San Francisco-Oakland-Hayward, CA Metropolitan Statistical Area, there were 5,550 employed Painters, Construction and Maintenance (SOC 47-2141), representing a density of 2.29 painters per 1,000 jobs in the metro area.","U.S. Bureau of Labor Statistics, Occupational Employment and Wage Statistics (OEWS), 2023, https://www.bls.gov/oes/current/oes472141.htm",,,"Residential building permit activity in the San Francisco-Oakland-Hayward MSA has trended sharply downward over recent years. According to U.S. Census Bureau Building Permits Survey data, monthly permitted housing units fell from 869 units in July 2020 to 299 units in July 2025 (a decline of 570 units), driven primarily by an 88.9% contraction in multifamily unit permits from 602 to 67 units alongside single-family permit drops from 249 to 222 units.","U.S. Census Bureau, Building Permits Survey, 2025, https://www.census.gov/construction/bps/index.html"
painting,San Jose,CA,"In the San Jose-Sunnyvale-Santa Clara, CA Metropolitan Statistical Area, there are 2,040 employed construction and maintenance painters (SOC 47-2141), representing an employment density of 1.78 painters per 1,000 jobs and a location quotient of 1.25 relative to the national average.","U.S. Bureau of Labor Statistics (BLS), Occupational Employment and Wage Statistics (OEWS), 2023, https://www.bls.gov/oes/current/oes472141.htm",,,"Residential construction permitting in the San Jose-Sunnyvale-Santa Clara MSA has trended downward in recent years, with rental unit permits declining 7% to 4,275 units for the 12 months ending November 2024 compared to the previous 12-month period, alongside a broader multi-year contraction in overall housing unit authorizations from 2020 levels.","U.S. Department of Housing and Urban Development (HUD) & U.S. Census Bureau Building Permits Survey, 2024, https://www.huduser.gov"
painting,Seattle,WA,"According to the U.S. Bureau of Labor Statistics May 2023 OEWS estimates, the Seattle-Tacoma-Bellevue, WA MSA employed 5,140 Painters, Construction and Maintenance (SOC 47-2141), representing approximately 2.47 painters per 1,000 jobs with a location quotient of 1.74.","U.S. Bureau of Labor Statistics, 2023, https://www.bls.gov/oes/current/oes472141.htm",2694,"Angi, 2026, https://www.angi.com","Year-to-date through September 2024, single-family building permits in the Seattle metro area increased by 16% year-over-year to 5,135 units, while multifamily permits decreased by 12% to 7,452 units.","HUD State of the Cities Data Systems (SOCDS) / Census Building Permits Survey via Master Builders Association of King and Snohomish Counties, 2024, https://www.mbaks.com"
painting,St. Louis,MO,"According to the U.S. Bureau of Labor Statistics May 2023 Occupational Employment and Wage Statistics (OEWS), the St. Louis, MO-IL metropolitan statistical area had approximately 2,500 employed Painters, Construction and Maintenance (SOC 47-2141).","U.S. Bureau of Labor Statistics (BLS), May 2023 OEWS, https://www.bls.gov/oes/current/oes_42520.htm",,,"According to HUD market data citing the U.S. Census Bureau Building Permits Survey, residential construction permitting in the St. Louis, MO-IL MSA has trended downward recently: single-family permits fell 10% from 4,650 units in 2024 to 4,175 units in 2025, while multifamily permits fell 19% from 2,050 units in 2024 to 1,650 units in 2025, placing both below 2015-2020 historical averages.","U.S. Department of Housing and Urban Development (HUD User) / U.S. Census Bureau Building Permits Survey, 2026, https://www.huduser.gov"
painting,Tampa,FL,"According to the Bureau of Labor Statistics May 2023 Occupational Employment and Wage Statistics (OEWS) data, there were 2,380 construction and maintenance painters (SOC 47-2141) employed in the Tampa-St. Petersburg-Clearwater, FL MSA, with a location quotient of 1.18, reflecting a higher concentration of trade workers than the national average.","U.S. Bureau of Labor Statistics OEWS, 2023, https://www.bls.gov/oes/current/oes_45300.htm",,,"According to the U.S. Census Bureau 2024 Annual Building Permits Survey, the Tampa CBSA ranked among the top 20 metropolitan statistical areas nationwide for new privately-owned housing units authorized. Regional permit tracking from Plan Hillsborough and HUD SOCDS indicates Tampa Bay area counties permitted 55,085 total residential units in 2023, representing a 27% increase compared to 2019 baseline levels.","U.S. Census Bureau Annual Building Permits Survey, 2024, https://www.census.gov/construction/bps"
painting,Virginia Beach,VA,"According to the U.S. Bureau of Labor Statistics, there were 1,340 workers employed as Painters, Construction and Maintenance (SOC 47-2141) in the Virginia Beach-Norfolk-Newport News, VA-NC metropolitan statistical area as of May 2023.","U.S. Bureau of Labor Statistics, Occupational Employment and Wage Statistics, 2024, https://www.bls.gov/oes/2023/may/oes_47260.htm",,,"Residential building permit volume in the Virginia Beach-Chesapeake-Norfolk MSA declined 8.7% year-over-year in 2023 and remained 15.6% below 2019 pre-pandemic levels due to elevated interest rates, with single-family construction permits continuing a downward trend in early 2024.","Hampton Roads Planning District Commission based on U.S. Census Bureau Building Permits Survey, 2024, https://www.hrpdcva.gov"
painting,Washington DC,DC,"According to U.S. Bureau of Labor Statistics Occupational Employment and Wage Statistics (OEWS) data, there were approximately 3,610 employed construction and maintenance painters (SOC 47-2141) in the Washington-Arlington-Alexandria, DC-VA-MD-WV MSA. In addition, Census County Business Patterns data compiled by local transportation authorities identified over 2,000 total establishments operating in NAICS 238320 (Painting and Wall Covering Contractors) across the metro area.","U.S. Bureau of Labor Statistics, May 2023 OEWS Metropolitan and Nonmetropolitan Area Occupational Employment and Wage Estimates, 2024, https://www.bls.gov/oes/current/oes_47900.htm",1198,"Angi, How Much Does It Cost to Paint a Room in Washington, DC? [2026 Data], 2026, https://www.angi.com/articles/cost-paint-room-washington-dc.htm","Residential building permit volumes in the Washington-Arlington-Alexandria MSA have trended significantly downward over recent years, with overall authorized private housing units falling roughly 40% to 11,086 units in 2023, and multifamily permits dropping an additional 35.0% year-over-year in 2024 to 2,283 units.","U.S. Census Bureau / Federal Reserve Bank of St. Louis FRED, New Private Housing Units Authorized by Building Permits for Washington-Arlington-Alexandria, DC-VA-MD-WV (MSA), 2024, https://fred.stlouisfed.org/series/WASH911BPPRIV"
concrete-masonry,Atlanta,GA,"According to the U.S. Bureau of Labor Statistics (BLS) May 2023 Occupational Employment and Wage Statistics (OEWS), the Atlanta-Sandy Springs-Roswell, GA metropolitan statistical area employed 1,780 Cement Masons and Concrete Finishers (representing 0.631 per 1,000 jobs) and 50 Brickmasons and Blockmasons.","U.S. Bureau of Labor Statistics May 2023 OEWS, 2023, https://www.bls.gov/oes/2023/may/oes_12060.htm",,,"According to U.S. Census Bureau Building Permits Survey data, the Atlanta-Sandy Springs-Roswell, GA metro authorized 15.8 new housing units per 1,000 existing homes in 2024, ranking 10th nationally among major metropolitan areas, though overall permitting volume experienced a moderate decline from 2021-2022 peaks due to elevated mortgage rates and construction costs.","U.S. Census Bureau Building Permits Survey / Construction Coverage, 2024, https://constructioncoverage.com/research/cities-building-the-most-homes"
concrete-masonry,Austin,TX,"According to the U.S. Bureau of Labor Statistics May 2023 Occupational Employment and Wage Statistics report, the Austin-Round Rock, TX Metropolitan Statistical Area employed 2,110 Cement Masons and Concrete Finishers (SOC 47-2051) and 340 Brickmasons and Blockmasons (SOC 47-2021).","U.S. Bureau of Labor Statistics, May 2023 OEWS Metropolitan and Nonmetropolitan Area Occupational Employment and Wage Estimates, 2024, https://www.bls.gov/oes/current/oes_12420.htm",,,"Residential building permit activity in the Austin-Round Rock housing market area experienced a downward trend following peak levels in 2021-2022, declining from 32,325 total authorized units in 2022 to 23,225 units in 2023, and reaching 22,275 units for the 12-month period ending June 2024.","U.S. Department of Housing and Urban Development, Comprehensive Housing Market Analysis: Austin-Round Rock, Texas, 2024, https://www.huduser.gov/portal/ushmc/chma_archive.html"
concrete-masonry,Baltimore,MD,"In the Baltimore-Columbia-Towson, MD metropolitan statistical area, BLS OEWS reports 1,780 employed Cement Masons and Concrete Finishers (SOC 47-2051) and 520 Brickmasons and Blockmasons (SOC 47-2021), totaling 2,300 concrete and masonry trade workers across the metro area.","U.S. Bureau of Labor Statistics (BLS), May 2023 Metropolitan and Nonmetropolitan Area Occupational Employment and Wage Estimates for Baltimore-Columbia-Towson, MD, 2024, https://www.bls.gov/oes/current/oes_12580.htm",7261,"Angi, 'How Much Does a Foundation Cost to Build in Baltimore, MD?', 2026, https://www.angi.com","In 2025, total permitted new residential units in the Baltimore region reached 5,775, representing a 10.4% decline compared to 2024. Multi-family unit authorizations dropped 15.2% to 2,253 units, while permitted residential alterations, additions, and repairs value increased 5.1% to $796.6 million.","Baltimore Metropolitan Council (BMC), '2025 Regional Residential Building Permit Activity Report', 2026, https://www.baltometro.org"
concrete-masonry,Birmingham,AL,"According to the U.S. Bureau of Labor Statistics May 2023 Occupational Employment and Wage Statistics, the Birmingham-Hoover, AL metropolitan area employed 570 Cement Masons and Concrete Finishers with a location quotient of 1.12, representing trade employment density approximately 12% above the national average.","U.S. Bureau of Labor Statistics, 2024, https://www.bls.gov/oes/current/oes_13820.htm",,,"Multifamily construction permitting and deliveries in the Birmingham-Hoover metro peaked with 1,900 units delivered over four quarters through mid-2024, followed by a pullback in active construction pipeline from 3,000 units to 1,780 units under construction as new project starts slowed.","MMG Real Estate Advisors, 2024, https://mmgrea.com"
concrete-masonry,Boston,MA,"According to the U.S. Bureau of Labor Statistics Occupational Employment and Wage Statistics, the Boston-Cambridge-Newton, MA-NH metropolitan statistical area employed approximately 1,770 Cement Masons & Concrete Finishers (SOC 47-2051) and 1,220 Brickmasons & Blockmasons (SOC 47-2021).","U.S. Bureau of Labor Statistics OEWS, 2024, https://www.bls.gov/oes",,,"In 2022, the Boston-Cambridge-Newton, MA-NH metro area authorized 14,593 new residential building permits, representing a 12.1% decline from 2021, while total residential permit valuation rose by 7.5% year-over-year to $4.0 billion.","U.S. Census Bureau Building Permits Survey, 2023, https://www.census.gov/construction/bps/index.html"
concrete-masonry,Buffalo,NY,"According to BLS Occupational Employment and Wage Statistics, the Buffalo-Cheektowaga-Niagara Falls, NY MSA employed 720 Cement Masons and Concrete Finishers (SOC 47-2051) as of May 2023, representing a density of 1.364 per 1,000 jobs.","U.S. Bureau of Labor Statistics (BLS), 2023, https://www.bls.gov/oes/current/oes_15380.htm",,,"Residential building permit volume in the Buffalo MSA peaked at 3,197 units in 2022, declined to 2,101 units in 2023, and showed modest recovery with 2,659 authorized units for the 12-month period ending July 2024 (up from 2,558 units in the prior 12-month period).","U.S. Department of Housing and Urban Development (HUD), 2024, https://www.huduser.gov/portal/ushmc/chma_archive.html"
concrete-masonry,Charlotte,NC,"In the Charlotte-Concord-Gastonia, NC-SC MSA, there were 1,640 Cement Masons and Concrete Finishers (SOC 47-2051) employed with a mean annual wage of $47,660, and 690 Brickmasons and Blockmasons (SOC 47-2021) with a location quotient of 1.41 relative to national concentration.","U.S. Bureau of Labor Statistics (BLS) Occupational Employment and Wage Statistics (OEWS), May 2023 Estimates for Charlotte-Concord-Gastonia, NC-SC (2024), https://www.bls.gov/oes/current/oes_16740.htm",,,"Residential construction permit volume in the Charlotte-Concord-Gastonia MSA remained near peak activity levels, with approximately 19,150 sales units permitted in 2023, representing a minor decrease of less than 1% from 19,250 units in 2022.","U.S. Department of Housing and Urban Development (HUD User) / U.S. Census Bureau Building Permits Survey, Comprehensive Housing Market Analysis for Charlotte-Concord-Gastonia, NC-SC (2024), https://www.huduser.gov"
concrete-masonry,Chicago,IL,"According to the U.S. Bureau of Labor Statistics Occupational Employment and Wage Statistics (OEWS) May 2023 estimates, there were 4,620 Cement Masons and Concrete Finishers employed in the Chicago-Naperville-Elgin, IL-IN-WI metropolitan area, representing an employment density of 1.02 workers per 1,000 jobs and an annual mean wage of $76,900.","U.S. Bureau of Labor Statistics, May 2023 OEWS Metropolitan and Nonmetropolitan Area Occupational Employment and Wage Estimates, 2024, https://www.bls.gov/oes/current/oes_16980.htm",,,"According to U.S. Census Bureau Building Permits Survey data, monthly residential permitting in the Chicago-Naperville-Elgin MSA showed moderate gains, rising from 1,542 permitted units in July 2020 to 1,851 units in July 2025 (a gain of 309 permits), balanced between multifamily increases (580 to 873 units) and single-family growth (842 to 901 units).","U.S. Census Bureau, Building Permits Survey, 2025, https://www.census.gov/construction/bps/index.html"
concrete-masonry,Cincinnati,OH,"According to U.S. Bureau of Labor Statistics OEWS estimates for the Cincinnati, OH-KY-IN Metropolitan Statistical Area, the metro area employed 1,270 Cement Masons and Concrete Finishers (0.88 per 1,000 jobs) and 450 Brickmasons and Blockmasons (0.31 per 1,000 jobs).","U.S. Bureau of Labor Statistics, 2023, https://www.bls.gov/oes/current/oes_17140.htm",,,"Residential permitting in the Cincinnati MSA averaged approximately 2,550 units annually from 2021 through 2023. Single-family permitting expanded to 4,250 homes for the 12 months ending August 2025 (up from 3,925 in the prior 12-month period), while multifamily permitting moderated to 2,525 units over the same timeframe.","U.S. Department of Housing and Urban Development (HUD User), 2025"
concrete-masonry,Cleveland,OH,"According to BLS OEWS data for the Cleveland-Elyria, OH MSA, there were 620 employed Brickmasons and Blockmasons (SOC 47-2021), representing 0.625 jobs per 1,000 total jobs in the metro area and a location quotient of 1.67.","U.S. Bureau of Labor Statistics (BLS), Occupational Employment and Wage Statistics (OEWS), 2023, https://www.bls.gov/oes/current/oes_17460.htm",,,"In 2024, the City of Cleveland issued a record $3.11 billion in commercial construction permits across nearly 15,000 permits, remaining consistent in unit volume with 2023 while increasing significantly in total valuation due to large-scale megaprojects. Across the broader Cleveland-Elyria metro area, trailing 12-month residential building permits reached 4,175 units, a 28.6% year-over-year increase.","ConstructConnect / U.S. Census Bureau Building Permits Survey, 2025"
concrete-masonry,Columbus,OH,"According to U.S. Bureau of Labor Statistics OEWS data for the Columbus, OH Metropolitan Statistical Area, the trade includes 870 employed Cement Masons and Concrete Finishers (SOC 47-2051) and 390 Brickmasons and Blockmasons (SOC 47-2021).","U.S. Bureau of Labor Statistics, May 2023 Occupational Employment and Wage Statistics (OEWS), https://www.bls.gov/oes/current/oes_18140.htm",,,"Following a decline in 2022 and early 2023 due to rising interest rates, residential building permit activity in the Columbus MSA rebounded sharply, reaching 13,709 to 16,118 units over trailing 12-month periods (a 63.7% year-over-year surge), led primarily by construction in Franklin County.","U.S. Census Bureau Building Permits Survey, 2024, https://www.census.gov/construction/bps"
concrete-masonry,Dallas-Fort Worth,TX,"In the Dallas-Fort Worth-Arlington, TX MSA, specialty trade employment for this sector includes 6,050 Cement Masons and Concrete Finishers (1.53 per 1,000 jobs; location quotient 1.14) and 1,770 Brickmasons and Blockmasons (0.45 per 1,000 jobs; location quotient 1.19), representing over 7,800 active tradespeople across the metro area.","U.S. Bureau of Labor Statistics, Occupational Employment and Wage Statistics (OEWS), 2023, https://www.bls.gov/oes/current/oes_19100.htm",5567,"Angi, 2026, https://www.angi.com","High volume and top-ranked nationwide: In 2024, building permit offices across the Dallas-Fort Worth-Arlington, TX MSA authorized 71,788 new private housing units, ranking #1 among all U.S. metropolitan areas for total residential building permit volume.","U.S. Census Bureau, 2024 Annual Building Permits Survey, https://www.census.gov/construction/bps"
concrete-masonry,Denver,CO,"According to the U.S. Bureau of Labor Statistics May 2023 Occupational Employment and Wage Statistics (OEWS), the Denver-Aurora-Lakewood, CO MSA employed 2,820 Cement Masons and Concrete Finishers, representing an employment density of 1.774 per 1,000 jobs and a location quotient of 1.32.","U.S. Bureau of Labor Statistics, 2023, https://www.bls.gov/oes/current/oes_19740.htm",5413,"Angi, 2026, https://www.angi.com","According to U.S. Census Bureau Building Permits Survey data, residential building permit activity in the Denver-Aurora-Lakewood MSA declined from a peak of 23,472 authorized units in 2022 to 17,678 units in 2023 (a drop of nearly 25%) amid higher interest rates and elevated regional construction costs.","U.S. Census Bureau, 2024, https://www.census.gov/construction/bps"
concrete-masonry,Detroit,MI,"According to May 2023 BLS OEWS estimates, the Detroit-Warren-Dearborn, MI MSA employed approximately 2,000 Cement Masons and Concrete Finishers (SOC 47-2051) and 1,580 Brickmasons and Blockmasons (SOC 47-2021), indicating a significant regional concentration of trade professionals.","U.S. Bureau of Labor Statistics (BLS), Occupational Employment and Wage Statistics, 2024, https://www.bls.gov/oes/current/oes_19820.htm",,,"Total residential building permits in the Detroit-Warren-Dearborn metro area contracted in 2023 to 4,541 housing units, the lowest annual volume since 2012, reflecting high borrowing costs and material price inflation before stabilizing entering 2024.","U.S. Census Bureau, Building Permits Survey, 2024, https://www.census.gov/construction/bps"
concrete-masonry,Hartford,CT,"In the Hartford-West Hartford-East Hartford, CT MSA, occupational trade data reports an estimated 300 Cement Masons and Concrete Finishers (SOC 47-2051) and 70 Brickmasons and Blockmasons (SOC 47-2021), totaling 370 skilled tradespeople across core concrete and masonry occupations.","U.S. Bureau of Labor Statistics (BLS), Occupational Employment and Wage Statistics (OEWS), 2023, https://www.bls.gov/oes",,,"Residential building permit activity in the Hartford-West Hartford-East Hartford, CT MSA reached 1,270 authorized housing units over the trailing 12 months ending May 2026, with May 2026 monthly authorizations increasing 79.1% year-over-year to 120 units (59.2% in multifamily structures).","U.S. Census Bureau, Building Permits Survey, 2026, https://www.census.gov/construction/bps"
concrete-masonry,Houston,TX,"According to the U.S. Bureau of Labor Statistics Occupational Employment and Wage Statistics (OEWS), the Houston-The Woodlands-Sugar Land, TX metropolitan statistical area employed 5,700 Cement Masons and Concrete Finishers (SOC 47-2051), representing a location quotient of 1.34 compared to the national average.","U.S. Bureau of Labor Statistics, 2024, https://www.bls.gov/oes/current/oes472051.htm",,,"According to the U.S. Census Bureau Building Permits Survey, the Houston-The Woodlands-Sugar Land MSA issued 68,755 total residential housing units authorized by building permits in 2023 (50,444 single-family units). While total residential permits declined 9.3% from 75,786 units in 2022, Houston maintained the highest residential permit volume of any metro area in the United States.","U.S. Census Bureau, 2024, https://www.census.gov/construction/bps"
concrete-masonry,Indianapolis,IN,"In the Indianapolis-Carmel-Anderson, IN Metropolitan Statistical Area, 1,570 Cement Masons and Concrete Finishers (SOC 47-2051) were employed as of May 2023, representing a location quotient of 1.08 (density slightly above the national baseline) and an annual mean wage of $56,080.","U.S. Bureau of Labor Statistics (BLS), Occupational Employment and Wage Statistics (OEWS), May 2023, https://www.bls.gov/oes/current/oes_26900.htm",,,"Single-family building permitting in the 11-county Indianapolis metro area slowed in early 2023 (down 12% to 20% year-over-year) due to elevated mortgage rates, but reversed trajectory into late 2023 and 2025, posting a 6% year-over-year increase in single-family permits through mid-2025.","Builders Association of Greater Indianapolis (BAGI), 2025 Construction Outlook Report, https://bagi.com"
concrete-masonry,Jacksonville,FL,"According to the Bureau of Labor Statistics OEWS, the Jacksonville, FL MSA employs approximately 1,020 Cement Masons and Concrete Finishers (SOC 47-2051) and 210 Brickmasons and Blockmasons (SOC 47-2021) in the trade.","U.S. Bureau of Labor Statistics, 2024, https://www.bls.gov/oes",7272,"Contractor+ Cost Guide, 2025","Following a major expansion cycle from 2021 through 2023 in which Jacksonville ranked among the top per-capita permitting metros nationally, building permit volume experienced a cyclical moderation in 2024 due to elevated interest rates. Construction subsector employment in the metro expanded by 1,800 jobs (+3.6%) in 2023.","U.S. Department of Housing and Urban Development, 2024, https://www.huduser.gov"
concrete-masonry,Kansas City,MO,"In the Kansas City, MO-KS metropolitan statistical area, the trade workforce includes 2,660 Cement Masons and Concrete Finishers (with a location quotient of 1.84, indicating higher concentration than the national average) and 560 Brickmasons and Blockmasons (location quotient of 1.38).","U.S. Bureau of Labor Statistics, May 2023 Occupational Employment and Wage Statistics (OEWS), https://www.bls.gov/oes/current/oes_28140.htm",,,"Single-family building permits across the eight-county Kansas City metro area totaled 4,388 units in 2025 (a 3% decline from 4,509 in 2024). However, permitting accelerated significantly in early 2026, reaching 2,358 single-family units through May 2026, a 32% increase compared to the same five-month period in 2025.","Home Builders Association of Greater Kansas City, 2026"
concrete-masonry,Las Vegas,NV,"According to the U.S. Bureau of Labor Statistics, the Las Vegas-Henderson-Paradise, NV MSA employs approximately 2,450 Cement Masons and Concrete Finishers (SOC 47-2051) with a location quotient of 1.69, and 670 Brickmasons and Blockmasons (SOC 47-2021) with a location quotient of 1.66, demonstrating higher worker density in concrete and masonry trades compared to the national average.","U.S. Bureau of Labor Statistics, 2024, https://www.bls.gov/oes/current/oes_29820.htm",,,"Residential building permit and housing construction activity in the Las Vegas-Henderson-Paradise MSA contracted during 2022 and 2023 due to rising interest rates, with new and existing home sales falling 22% in 2023 following a 26% decline in 2022, before stabilizing with three-year forecast demand estimated at 33,650 new sales units and 10,300 rental units.","U.S. Department of Housing and Urban Development, 2024, https://www.huduser.gov/portal/ushmc/chma_archive.html"
concrete-masonry,Los Angeles,CA,"According to the BLS OEWS, the Los Angeles-Long Beach-Anaheim, CA metropolitan statistical area employed approximately 8,050 Cement Masons and Concrete Finishers (SOC 47-2051) as of May 2023, representing an occupational concentration of 1.30 per 1,000 total jobs in the region and an annual mean wage of $68,000 ($32.69/hour).","U.S. Bureau of Labor Statistics (BLS) OEWS, 2023, https://www.bls.gov/oes/current/oes472051.htm",,,"Residential building permit volume in the Los Angeles-Long Beach-Anaheim MSA experienced a moderate multi-year decline, falling from 31,295 total authorized private housing structures in 2022 to 28,735 in 2023, and further to 27,242 structures in 2024.","U.S. Census Bureau, Building Permits Survey via FRED (Federal Reserve Bank of St. Louis), 2024, https://fred.stlouisfed.org/series/LOSA106BPPRIVSA"
concrete-masonry,Louisville,KY,"According to the U.S. Bureau of Labor Statistics OEWS estimates, the Louisville/Jefferson County, KY-IN metropolitan statistical area employed 820 Cement Masons and Concrete Finishers (SOC 47-2051) with a location quotient of 0.92 compared to national occupational density.","U.S. Bureau of Labor Statistics Occupational Employment and Wage Statistics, 2024, https://www.bls.gov/oes/current/oes_31140.htm",,,"According to HUD State of the Cities Data System (SOCDS) building permit data, residential permitting in Jefferson County experienced a sharp uptick from 2,811 total permitted housing units in 2022 to 3,713 units in 2023 (a 32% year-over-year surge), before settling to 2,863 permitted units in 2024.","U.S. Department of Housing and Urban Development State of the Cities Data System, 2025, https://socds.huduser.gov/permits"
concrete-masonry,Memphis,TN,"According to U.S. Bureau of Labor Statistics May 2023 OEWS estimates for the Memphis, TN-MS-AR metropolitan statistical area, the local trade workforce included approximately 500 Cement Masons and Concrete Finishers (SOC 47-2051) with an hourly mean wage of $22.46, and approximately 160 Brickmasons and Blockmasons (SOC 47-2021) with an hourly mean wage of $25.00.","U.S. Bureau of Labor Statistics, 2024, https://www.bls.gov/oes/current/oes_32820.htm",,,"Data from the U.S. Census Bureau Building Permits Survey indicates a downward trend in total housing units authorized by building permits in the Memphis, TN-MS-AR MSA through 2024 and 2025 relative to peak pandemic/post-pandemic levels (2021-2022), driven by elevated mortgage rates and cooling overall construction activity.","U.S. Census Bureau, 2024, https://www.census.gov/construction/bps"
concrete-masonry,Miami,FL,"The Miami-Fort Lauderdale-Pompano Beach, FL Metropolitan Statistical Area employs approximately 3,490 Cement Masons and Concrete Finishers.","U.S. Bureau of Labor Statistics, Occupational Employment and Wage Statistics (OEWS), 2024, https://www.bls.gov/oes",268972,"National Association of Home Builders (NAHB) analysis of U.S. Census Bureau Building Permits Survey, 2024, https://www.nahb.org","Residential building permitting in the Miami-Fort Lauderdale-Pompano Beach MSA totaled 19,999 units in 2023 (5,028 single-family and 14,971 multi-family units), stabilizing following a 21.7% drop in residential building permits between 2021 and 2022 (down to 19,813 units valued at $5.6 billion).","U.S. Census Bureau, Building Permits Survey, 2024, https://www.census.gov/construction/bps"
concrete-masonry,Milwaukee,WI,"According to U.S. Bureau of Labor Statistics May 2023 Occupational Employment and Wage Statistics (OEWS) data, the Milwaukee-Waukesha-West Allis, WI metropolitan statistical area employed 900 Cement Masons and Concrete Finishers (SOC 47-2051) earning an annual mean wage of $67,810, and 260 Brickmasons and Blockmasons (SOC 47-2021) earning an annual mean wage of $73,620, totaling 1,160 specialized concrete and masonry trade professionals in the metro area.","U.S. Bureau of Labor Statistics (BLS), Occupational Employment and Wage Statistics (OEWS), 2024, https://www.bls.gov/oes/current/oes_33340.htm",,,"Single-family residential building permit volume in the Milwaukee-Waukesha metropolitan area increased during the 12 months ending August 2025 compared to the previous 12-month period, demonstrating an upward trend in single-family residential construction activity following earlier market adjustments.","U.S. Department of Housing and Urban Development (HUD), Office of Policy Development and Research (PD&R), Housing Market Profiles: Milwaukee-Waukesha, Wisconsin, 2025"
concrete-masonry,Minneapolis-St. Paul,MN,"According to the Bureau of Labor Statistics May 2023 Occupational Employment and Wage Statistics (OEWS), the Minneapolis-St. Paul-Bloomington, MN-WI metropolitan statistical area employed 2,110 Cement Masons and Concrete Finishers (SOC 47-2051) and 970 Brickmasons and Blockmasons (SOC 47-2021), establishing a core skilled labor workforce across structural concrete, flatwork, and masonry trades in the metropolitan area.","U.S. Bureau of Labor Statistics, May 2023 OEWS Metropolitan Area Estimates, https://www.bls.gov/oes/current/oes_33460.htm",,,"According to HUD User and U.S. Census Bureau Building Permits Survey data, residential permit volume in the Minneapolis-St. Paul-Bloomington MSA trended upward through late 2025: single-family home permits reached 10,500 units (a 14% increase year-over-year) and multifamily construction permits rebounded to 6,550 units (a 22% increase year-over-year) over the 12 months ending October 2025.","U.S. Department of Housing and Urban Development (HUD) USER / U.S. Census Bureau Building Permits Survey, 2025 Housing Market Report, https://www.huduser.gov"
concrete-masonry,Nashville,TN,"In the Nashville-Davidson--Murfreesboro--Franklin, TN Metropolitan Statistical Area, occupational data indicates a trade labor force comprising approximately 820 cement masons and concrete finishers along with 540 masons (brickmasons and blockmasons).","U.S. Bureau of Labor Statistics (2023), https://www.bls.gov/oes/current/oes_34980.htm",,,"Residential building permit activity in Nashville-Davidson, TN experienced a downward trend, decreasing from 11,158 permitted housing units in 2023 to 6,799 units in 2024, a reduction of approximately 39.1% (-4,359 units).","U.S. Census Bureau (2024), https://www.census.gov/construction/bps"
concrete-masonry,New Orleans,LA,,,,,"Residential building permits in the New Orleans-Metairie MSA experienced a steep contraction of -68.4% (total permitted units falling from 376 to 119), with single-family permits declining 75%, representing one of the steepest single-family permit drops among top U.S. metropolitan areas.",
concrete-masonry,New York,NY,"According to the Bureau of Labor Statistics (BLS) Occupational Employment and Wage Statistics (OEWS), the New York-Newark-Jersey City, NY-NJ-PA metropolitan area employed 9,180 Cement Masons and Concrete Finishers (SOC 47-2051) and 3,550 Brickmasons and Blockmasons (SOC 47-2021).","U.S. Bureau of Labor Statistics, 2024, https://www.bls.gov/oes/current/oes_35620.htm",,,"Per the U.S. Census Bureau Building Permits Survey, total residential housing units authorized by building permits in the New York-Newark-Jersey City, NY-NJ-PA metro area reached 47,828 units in 2024, representing a 17% decline compared to 57,929 units permitted in 2023, with multi-family structures comprising over 78% of total authorizations.","U.S. Census Bureau, 2025, https://www.census.gov/construction/bps"
concrete-masonry,Oklahoma City,OK,"According to the U.S. Bureau of Labor Statistics May 2023 Occupational Employment and Wage Statistics (OEWS) data for the Oklahoma City, OK Metropolitan Statistical Area, the trade workforce includes an estimated 1,470 Cement Masons and Concrete Finishers (SOC 47-2051) and 170 Brickmasons and Blockmasons (SOC 47-2021).","U.S. Bureau of Labor Statistics, 2024, https://www.bls.gov/oes/current/oes_36420.htm",,,"Residential building permit activity in the Oklahoma City metro area increased in early 2024, with single-family home permitting rising 19% year-over-year to 1,300 homes permitted in Q1 2024, while multi-family housing permits surged to approximately 410 units compared to 80 units during Q1 2023.","U.S. Department of Housing and Urban Development (HUD) PD&R Regional Reports / U.S. Census Bureau Building Permits Survey, 2024"
concrete-masonry,Orlando,FL,"According to the BLS May 2023 Occupational Employment and Wage Statistics (OEWS) report for the Orlando-Kissimmee-Sanford, FL MSA, the metropolitan area employed 2,090 Cement Masons and Concrete Finishers (SOC 47-2051) with a location quotient of 1.14 (mean annual wage $47,290) and 700 Brickmasons and Blockmasons (SOC 47-2021) with a location quotient of 1.38 (mean annual wage $48,250).","U.S. Bureau of Labor Statistics, May 2023 Metropolitan and Nonmetropolitan Area Occupational Employment and Wage Estimates - Orlando-Kissimmee-Sanford, FL MSA, 2024, https://www.bls.gov/oes/current/oes_36740.htm",,,"According to the U.S. Census Bureau's Building Permits Survey data for the Orlando-Kissimmee-Sanford, FL MSA (series ORLA712BPPRIV), new private housing building permit authorizations peaked during the 2021-2022 market expansion and subsequently moderated into a steady, elevated baseline from 2023 through 2025, reflecting persistent underlying residential construction activity.","U.S. Census Bureau, New Private Housing Structures Authorized by Building Permits for Orlando-Kissimmee-Sanford, FL (MSA) [ORLA712BPPRIV], retrieved from FRED, Federal Reserve Bank of St. Louis, 2026, https://fred.stlouisfed.org/series/ORLA712BPPRIV"
concrete-masonry,Philadelphia,PA,"According to the U.S. Bureau of Labor Statistics Occupational Employment and Wage Statistics (OEWS), the Philadelphia-Camden-Wilmington, PA-NJ-DE-MD Metropolitan Statistical Area employed 2,130 Cement Masons and Concrete Finishers (SOC 47-2051) in May 2023 and 1,160 Brickmasons and Blockmasons (SOC 47-2021) in May 2022.","U.S. Bureau of Labor Statistics, OEWS, 2023, https://www.bls.gov/oes/current/oes_37980.htm",82000,"BuildVision AI, 2026, https://buildvisionai.com","Residential building permit authorization in Philadelphia experienced a steep drop following a pre-tax-abatement expiration surge in 2021 (26,166 units authorized). Permit volume fell to 3,827 units in 2023 and reached an 11-year low of 2,982 authorized housing units in 2024.","The Pew Charitable Trusts / U.S. Census Bureau Building Permits Survey, 2025, https://www.pewtrusts.org"
concrete-masonry,Phoenix,AZ,"According to the May 2024 Occupational Employment and Wage Statistics, the Phoenix-Mesa-Chandler MSA employed 5,050 Cement Masons and Concrete Finishers (SOC 47-2051), ranking as one of the largest metropolitan employment totals for the concrete trade in the United States.","U.S. Bureau of Labor Statistics (BLS), 2024, https://www.bls.gov/oes",,,"New private housing structures authorized by building permits in the Phoenix-Mesa-Chandler MSA moved from 50,969 units in 2021 to 46,658 in 2022, 44,808 in 2023, and 44,661 in 2024, indicating a modest cooling and stabilization in overall residential permitting activity following peak levels.","U.S. Census Bureau / Federal Reserve Bank of St. Louis (FRED), 2024, https://fred.stlouisfed.org/series/PHOE004BPPRIVSA"
concrete-masonry,Pittsburgh,PA,"According to the U.S. Bureau of Labor Statistics Occupational Employment and Wage Statistics (OEWS), the Pittsburgh, PA MSA employed 890 Cement Masons and Concrete Finishers (SOC 47-2051) and 360 Brickmasons and Blockmasons (SOC 47-2021) as of May 2023, totaling approximately 1,250 trade workers in these core concrete and masonry roles across the metropolitan area.","U.S. Bureau of Labor Statistics, May 2023 OEWS Metropolitan and Nonmetropolitan Area Occupational Employment and Wage Estimates - Pittsburgh, PA, 2024, https://www.bls.gov/oes/current/oes_38300.htm",,,"New private housing unit building permits authorized in the Pittsburgh, PA MSA declined from 2,512 units in 2023 to 1,664 units in 2024, reflecting a decrease of 848 units (or approximately 33.8%).","U.S. Census Bureau, 2024 Annual Building Permits Survey, 2024, https://www.census.gov/construction/bps"
concrete-masonry,Portland,OR,"In the Portland-Vancouver-Hillsboro, OR-WA MSA, there were 1,640 employed Cement Masons and Concrete Finishers (SOC 47-2051), representing a density of 1.358 per 1,000 jobs in the metro area, as well as 220 Brickmasons and Blockmasons (SOC 47-2021) at a density of 0.18 per 1,000 jobs.","U.S. Bureau of Labor Statistics (BLS) Occupational Employment and Wage Statistics (OEWS), 2024, https://www.bls.gov/oes/current/oes_38900.htm",,,"Residential permitting activity in the Portland metro area has experienced a steep downward trend. Permits for 1,835 residential dwelling units were issued in the City of Portland in FY 2023-24, representing a 70% decrease compared to FY 2022-23. U.S. Census Bureau BPS data similarly indicates that overall city housing unit permits fell 47.4% year-over-year from 3,089 in 2023 to 1,624 in 2024, with multifamily (5+ unit) permits dropping over 60% across Multnomah and Washington counties.","City of Portland Bureau of Planning and Sustainability, 2024, https://www.portland.gov/bps and U.S. Census Bureau Building Permits Survey / HFO Real Estate, 2025, https://www.hfore.com"
concrete-masonry,Providence,RI,"According to the U.S. Bureau of Labor Statistics May 2023 Occupational Employment and Wage Statistics (OEWS), the Providence-Warwick, RI-MA Metropolitan Statistical Area had an estimated 280 employed Cement Masons and Concrete Finishers (SOC 47-2051).","U.S. Bureau of Labor Statistics, 2024, https://www.bls.gov/oes/current/oes_39300.htm",,,"According to U.S. Census Bureau Building Permits Survey data, the Providence-Warwick, RI-MA MSA maintained a relatively low new residential construction permitting rate of 3.6 authorized housing units per 1,000 existing homes in 2024, ranking among the lower metropolitan areas nationwide for new housing permit volume.","U.S. Census Bureau, Building Permits Survey (via Construction Coverage), 2025, https://constructioncoverage.com/research/cities-building-the-most-homes-2025"
concrete-masonry,Raleigh,NC,"According to the May 2023 Occupational Employment and Wage Statistics (OEWS) for the Raleigh, NC Metropolitan Statistical Area, the metro employed 1,220 Cement Masons and Concrete Finishers (SOC 47-2051) and 320 Brickmasons and Blockmasons (SOC 47-2021), representing a high concentration of specialized concrete and masonry trade labor in the Research Triangle region.","U.S. Bureau of Labor Statistics (BLS) OEWS, 2023, https://www.bls.gov/oes/current/oes_39580.htm",,,"The Raleigh-Cary metro area ranks among the top metropolitan areas nationally for per-capita residential construction permits, authorizing 21,551 new housing units in 2022 and maintaining a rate of 28.8 new units authorized per 1,000 existing homes (approx. 12.8 to 14.9 permits per 1,000 residents), driven by strong net migration and single-family and multi-family development.","U.S. Census Bureau Building Permits Survey / Construction Coverage, 2024, https://www.census.gov/construction/bps/index.html"
concrete-masonry,Richmond,VA,"According to BLS OEWS estimates, the Richmond, VA MSA employed approximately 650 Cement Masons and Concrete Finishers (SOC 47-2051) as of May 2023, supporting foundation, slab, and structural concrete trade demand across the metropolitan area.","U.S. Bureau of Labor Statistics, May 2023 OEWS Metropolitan and Nonmetropolitan Area Occupational Employment and Wage Estimates (Richmond, VA), 2024, https://www.bls.gov/oes/current/oes_40060.htm",,,"Residential building permit volumes in the Richmond, VA MSA showed a downward trajectory in 2024 and 2025 relative to prior peak post-pandemic levels, reflecting broader macroeconomic headwinds and elevated mortgage interest rates impacting new single-family and multifamily starts.","U.S. Census Bureau, New Private Housing Units Authorized by Building Permits for Richmond, VA (MSA) [RICH051BPPRIV], retrieved from FRED, Federal Reserve Bank of St. Louis, 2026, https://fred.stlouisfed.org/series/RICH051BPPRIV"
concrete-masonry,Riverside-San Bernardino,CA,"As of May 2023, there were 4,420 Cement Masons and Concrete Finishers (SOC 47-2051) employed in the Riverside-San Bernardino-Ontario, CA MSA, corresponding to an employment density of 2.66 workers per 1,000 jobs and a location quotient of 1.99 relative to the national baseline.","U.S. Bureau of Labor Statistics, 2023 Occupational Employment and Wage Statistics, https://www.bls.gov/oes/current/oes472051.htm",,,"According to the U.S. Census Bureau Annual Building Permits Survey, total new private housing units authorized by building permits in the Riverside-San Bernardino-Ontario, CA MSA declined by 21.9% from 20,268 units in 2023 to 15,824 units in 2024.","U.S. Census Bureau, 2024 Annual Building Permits Survey, https://www.census.gov/construction/bps"
concrete-masonry,Sacramento,CA,"According to BLS Occupational Employment and Wage Statistics (OEWS), there were 2,660 Cement Masons and Concrete Finishers (SOC 47-2051) employed in the Sacramento-Roseville-Arden-Arcade MSA, representing a density of 2.54 workers per 1,000 jobs (a location quotient of 1.89 relative to the national average).","U.S. Bureau of Labor Statistics (BLS), May 2023 Metropolitan and Nonmetropolitan Area Occupational Employment and Wage Estimates: Sacramento-Roseville-Arden-Arcade, CA, 2024, https://www.bls.gov/oes/current/oes_40900.htm",2423,"Homeyou, Concrete Services Cost in Sacramento, CA, 2026, https://www.homeyou.com/ca/concrete-sacramento-costs","Residential building permit activity in the Sacramento-Roseville-Folsom MSA trended upward, with 1,094 housing units authorized in May 2026 (+14% year-over-year) and 10,042 units permitted over the trailing 12-month period.","U.S. Census Bureau Building Permits Survey / FRED, Federal Reserve Bank of St. Louis, New Private Housing Structures Authorized by Building Permits for Sacramento-Roseville-Folsom, CA (MSA) [SACR906BPPRIV], 2026, https://fred.stlouisfed.org/series/SACR906BPPRIV"
concrete-masonry,Salt Lake City,UT,"In the Salt Lake City, UT Metropolitan Statistical Area, there are approximately 1,560 employed Cement Masons and Concrete Finishers (SOC 47-2051) and 160 Stonemasons (SOC 47-2022).","U.S. Bureau of Labor Statistics, May 2023 OEWS Metropolitan and Nonmetropolitan Area Occupational Employment and Wage Estimates, https://www.bls.gov/oes/current/oes_41620.htm",,,"Residential building permit authorizations in Utah declined 45% from a peak of 40,144 units in 2021 down to 21,966 units in 2024 due to high mortgage rates, before experiencing a rebound in multi-family unit permitting in 2025.","Kem C. Gardner Policy Institute, 2024-2025 State of the State's Housing Market Report, July 2025, https://gardner.utah.edu"
concrete-masonry,San Antonio,TX,"In the San Antonio-New Braunfels, TX MSA, there were 1,400 Cement Masons and Concrete Finishers (SOC 47-2051) and 620 Brickmasons and Blockmasons (SOC 47-2021) employed across all industries, representing a total of 2,020 primary concrete and masonry tradespeople in the metropolitan area.","U.S. Bureau of Labor Statistics (BLS) Occupational Employment and Wage Statistics (OEWS), 2023, https://www.bls.gov/oes/current/oes_41700.htm",,,"Residential building permit volume in the San Antonio-New Braunfels MSA and wider Texas region experienced a pullback in 2025, with statewide single-family permit issuance decreasing by 11.7% year-over-year due to elevated interest rates and affordability constraints after high post-2020 construction activity.","National Association of Home Builders (NAHB) & U.S. Census Bureau Building Permits Survey, 2025"
concrete-masonry,San Diego,CA,"In the San Diego-Chula Vista-Carlsbad, CA MSA, there are 206 Poured Concrete Foundation and Structure Contractor establishments (NAICS 238110) according to California EDD / County of San Diego data, and 2,210 Cement Masons and Concrete Finishers (SOC 47-2051) employed across the metro according to BLS OEWS statistics.","U.S. Bureau of Labor Statistics OEWS (2024) and California Employment Development Department / County of San Diego CAP Data (2023), https://www.bls.gov/oes/ and https://www.sandiegocounty.gov",,,"In 2023, building permit offices authorized 5,765 total housing units in San Diego, CA, representing a 30.4% increase over 4,422 units in 2022, making it one of the top gainers in the Western U.S. before overall metro residential permitting slowed down in 2024.","U.S. Census Bureau Building Permits Survey (2023-2024), https://www.census.gov/construction/bps"
concrete-masonry,San Francisco,CA,"As of May 2023, there were 3,170 Cement Masons and Concrete Finishers employed in the San Francisco-Oakland-Hayward, CA Metropolitan Statistical Area, representing a trade employment density of 1.31 workers per 1,000 jobs.","U.S. Bureau of Labor Statistics (BLS), Occupational Employment and Wage Statistics (OEWS), 2023, https://www.bls.gov/oes/current/oes_41860.htm",,,"Residential building permit volume in the San Francisco-Oakland-Berkeley metro area experienced a sharp downturn, plunging 32.3% year-over-year in 2023 following an 18.8% decline in 2022 (to 11,048 authorized units).","Metropolitan Transportation Commission (MTC) / Bay Area Metro (using U.S. Census Bureau Building Permits Survey data), 2024"
concrete-masonry,San Jose,CA,"According to the U.S. Bureau of Labor Statistics Occupational Employment and Wage Statistics, the San Jose-Sunnyvale-Santa Clara, CA metropolitan statistical area employs approximately 1,820 Cement Masons and Concrete Finishers (SOC 47-2051), representing a location quotient of 1.19 relative to the national average worker density.","U.S. Bureau of Labor Statistics Occupational Employment and Wage Statistics, 2023, https://www.bls.gov/oes/current/oes472051.htm",,,"According to the U.S. Census Bureau Building Permits Survey, residential building permit activity in the San Jose-Sunnyvale-Santa Clara metro experienced a steep decline of 68%, falling from 1,949 total unit permits down to 623 (comparing July 2020 to July 2025), driven largely by a 74% contraction in multifamily unit permits from 1,697 down to 449.","U.S. Census Bureau Building Permits Survey, 2025, https://www.census.gov/construction/bps"
concrete-masonry,Seattle,WA,"According to BLS OEWS May 2023 data for the Seattle-Tacoma-Bellevue, WA MSA, there were 2,940 Cement Masons and Concrete Finishers (SOC 47-2051) and 490 Brickmasons and Blockmasons (SOC 47-2021) employed across the metropolitan statistical area.","U.S. Bureau of Labor Statistics OEWS, 2023, https://www.bls.gov/oes/current/oes_42660.htm",,,"Per HUD SOCDS building permit data reported by MBAKS, Seattle metro single-family permits grew 16% YTD through September 2024 to 5,135 units, while multifamily permits dropped 12% to 7,452 units. According to the U.S. Census Bureau Annual Building Permits Survey, total privately-owned housing units authorized in the Seattle-Tacoma-Bellevue MSA were 17,223 units in 2024, representing a 3.9% decline from 17,920 units in 2023.","U.S. Census Bureau Building Permits Survey / Master Builders Association of King and Snohomish Counties, 2024, https://www.census.gov/construction/bps"
concrete-masonry,St. Louis,MO,"According to the U.S. Bureau of Labor Statistics, the St. Louis, MO-IL MSA employed 2,310 Cement Masons and Concrete Finishers (SOC 47-2051) and 860 Brickmasons and Blockmasons (SOC 47-2021), totaling 3,170 specialized concrete and masonry trade workers across the metropolitan statistical area.","U.S. Bureau of Labor Statistics OEWS, 2023, https://www.bls.gov/oes/current/oes_41180.htm",6086,"Angi Concrete Driveway Cost Market Data, 2026, https://www.angi.com/articles/how-much-does-concrete-driveway-cost.htm","Residential building permit volume in the St. Louis metropolitan area experienced a multi-year decline from 2019 through 2025, reaching a multi-year low of 5,417 total housing unit permits authorized in 2025 (including 3,530 single-family unit permits), ranking the metro 58th nationwide.","U.S. Census Bureau Building Permits Survey, 2026, https://www.ksdk.com/article/news/local/saint-louis-housing-permit-data-decline-ranks-low-among-major-us-metros/63-95bdbe93-aa35-4ae0-a24d-e9c5edc3da03"
concrete-masonry,Tampa,FL,"In the Tampa-St. Petersburg-Clearwater, FL MSA market directory for public construction opportunities, there are 91 identified Poured Concrete Foundation and Structure Contractors (NAICS 238110).","Hillsborough County Aviation Authority, 2024, https://www.tampaairport.com",,,"Residential building permitting in the Tampa-St. Petersburg-Clearwater MSA moderated in 2023 from peak levels in 2021-2022, totaling 23,412 housing units authorized (13,517 single-family and 9,895 multi-family units), with 18,850 rental units under active construction entering 2024.","U.S. Department of Housing and Urban Development (HUD), 2024, https://www.huduser.gov"
concrete-masonry,Virginia Beach,VA,"In the Virginia Beach-Norfolk-Newport News, VA-NC metropolitan statistical area, there were 960 employed Cement Masons and Concrete Finishers (SOC 47-2051) as of May 2023, representing a density of approximately 1.30 workers per 1,000 jobs (location quotient of 0.97).","U.S. Bureau of Labor Statistics, 2024, https://www.bls.gov/oes/current/oes_47260.htm",,,"Residential permitting activity in the Virginia Beach-Norfolk-Newport News area moderated following 2021-2022 highs, running at roughly 4,000 to 5,000 single-family permits annually through late 2024 as higher interest rates slowed construction pace.","U.S. Department of Housing and Urban Development (HUD User), 2024, https://www.huduser.gov/portal/ushmc/chma_archive.html"
concrete-masonry,Washington DC,DC,"According to Census County Business Patterns data for the Washington-Arlington-Alexandria, DC-VA-MD-WV MSA, the metropolitan area contained 137 poured concrete foundation and structure contractor establishments (NAICS 238110) and 101 masonry contractor establishments (NAICS 238140), totaling 238 employer establishments across these specialty concrete and masonry trades.","District Department of Transportation / U.S. Census Bureau County Business Patterns, 2022 (published 2024)",,,"In the Washington-Arlington-Alexandria, DC-VA-MD-WV MSA, total residential housing units authorized by building permits reached 21,173 units in 2023 (10,087 single-family and 11,086 multi-family), reflecting a ~34% decline from 32,296 total units authorized in 2022 due primarily to a ~40% slowdown in multi-family unit permitting.","U.S. Census Bureau Building Permits Survey, 2023, https://www.census.gov/construction/bps"
fire-life-safety,Atlanta,GA,"As of May 2023, the Atlanta-Sandy Springs-Roswell, GA metropolitan area employed an estimated 1,630 Security and Fire Alarm Systems Installers (SOC 49-2098), representing a location quotient of 1.05 and an annual mean wage of $47,930.","U.S. Bureau of Labor Statistics Occupational Employment and Wage Statistics, 2023, https://www.bls.gov/oes/current/oes_12060.htm",,,"In 2024, building permit activity in the Atlanta-Sandy Springs-Roswell, GA MSA reached 13,937 units permitted, representing a 31.5% increase over the area's prior five-year historical average.","U.S. Census Bureau Building Permits Survey, 2024, https://www.census.gov/construction/bps/index.html"
fire-life-safety,Austin,TX,,,396,"Angi, 2026, https://www.angi.com/articles/how-much-does-fire-sprinkler-system-cost.htm","Residential building permit activity in the Austin-Round Rock-San Marcos MSA moderated from peak pandemic levels above 50,000 units in 2021-2022 to 32,294 authorized residential units in 2024 (ranking #6 nationally), with 23,622 residential units permitted over the trailing 12 months ending mid-2026.","U.S. Census Bureau Building Permits Survey, 2024, https://www.census.gov/construction/bps"
fire-life-safety,Baltimore,MD,"In the Baltimore-Columbia-Towson, MD Metropolitan Statistical Area, there were 1,270 Security and Fire Alarm Systems Installers (SOC 49-2098) employed as of May 2023, representing 0.974 jobs per 1,000 total regional employment and a location quotient of 1.77 compared to national averages.","U.S. Bureau of Labor Statistics, Occupational Employment and Wage Statistics (OEWS), 2024, https://www.bls.gov/oes/current/oes492098.htm",,,"Residential construction permit volume in the Baltimore-Columbia-Towson MSA trended upward post-2023, with trailing 12-month building permits reaching 5,514 units, a 24.2% year-over-year increase, led by suburban activity in Baltimore County (1,635 permits) and Anne Arundel County (1,497 permits).","U.S. Census Bureau, Building Permits Survey, 2024, https://www.census.gov/construction/bps"
fire-life-safety,Birmingham,AL,"According to the BLS OEWS May 2023 report, Security and Fire Alarm Systems Installers (SOC 49-2098) in the Birmingham-Hoover, AL MSA comprised 430 employed workers. This reflects a location quotient of 1.55 (55% above the national average concentration) and 0.853 workers per 1,000 jobs in the metropolitan area.","U.S. Bureau of Labor Statistics, 2024, https://www.bls.gov/oes/current/oes_13820.htm",,,"Residential building permitting in the Birmingham-Hoover, AL MSA experienced a strong upward trend, accelerating to over 4,380 authorized housing units over trailing 12-month periods (up approximately 59.7% year-over-year), led by single-family developments in Shelby and Jefferson counties.","U.S. Census Bureau via FRED (Federal Reserve Bank of St. Louis), 2024, https://fred.stlouisfed.org/series/BIRM801BPPRIV"
fire-life-safety,Boston,MA,"In the Boston-Cambridge-Newton, MA-NH metropolitan statistical area, there are approximately 6,050 employed plumbers, pipefitters, and steamfitters (SOC 47-2152, which includes fire sprinkler system installers), earning a median hourly wage of $37.75 ($78,530 annually).","U.S. Bureau of Labor Statistics, 2025, https://www.bls.gov/oes",690,"Angi, 2026, https://www.angi.com","New housing units authorized by building permit in Massachusetts and the Greater Boston metro area fell by 25% year-over-year from 2022 to 2023, leaving permitting at 1.9 permits per 1,000 residents, less than half the national average of 4.5 permits per 1,000 residents.","U.S. Census Bureau Building Permits Survey / UMass Donahue Institute, 2025, https://www.umass.edu"
fire-life-safety,Buffalo,NY,"According to the U.S. Bureau of Labor Statistics OEWS, there were approximately 270 Security and Fire Alarm Systems Installers (SOC 49-2098) employed in the Buffalo-Cheektowaga-Niagara Falls, NY metropolitan statistical area as of May 2023.","U.S. Bureau of Labor Statistics, May 2023 Metropolitan and Nonmetropolitan Area Occupational Employment and Wage Estimates (Buffalo-Cheektowaga-Niagara Falls, NY), 2024, https://www.bls.gov/oes/current/oes_15380.htm",,,"Total residential building permit activity in the Buffalo-Cheektowaga-Niagara Falls MSA decreased from 3,197 authorized units in 2022 to 2,101 units in 2023, before rebounding to 2,659 authorized units for the 12 months ending July 2024 (comprising 847 single-family/sales units and 1,813 rental units).","U.S. Department of Housing and Urban Development (HUD) / U.S. Census Bureau Building Permits Survey, Comprehensive Housing Market Analysis: Buffalo-Cheektowaga-Niagara Falls, New York, 2024, https://www.huduser.gov/portal/ushmc/chma_archive.html"
fire-life-safety,Charlotte,NC,"According to the U.S. Bureau of Labor Statistics, the Charlotte-Concord-Gastonia, NC-SC MSA employed 1,220 Security and Fire Alarm Systems Installers (SOC 49-2098) as of May 2023, representing a location quotient of 1.69 relative to the national average.","U.S. Bureau of Labor Statistics, 2024, https://www.bls.gov/oes/current/oes_16740.htm",,,"In 2023, approximately 19,150 residential sales units were permitted in the Charlotte metropolitan area (down less than 1% from 19,250 in 2022), while rental unit construction permits fell 36% to 12,950 units from 20,200 in 2022 as developers responded to higher interest rates and vacancy rates.","U.S. Department of Housing and Urban Development (HUD) Office of Policy Development and Research (PD&R), 2024"
fire-life-safety,Chicago,IL,"According to the U.S. Bureau of Labor Statistics OEWS estimates for the Chicago-Naperville-Elgin, IL-IN-WI metropolitan statistical area, the metro employed 1,760 Security and Fire Alarm Systems Installers (SOC 49-2098) with a location quotient of 0.71 (0.39 jobs per 1,000 total jobs) and 12,540 Plumbers, Pipefitters, and Steamfitters (SOC 47-2152, which includes sprinkler fitters) with a location quotient of 0.97.","U.S. Bureau of Labor Statistics, Occupational Employment and Wage Statistics (OEWS), 2023, https://www.bls.gov/oes/current/oes_16980.htm",,,"In the Chicago metro area, residential building permit activity totaled 14,194 units from January through October 2025, representing a modest decline compared to the same period in 2024 while remaining relatively steady within its historical multi-year range since 2020.","World Business Chicago (citing U.S. Census Bureau Building Permits Survey), 2026, https://www.worldbusinesschicago.com"
fire-life-safety,Cincinnati,OH,"In the Cincinnati, OH-KY-IN Metropolitan Statistical Area, the Bureau of Labor Statistics reports 2,920 employed Plumbers, Pipefitters, and Steamfitters (SOC 47-2152, which encompasses fire sprinkler fitters), representing a density of 2.70 workers per 1,000 total jobs in the metro area (location quotient of 0.94).","U.S. Bureau of Labor Statistics, May 2023 OEWS Estimates for Cincinnati, OH-KY-IN, 2024, https://www.bls.gov/oes/current/oes_17140.htm",,,"Residential building permit activity in the Cincinnati, OH-KY-IN MSA dipped in 2023 (6,241 total authorized units; 493.6 structure index) before trending upward through 2024 (580.3 index) and 2025 (623.1 index), with single-family building permits expanding from 3,925 units in 2024 to 4,250 units in 2025.","U.S. Census Bureau Building Permits Survey via Federal Reserve Bank of St. Louis (FRED), 2026, https://fred.stlouisfed.org/series/CINC139BPPRIVSA"
fire-life-safety,Cleveland,OH,"According to the U.S. Bureau of Labor Statistics May 2023 Occupational Employment and Wage Statistics (OEWS), the Cleveland-Elyria, OH metropolitan statistical area employed 350 Security and Fire Alarm Systems Installers (SOC 49-2098) with an employment density of 0.35 jobs per 1,000 total jobs (location quotient of 0.64), alongside 60 Fire Inspectors and Investigators (SOC 33-2021).","U.S. Bureau of Labor Statistics, OEWS, 2023, https://www.bls.gov/oes/current/oes_17460.htm",,,"According to HUD User and U.S. Census Bureau Building Permits Survey data, building permit activity in the Cleveland-Elyria, OH MSA expanded to 4,175 total units over a trailing 12-month period, a 28.6% year-over-year increase (2.02 permits per 1,000 residents), driven by strong permitting gains in Cuyahoga County (+43.2% YoY) and Lorain County (+33.4% YoY).","U.S. Department of Housing and Urban Development (HUD User) / U.S. Census Bureau, Building Permits Survey, 2024, https://www.huduser.gov"
fire-life-safety,Columbus,OH,"According to BLS OEWS May 2023 data, the Columbus, OH Metropolitan Statistical Area employed 2,490 plumbers, pipefitters, and steamfitters (SOC 47-2152, the occupational classification covering fire sprinkler fitters) with a location quotient of 0.81 relative to national density, alongside 1,873 electricians (SOC 47-2111, responsible for fire alarm installation).","U.S. Bureau of Labor Statistics, 2024, https://www.bls.gov/oes/current/oes_18140.htm",770,"Angi, 2026, https://www.angi.com","Residential building permit authorization in the Columbus MSA experienced strong upward growth, with total private housing units authorized reaching 13,709 over a 12-month trailing period (a 63.7% year-over-year increase), led by a 22% rise in multifamily permits to over 8,000 units.","U.S. Census Bureau, Building Permits Survey (via Federal Reserve Bank of St. Louis FRED), 2026, https://fred.stlouisfed.org/series/COLU139BPPRIVSA"
fire-life-safety,Dallas-Fort Worth,TX,"According to the U.S. Bureau of Labor Statistics May 2023 Occupational Employment and Wage Statistics (OEWS), the Dallas-Fort Worth-Arlington, TX MSA employed 11,280 Plumbers, Pipefitters, and Steamfitters (SOC 47-2152, which includes fire sprinkler fitters), representing a concentration of 2.85 workers per 1,000 total jobs in the metropolitan area.","U.S. Bureau of Labor Statistics, May 2023 Metropolitan and Nonmetropolitan Area Occupational Employment and Wage Estimates: Dallas-Fort Worth-Arlington, TX, 2024, https://www.bls.gov/oes/current/oes_19100.htm",,,"According to the U.S. Census Bureau Building Permits Survey, residential building permit volume in the Dallas-Fort Worth-Arlington, TX MSA totaled 68,029 units in 2023, down from 77,281 units in 2022, while continuing to rank among the highest metropolitan permitting totals in the nation.","U.S. Census Bureau, Building Permits Survey, 2024, https://www.census.gov/construction/bps"
fire-life-safety,Denver,CO,"According to occupational employment data for the Denver-Aurora-Lakewood, CO MSA, the metro area employed 110 Fire Inspectors and Investigators (SOC 33-2021) and 4,500 Plumbers, Pipefitters, and Steamfitters (SOC 47-2152), the trade category that encompasses fire sprinkler system installers.","U.S. Bureau of Labor Statistics (2024), 'May 2023 Metropolitan and Nonmetropolitan Area Occupational Employment and Wage Estimates: Denver-Aurora-Lakewood, CO', https://www.bls.gov/oes/current/oes_19740.htm",,,"Residential construction permit volume in the Denver-Aurora-Lakewood MSA decreased 21.8% year-over-year in 2022 to 23,472 authorized housing units, with single-family home permitting dropping an additional 34% during the 12 months ending August 2023 due to elevated interest rates.","U.S. Census Bureau (2023), 'Building Permits Survey', https://www.census.gov/construction/bps"
fire-life-safety,Detroit,MI,"According to official occupational labor data for the Detroit-Warren-Dearborn, MI MSA, there were 130 Fire Inspectors and Investigators (SOC 33-2021) employed in the metropolitan area with an hourly mean wage of $42.82.","U.S. Bureau of Labor Statistics, May 2023 Occupational Employment and Wage Statistics, 2023, https://www.bls.gov/oes/current/oes_19820.htm",,,"Residential construction permitting in the Detroit-Warren-Dearborn, MI MSA reached 4,541 total housing units in 2023, reflecting an 11.6% year-over-year decline and marking the lowest annual total since 2012.","U.S. Census Bureau, Building Permits Survey, 2023, https://www.census.gov/construction/bps/index.html"
fire-life-safety,Hartford,CT,"According to the Bureau of Labor Statistics Occupational Employment and Wage Statistics, the Hartford-West Hartford-East Hartford, CT MSA had 4,310 Plumbers, Pipefitters, and Steamfitters (SOC 47-2152, the occupational code covering fire sprinkler fitters) employed, representing a density of 2.594 per 1,000 total jobs in the metro area.","U.S. Bureau of Labor Statistics, 2024, https://www.bls.gov/oes/current/oes_25540.htm",,,"In the Hartford-West Hartford-East Hartford, CT metro area, trailing 12-month residential building permit volume reached 1,270 units as of May 2026, representing a +79.1% increase compared to the prior 12-month period, with multi-family structures (5+ units) driving 59.2% of newly permitted units.","U.S. Census Bureau Building Permits Survey via PUMSdata, 2026"
fire-life-safety,Houston,TX,"As of May 2023, the U.S. Bureau of Labor Statistics (BLS) Occupational Employment and Wage Statistics (OEWS) reported that the Houston-The Woodlands-Sugar Land, TX metropolitan statistical area employed 2,140 Security and Fire Alarm Systems Installers (SOC 49-2098), representing a location quotient of 1.23 and an employment density of 0.67 jobs per 1,000 total jobs in the metropolitan area.","U.S. Bureau of Labor Statistics, May 2023 Occupational Employment and Wage Statistics, https://www.bls.gov/oes/current/oes492098.htm",,,"According to U.S. Census Bureau Building Permits Survey data, total residential building permits in the Houston-The Woodlands-Sugar Land MSA reached 68,755 authorized units in 2023 (including 50,444 single-family homes). While this represented a 9.3% decrease from the 75,786 units permitted in 2022, the Houston metro area led the nation in total housing permit activity for 2023.","U.S. Census Bureau, 2023 Building Permits Survey (reported by Rice University Kinder Institute for Urban Research, 2024)"
fire-life-safety,Indianapolis,IN,"In the Indianapolis-Carmel-Anderson, IN metropolitan statistical area, there were an estimated 750 Security and Fire Alarm Systems Installers (SOC 49-2098) employed, with a location quotient of 1.26, indicating a 26% higher concentration of trade employment relative to the national average.","U.S. Bureau of Labor Statistics (BLS) Occupational Employment and Wage Statistics (OEWS), 2023, https://www.bls.gov/oes/current/oes_26900.htm",,,"Single-family building permits in the nine-county Greater Indianapolis area reached 10,173 permits in 2025, representing a 1.3% increase over the 10,004 permits issued in 2024. Momentum continued into 2026 with January filings increasing 4% year-over-year to 731 permits compared to 700 in January 2025.","Builders Association of Greater Indianapolis (BAGI) / Indianapolis Business Journal, 2026, https://www.ibj.com/articles/indy-area-homebuilders-see-modest-rise-in-permit-applications"
fire-life-safety,Jacksonville,FL,"According to the U.S. Bureau of Labor Statistics OEWS survey, the Jacksonville, FL metropolitan statistical area employed approximately 1,160 Security and Fire Alarm Systems Installers (SOC 49-2098) as of May 2023, representing a density (location quotient) of 1.57 relative to the national average and 2.86 jobs per 1,000 total jobs in the MSA.","U.S. Bureau of Labor Statistics, 2024, https://www.bls.gov/oes/2023/may/oes_27260.htm",,,"According to HUD's Comprehensive Housing Market Analysis based on U.S. Census Bureau Building Permits Survey data, residential permitting in the Jacksonville MSA cooled following peak post-pandemic growth in 2021-2022. Single-family home sales decreased 22% in 2023 while approximately 6,300 homes and 10,500 rental units remained under construction as of early 2024, signaling a broader moderation in permit issuance.","U.S. Department of Housing and Urban Development (HUD) Office of Policy Development and Research, 2024, https://www.huduser.gov/portal/ushmc/chma_archive.html"
fire-life-safety,Kansas City,MO,"According to the U.S. Bureau of Labor Statistics Occupational Employment and Wage Statistics (OEWS), the Kansas City, MO-KS metropolitan statistical area employed 850 Security and Fire Alarm Systems Installers (SOC 49-2098) as of May 2023, representing a location quotient of 1.43, indicating a 43% higher concentration of installers than the national average.","U.S. Bureau of Labor Statistics, May 2023 OEWS Metropolitan Estimates (Kansas City, MO-KS), 2024, https://www.bls.gov/oes/current/oes_28140.htm",,,"Single-family building permit volume in the 8-county Kansas City metro area increased by 14% in 2024 (reaching 4,509 units, up from 3,947 in 2023), dipped slightly by 3% in 2025 (4,388 units), and rebounded strongly in early 2026 with 2,358 single-family units permitted through May 2026, a 32% year-over-year increase compared to the same five-month period in 2025.","Home Builders Association of Greater Kansas City (KCHBA) Residential Statistics Reports, 2026, https://kchba.org"
fire-life-safety,Las Vegas,NV,"In the Las Vegas-Henderson-Paradise, NV MSA, U.S. Bureau of Labor Statistics OEWS data reports 3,760 Plumbers, Pipefitters, and Steamfitters (SOC 47-2152, the trade classification covering fire sprinkler fitters) with a location quotient of 1.21 relative to national averages, alongside 330 Pipelayers (SOC 47-2151).","U.S. Bureau of Labor Statistics, OEWS, 2024, https://www.bls.gov/oes/current/oes_31080.htm",,,"Construction and residential development activity in the Las Vegas-Henderson-Paradise MSA moderated following peak post-pandemic expansion, with home sales falling 26% in 2022 and 22% in 2023, while maintaining significant active inventory with 5,300 single-family homes and 7,850 rental units under construction in early 2024.","U.S. Department of Housing and Urban Development, 2024, https://www.huduser.gov/portal/ushmc/chma_archive.html"
fire-life-safety,Los Angeles,CA,"According to the U.S. Bureau of Labor Statistics, the Los Angeles-Long Beach-Anaheim, CA MSA employed approximately 3,040 Security and Fire Alarm Systems Installers (SOC 49-2098), representing a density of 0.49 installers per 1,000 jobs in the metropolitan area.","U.S. Bureau of Labor Statistics, May 2023 Occupational Employment and Wage Statistics, 2024, https://www.bls.gov/oes/current/oes492098.htm",,,"According to U.S. Census Bureau Building Permits Survey data, total residential permit volume in the Los Angeles-Long Beach-Anaheim, CA metro trended downward between 2020 and 2025, dropping 38% in monthly total permits issued (from 2,715 in July 2020 to 1,694 in July 2025), driven primarily by a sharp contraction in multi-family unit authorizations.","U.S. Census Bureau, Building Permits Survey, 2025, https://www.census.gov/construction/bps/index.html"
fire-life-safety,Louisville,KY,"According to the U.S. Bureau of Labor Statistics May 2023 OEWS report, the Louisville/Jefferson County, KY-IN metropolitan statistical area employed 260 Security and Fire Alarm Systems Installers (SOC 49-2098), representing a density of 0.392 installers per 1,000 total jobs and a location quotient of 0.71.","U.S. Bureau of Labor Statistics (2023), https://www.bls.gov/oes/current/oes_31140.htm",,,"In the Louisville MSA, rental housing permitting increased 28% to 3,625 units authorized during the 12 months ending April 2023 (driven by a 49% surge in Jefferson County), while single-family home permitting declined 24% to 1,950 units. U.S. Census Bureau Building Permits Survey data shows multifamily permit volume subsequently stabilized at approximately 1.7 units per 1,000 residents.","U.S. Department of Housing and Urban Development PD&R (2023), https://www.huduser.gov/portal/ushmc/chma_archive.html"
fire-life-safety,Memphis,TN,"According to the U.S. Bureau of Labor Statistics Occupational Employment and Wage Statistics, the Memphis, TN-MS-AR metropolitan area employed 490 Security and Fire Alarm Systems Installers (SOC 49-2098) as of May 2023, representing a location quotient of 1.41 relative to the national employment concentration.","U.S. Bureau of Labor Statistics, 2023, https://www.bls.gov/oes/current/oes_32820.htm",,,"According to U.S. Census Bureau Building Permits Survey data, total residential permitting in the Memphis, TN-MS-AR MSA reached 4,058 units in 2022 before slowing to 3,066 single-family permitted units in 2023, indicating a pullback in residential construction activity.","U.S. Census Bureau, 2023, https://www.census.gov/construction/bps"
fire-life-safety,Miami,FL,"According to BLS Occupational Employment and Wage Statistics, the Miami-Fort Lauderdale-West Palm Beach, FL metropolitan area employed an estimated 2,710 Security and Fire Alarm Systems Installers (SOC 49-2098) with a location quotient of 0.995 (on par with national average concentration) and an annual mean wage of $52,660.","U.S. Bureau of Labor Statistics, May 2023 Occupational Employment and Wage Statistics (OEWS), https://www.bls.gov/oes/current/oes_33100.htm",,,"In the first half of 2025, authorized residential building permits in Southeast Florida grew 14% year-over-year (contrasting with a 2% national decline), led by Miami-Dade County where authorized housing units rose 19% to an annualized rate of 15,414 units. Multifamily projects accounted for 85% of all permitted housing units in Miami-Dade.","U.S. Census Bureau Building Permits Survey (analyzed by MIAMI REALTORS®), 2025, https://www.miamirealtors.com/2025/08/13/southeast-florida-housing-permits-up-14-in-the-first-half-of-2025-bucking-national-decline-of-2"
fire-life-safety,Milwaukee,WI,"According to the U.S. Bureau of Labor Statistics, the Milwaukee-Waukesha-West Allis, WI metropolitan statistical area employed 390 Security and Fire Alarm Systems Installers (SOC 49-2098) as of May 2023, representing a location quotient of 0.86 relative to national occupational concentration.","U.S. Bureau of Labor Statistics (BLS), 2024, https://www.bls.gov/oes/current/oes_35380.htm",,,"Single-family building permitting in the Milwaukee-Waukesha-West Allis metropolitan area increased year-over-year as of the 12 months ending August 2025, while multi-family construction activity and regional housing markets maintained balanced to slightly tight conditions.","U.S. Department of Housing and Urban Development (HUD) Office of Policy Development and Research (PD&R), 2026"
fire-life-safety,Minneapolis-St. Paul,MN,"According to May 2023 BLS Occupational Employment and Wage Statistics data, the Minneapolis-St. Paul-Bloomington, MN-WI metropolitan statistical area employed 670 Security and Fire Alarm Systems Installers (SOC 49-2098), representing 0.35 jobs per 1,000 total jobs in the region and a location quotient of 0.64 relative to the national average.","U.S. Bureau of Labor Statistics Occupational Employment and Wage Statistics, 2023, https://www.bls.gov/oes/current/oes492098.htm",,,"Residential building permit volume in the Minneapolis-St. Paul metro area has experienced a downward trend in recent years, declining from 15,596 housing units permitted in 2023 to 12,339 units in 2024 and 12,161 units in 2025.","Federal Reserve Bank of Minneapolis (U.S. Census Bureau Building Permits Survey), 2026, https://www.minneapolisfed.org"
fire-life-safety,Nashville,TN,"The U.S. Bureau of Labor Statistics reported 620 employed Security and Fire Alarm Systems Installers (SOC 49-2098) in the Nashville-Davidson--Murfreesboro--Franklin, TN MSA, representing a location quotient of 1.05 relative to national employment density.","U.S. Bureau of Labor Statistics, May 2023 OEWS Metropolitan and Nonmetropolitan Area Occupational Employment and Wage Estimates, 2023, https://www.bls.gov/oes/current/oes_34980.htm",,,"According to the U.S. Census Bureau 2024 Building Permits Survey, housing unit authorizations in Nashville-Davidson totaled 6,799 units in 2024, down from 11,158 units in 2023 (a decrease of 4,359 units). Across the broader 14-county metro area, trailing permit activity reached 17,930 units (8.77 permits per 1,000 residents, nearly triple the U.S. metro average), including 5,787 multi-family units in 5+ unit structures.","U.S. Census Bureau, 2024 Annual Building Permits Survey, 2024, https://www.census.gov/construction/bps"
fire-life-safety,New Orleans,LA,"According to occupational data for the New Orleans-Metairie, LA MSA, there were 400 Security and Fire Alarm Systems Installers (SOC 49-2098) employed in the metropolitan area as of May 2023, with a location quotient of 1.40 relative to the national concentration.","U.S. Bureau of Labor Statistics, Occupational Employment and Wage Statistics 2023, https://www.bls.gov/oes/current/oes_35380.htm",,,"Construction permitting in the New Orleans-Metairie MSA has experienced a steep downward trend in recent years, with total housing permits declining by 68.4% (from 376 down to 119 units) in monthly tracking, single-family unit permits dropping by 75%, and annual multifamily permits declining by 47.3%.","U.S. Census Bureau, Building Permits Survey 2025, https://www.census.gov/construction/bps/index.html"
fire-life-safety,New York,NY,"In the New York-Newark-Jersey City, NY-NJ-PA metropolitan statistical area, employment for core fire and life safety occupations includes 4,660 Security and Fire Alarm Systems Installers (SOC 49-2098) and 23,600 Plumbers, Pipefitters, and Steamfitters (SOC 47-2152, which includes sprinkler fitters).","U.S. Bureau of Labor Statistics, 2023, https://www.bls.gov/oes/current/oes_35620.htm",,,"Residential building permits in the New York-Newark-Jersey City, NY-NJ-PA metro area totaled 53,708 authorized housing units in 2023 before rebounding to over 58,000 units in 2024, with multi-family housing permits surging 51% year-over-year in top metro areas.","U.S. Census Bureau, 2024, https://www.census.gov/construction/bps"
fire-life-safety,Oklahoma City,OK,"According to the U.S. Bureau of Labor Statistics Occupational Employment and Wage Statistics, the Oklahoma City, OK Metropolitan Statistical Area employed approximately 1,190 Security and Fire Alarm Systems Installers (SOC 49-2098) as of May 2024, representing a concentration of 1.7 workers per 1,000 total jobs in the metro area.","U.S. Bureau of Labor Statistics, 2025, https://www.bls.gov/oes/current/oes_36420.htm",,,"Total new private housing units authorized by building permits in the Oklahoma City, OK MSA reached 13,242 units in 2024, representing a modest 2.2% growth over the 12,957 units authorized in 2023.","U.S. Census Bureau via FRED (Federal Reserve Bank of St. Louis), 2025, https://fred.stlouisfed.org/series/OKLA440BPPRIV"
fire-life-safety,Orlando,FL,"According to the U.S. Bureau of Labor Statistics OEWS data, there were 1,230 Security and Fire Alarm Systems Installers (SOC 49-2098) employed in the Orlando-Kissimmee-Sanford, FL MSA, with a location quotient of 1.63 relative to the national average, indicating a higher-than-average concentration of fire and life safety installers in the region.","U.S. Bureau of Labor Statistics (BLS), Occupational Employment and Wage Statistics (OEWS), May 2023 (published 2024), https://www.bls.gov/oes/current/oes_36740.htm",,,"Residential building permit and construction activity in the Orlando-Kissimmee-Sanford MSA has cooled from post-pandemic peaks, with 9,200 single-family sales homes and 17,750 rental units under construction as of mid-2024 to meet multi-year housing demand, accompanied by a slowdown in multi-family (5+ unit) permitting volume.","U.S. Department of Housing and Urban Development (HUD), Office of Policy Development and Research, Comprehensive Housing Market Analysis: Orlando-Kissimmee-Sanford, Florida, 2024, https://www.huduser.gov/portal/ushmc/chma_archive.html"
fire-life-safety,Philadelphia,PA,"As of May 2023, the Philadelphia-Camden-Wilmington, PA-NJ-DE-MD metropolitan area employed 1,310 Security and Fire Alarm Systems Installers (SOC 49-2098) and 7,020 Plumbers, Pipefitters, and Steamfitters (SOC 47-2152, which includes sprinkler fitters).","U.S. Bureau of Labor Statistics, May 2023 Occupational Employment and Wage Statistics, 2024, https://www.bls.gov/oes/current/oes_37980.htm",,,"New housing construction permit volume in the Philadelphia-Camden-Wilmington metro peaked around 2021-2022 and subsequently entered a steep multi-year decline through 2023-2024, driven primarily by a pullback in multi-family housing permits.","U.S. Department of Housing and Urban Development (HUD), Comprehensive Housing Market Analysis: Philadelphia, Pennsylvania, 2024, https://www.huduser.gov/portal/ushmc/chma_archive.html"
fire-life-safety,Phoenix,AZ,"According to the Bureau of Labor Statistics, the Phoenix-Mesa-Chandler, AZ metropolitan statistical area employed 9,990 Plumbers, Pipefitters, and Steamfitters (SOC 47-2152, which encompasses fire sprinkler system installers) as of May 2024, reflecting a substantial concentration of specialized trade labor in the metro.","U.S. Bureau of Labor Statistics, Occupational Employment and Wage Statistics (OEWS), 2024, https://www.bls.gov/oes",40000,"Willing Service Corporation, 2023, https://willingservice.com","Building permit volume in the Phoenix-Mesa-Chandler MSA authorized 45,616 residential housing units in 2023, ranking 4th nationwide. Recent construction activity shows a modest year-over-year cooling of approximately 15% from post-pandemic peaks, while retaining high overall permitting velocity compared to historical averages.","U.S. Census Bureau, Annual Building Permits Survey, 2024, https://www.census.gov/construction/bps"
fire-life-safety,Pittsburgh,PA,"In the Pittsburgh, PA MSA, the trade workforce includes 760 Security and Fire Alarm Systems Installers (SOC 49-2098) with a location quotient of 1.29 relative to the national average, alongside 3,990 Electricians (SOC 47-2111).","U.S. Bureau of Labor Statistics, OEWS May 2023, https://www.bls.gov/oes/current/oes_38300.htm",,,"Residential building permit volume in the Greater Pittsburgh region has trended upward, authorizing an estimated 5,946 housing units in 2025, up 9.9% from 5,412 units in 2024 and significantly above the 2019 pre-pandemic level of 3,984 units.","U.S. Census Bureau Building Permits Survey, 2026"
fire-life-safety,Portland,OR,"In the Portland-Vancouver-Hillsboro, OR-WA metropolitan statistical area, BLS OEWS reports 6,770 electricians (SOC 47-2111) who perform fire alarm and low-voltage safety installations, representing a worker density of 5.614 per 1,000 jobs and a location quotient of 1.20.","U.S. Bureau of Labor Statistics (BLS), 2023, https://www.bls.gov/oes/current/oes_38900.htm",770,"Angi, 2026, https://www.angi.com","Single-family residential construction permitting in the Oregon portion of the Portland metropolitan area increased 5% year-over-year in Q1 2025 (1,669 units permitted), despite a broader regional slowdown in multi-family housing unit permits during 2023 and 2024.","U.S. Department of Housing and Urban Development (HUD) PD&R, 2025"
fire-life-safety,Providence,RI,"According to the U.S. Bureau of Labor Statistics May 2023 Occupational Employment and Wage Statistics (OEWS) data, there were approximately 300 Security and Fire Alarm Systems Installers (SOC 49-2098) employed in the Providence-Warwick, RI-MA Metropolitan Statistical Area, representing a location quotient of 0.97 relative to national concentration.","U.S. Bureau of Labor Statistics, May 2023 Occupational Employment and Wage Statistics (Providence-Warwick, RI-MA MSA), 2024, https://www.bls.gov/oes/current/oes_39300.htm",,,"According to U.S. Census Bureau Building Permits Survey data reported by HUD User, residential permitting in the Providence metropolitan area gained momentum in late 2024, recording a 150-unit increase in multi-family permits and a 60-home increase in single-family permits in Q4 2024 compared to Q4 2023.","U.S. Department of Housing and Urban Development, Regional Housing Market Conditions: New England Fourth Quarter 2024, 2025"
fire-life-safety,Raleigh,NC,"According to the U.S. Bureau of Labor Statistics (BLS) May 2023 Occupational Employment and Wage Statistics (OEWS), the Raleigh, NC Metropolitan Statistical Area employed 570 Security and Fire Alarm Systems Installers (SOC 49-2098), representing an employment location quotient of 1.48 compared to the national average.","U.S. Bureau of Labor Statistics, 2024, https://www.bls.gov/oes/current/oes_39580.htm",,,"According to the U.S. Census Bureau Building Permits Survey, building permit activity in the Raleigh-Cary, NC MSA showed strong residential permitting volumes, authorizing over 18,000 housing units over trailing 12-month periods (~12.7 permits per 1,000 residents), ranking among the highest per-capita homebuilding permit rates in the nation despite national single-family permitting headwinds.","U.S. Census Bureau, 2026, https://fred.stlouisfed.org/series/RALE537BPPRIV"
fire-life-safety,Richmond,VA,"According to the BLS Occupational Employment and Wage Statistics for the Richmond, VA MSA, specialized trade employment performing fire & life safety work includes 1,940 Plumbers, Pipefitters, and Steamfitters (who install and maintain fire sprinkler systems) as well as dedicated Security and Fire Alarm Systems Installers across the metropolitan area.","U.S. Bureau of Labor Statistics, 2024, https://www.bls.gov/oes/2023/may/oes_40060.htm",,,"According to U.S. Census Bureau Building Permits Survey data reported by Axios Richmond, residential construction permit activity in the Richmond metro area trended downward in 2024, projected at approximately 58 new housing units permitted per 10,000 residents compared to higher levels in 2023.","Axios Richmond / U.S. Census Bureau, 2024, https://www.axios.com/local/richmond/2024/08/12/building-permits-housing-prices-richmond"
fire-life-safety,Riverside-San Bernardino,CA,"According to the U.S. Bureau of Labor Statistics Occupational Employment and Wage Statistics (OEWS), the Riverside-San Bernardino-Ontario, CA MSA employed approximately 890 Security and Fire Alarm Systems Installers (SOC 49-2098) as of May 2023, with an average hourly wage of $30.39 ($63,210 annual mean wage).","U.S. Bureau of Labor Statistics (2024), May 2023 OEWS Metropolitan and Nonmetropolitan Area Occupational Employment and Wage Estimates - Riverside-San Bernardino-Ontario, CA, https://www.bls.gov/oes/current/oes_40140.htm",,,"According to the U.S. Census Bureau Building Permits Survey and HUD Housing Market Data, residential building permit authorizations in the Riverside-San Bernardino-Ontario MSA maintained strong annual volume relative to coastal California, though single-family permitting experienced a year-over-year moderation of approximately 3% to 15% during 2024-2025.","U.S. Census Bureau & HUD USER (2025), Building Permits Survey / Pacific Regional Housing Market Report"
fire-life-safety,Sacramento,CA,,,,,"In the Sacramento metropolitan area, construction activity has seen strong recent multi-family and residential permit volume. According to U.S. Census Bureau Building Permits Survey data published in 2024, Sacramento County total multi-family building permit valuation grew from $323.5 million in 2021 to $413.4 million in 2022, while new single-family permit valuation reached $1.183 billion in 2022. Regional market data from Transwestern shows that 4,032 multi-family units were delivered across the Sacramento-Roseville-Arden-Arcade MSA in the year ending Q2 2024, with 3,059 units actively under construction in 2024.","Los Rios Community College District / U.S. Census Bureau Building Permits Survey, 2024, https://www.losrios.edu"
fire-life-safety,Salt Lake City,UT,"According to the U.S. Bureau of Labor Statistics, there were 450 Security and Fire Alarm Systems Installers (SOC 49-2098) employed in the Salt Lake City, UT Metropolitan Statistical Area, earning an annual mean wage of $54,790.","U.S. Bureau of Labor Statistics, 2023, https://www.bls.gov/oes/2023/may/oes_41620.htm",,,"Residential permitting activity in Utah experienced a multi-year decline through 2024 as apartment developments slowed amid high interest rates, followed by a rebound in multi-family permitting in 2025 according to state construction tracking data.","Kem C. Gardner Policy Institute, University of Utah, 2025, https://gardner.utah.edu"
fire-life-safety,San Antonio,TX,"According to the U.S. Bureau of Labor Statistics Occupational Employment and Wage Statistics, the San Antonio-New Braunfels, TX MSA employed 780 Security and Fire Alarm Systems Installers (SOC 49-2098), representing a location quotient of 2.52, indicating a concentration of trade workers more than double the national average.","U.S. Bureau of Labor Statistics, 2023, https://www.bls.gov/oes/2022/may/oes_41700.htm",,,"According to the U.S. Census Bureau Building Permits Survey, residential construction activity in the San Antonio-New Braunfels, TX MSA authorized 14,857 total housing units in 2024 (13.6 units authorized per 1,000 existing homes), following a pullback in city-level authorizations from 14,182 units in 2022 down to 9,159 units in 2023.","U.S. Census Bureau, 2025, https://www.census.gov/construction/bps"
fire-life-safety,San Diego,CA,"According to the U.S. Census Bureau County Business Patterns (CBP) 2021 data published by SANDAG, there were 835 electrical contracting establishments (NAICS 238210, which includes fire alarm contractors) in the San Diego-Chula Vista-Carlsbad MSA. Furthermore, U.S. Bureau of Labor Statistics (BLS) OEWS May 2024 data reports 5,530 plumbers, pipefitters, and steamfitters (SOC 47-2152, fire sprinkler trade) and 7,330 electricians (SOC 47-2111) employed in the metropolitan area.",San Diego Association of Governments (SANDAG) FFY 2025-2027 DBE Goal Methodology (2024),,,"According to HUD's Comprehensive Housing Market Analysis for the San Diego-Chula Vista-Carlsbad MSA, residential permitting activity experienced a downward trend in multi-family projects, with multi-family permits declining 34% year-over-year to 2,025 units for the three months ending October 2025, while single-family permits rose slightly by 2% to 910 units over the same period.","U.S. Department of Housing and Urban Development (HUD) Comprehensive Housing Market Analysis: San Diego-Chula Vista-Carlsbad, CA (2026), https://www.huduser.gov/portal/ushmc/chma_archive.html"
fire-life-safety,San Francisco,CA,"In the San Francisco-Oakland-Berkeley metropolitan area, Security and Fire Alarm Systems Installers represent approximately 0.063% of total occupational employment according to U.S. Bureau of Labor Statistics metro data.","U.S. Bureau of Labor Statistics OEWS via Town of San Anselmo Study, 2023, https://www.sananselmo.gov",,,"Residential permitting activity in the San Francisco-Oakland-Berkeley MSA declined in 2022, dropping 18.8% year-over-year to 11,048 authorized new residential building permits valued at $3.0 billion (a 20.8% decrease in total permit valuation from 2021).",
fire-life-safety,San Jose,CA,"According to the U.S. Bureau of Labor Statistics May 2023 Occupational Employment and Wage Statistics (OEWS) report, there were 530 Security and Fire Alarm Systems Installers (SOC 49-2098) employed in the San Jose-Sunnyvale-Santa Clara, CA metropolitan statistical area, earning a mean hourly wage of $41.40 and an annual mean wage of $86,120.","U.S. Bureau of Labor Statistics, May 2023 OEWS Metropolitan Area Estimates (2024), https://www.bls.gov/oes/current/oes_41940.htm",,,"Residential building permit activity in the San Jose-Sunnyvale-Santa Clara metropolitan area fell significantly by 68% between July 2020 and July 2025, dropping from 1,949 total permitted units to 623 units. This contraction was driven primarily by a 74% decline in multi-family (5+ unit) housing permits, which dropped from 1,697 units to 449 units over the same period.",U.S. Census Bureau Building Permits Survey / San José Spotlight (2025)
fire-life-safety,Seattle,WA,"According to the U.S. Bureau of Labor Statistics, the Seattle-Tacoma-Bellevue, WA MSA employed 5,860 Plumbers, Pipefitters, and Steamfitters (SOC 47-2152, which includes sprinkler fitters) in May 2023, representing an employment concentration of 2.82 per 1,000 jobs (location quotient of 0.98) with an annual mean wage of $90,510.","U.S. Bureau of Labor Statistics, May 2023 Occupational Employment and Wage Statistics, 2024, https://www.bls.gov/oes/current/oes472152.htm",,,"Residential construction permitting in the Seattle-Tacoma-Bellevue, WA MSA experienced a significant multi-year decline following peak activity in 2021. According to Census Building Permits Survey data, total permitted units fell 12.8% in 2022 to 26,820 units ($5.7 billion total valuation), and dropped a further 35.4% in 2023 to 17,223 units. In 2024, multifamily permitting in the metro continued its downward trajectory, declining 36.1% year-over-year to 9,880 units.","U.S. Census Bureau, Building Permits Survey (via Housing Affordability Institute and Realtor.com Research), 2024, https://housingaffordabilityinstitute.org/wp-content/uploads/2024/09/United-States-of-Housing-2024.pdf"
fire-life-safety,St. Louis,MO,"According to BLS Occupational Employment and Wage Statistics (OEWS) data for the St. Louis, MO-IL Metropolitan Statistical Area, the trade workforce includes 520 Security and Fire Alarm Systems Installers (SOC 49-2098) earning a mean annual wage of $58,840, 110 Fire Inspectors and Investigators (SOC 33-2021) earning a mean annual wage of $100,820, and 3,810 Plumbers, Pipefitters, and Steamfitters (SOC 47-2152, which includes fire sprinkler installers).","U.S. Bureau of Labor Statistics, May 2023 OEWS Metropolitan and Nonmetropolitan Area Occupational Employment and Wage Estimates - St. Louis, MO-IL, 2024, https://www.bls.gov/oes/current/oes_41180.htm",,,"Residential construction permitting in the St. Louis MSA experienced a downward trend in 2025: single-family permits dropped 10% year-over-year to 4,175 units (down from 4,650 units in 2024), while multifamily unit permits fell 19% to 1,650 units (down from 2,050 units in 2024), positioning overall residential permitting below 2015-2020 annual averages.","U.S. Department of Housing and Urban Development (HUD User), Housing Market Profiles: St. Louis, Missouri-Illinois, 2026"
fire-life-safety,Tampa,FL,"In the Tampa-St. Petersburg-Clearwater, FL MSA, trade workforce estimates for fire and life safety installation and maintenance include 1,420 Plumbers, Pipefitters, and Steamfitters (SOC 47-2152, covering fire sprinkler fitters) with a location quotient of 1.53, alongside 7,110 Electricians (SOC 47-2111, covering fire alarm technicians).","U.S. Bureau of Labor Statistics Occupational Employment and Wage Statistics (OEWS), 2023, https://www.bls.gov/oes/current/oes_45300.htm",981,"Angi, 2026, https://www.angi.com","New residential building permit activity in the Tampa-St. Petersburg-Clearwater MSA showed positive momentum, increasing approximately 9% year-over-year from 20,950 permitted housing units in 2024 to 22,819 units in 2025.","U.S. Census Bureau Building Permits Survey, 2025, https://www.census.gov/construction/bps"
fire-life-safety,Virginia Beach,VA,"According to the U.S. Bureau of Labor Statistics Occupational Employment and Wage Statistics (OEWS) May 2023 estimates, there were 290 Security and Fire Alarm Systems Installers (SOC 49-2098) employed across the Virginia Beach-Norfolk-Newport News, VA-NC metropolitan statistical area.","U.S. Bureau of Labor Statistics (BLS), 2023 OEWS Metropolitan and Nonmetropolitan Area Occupational Employment and Wage Estimates, 2024, https://www.bls.gov/oes/current/oes_47260.htm",,,"According to HUD's Comprehensive Housing Market Analysis as of November 2024, construction activity across the Virginia Beach-Norfolk-Newport News metropolitan area remains steady, with 3-year projected demand for 11,000 new single-family sales homes (1,900 under construction) and 6,175 rental units (1,800 under construction), supported by 2.0% nonfarm job growth (16,100 jobs added) over the 12 months ending October 2024.","U.S. Department of Housing and Urban Development (HUD) Office of Policy Development and Research, Comprehensive Housing Market Analysis: Virginia Beach-Norfolk-Newport News, Virginia-North Carolina, 2024, https://www.huduser.gov/portal/ushmc/chma_archive.html"
fire-life-safety,Washington DC,DC,"According to the U.S. Bureau of Labor Statistics May 2023 OEWS data, the Washington-Arlington-Alexandria, DC-VA-MD-WV metropolitan statistical area employed 2,050 Security and Fire Alarm Systems Installers (SOC 49-2098) with an employment location quotient of 1.21, indicating a higher density of fire and life safety installers compared to the national average.","U.S. Bureau of Labor Statistics, 2023 Occupational Employment and Wage Statistics, https://www.bls.gov/oes/current/oes_47900.htm",,,"New residential building permits in the Washington-Arlington-Alexandria, DC-VA-MD-WV metro area expanded by 17.8% in 2022 to 32,296 authorized housing units ($6.0 billion in total valuation) before experiencing a year-over-year contraction of approximately 40% in 2023 down to 11,086 units amid elevated interest rates and rising building costs.","U.S. Census Bureau, Building Permits Survey (2022-2023), https://www.census.gov/construction/bps"
low-voltage-security,Atlanta,GA,"According to the U.S. Bureau of Labor Statistics (BLS) Occupational Employment and Wage Statistics (OEWS), the Atlanta-Sandy Springs-Roswell, GA MSA employed approximately 1,630 Security and Fire Alarm Systems Installers (SOC 49-2098) with a location quotient of 1.05 relative to the national concentration and an annual mean wage of $47,930.","U.S. Bureau of Labor Statistics (BLS) Occupational Employment and Wage Statistics (OEWS), 2023, https://www.bls.gov/oes/current/oes492098.htm",,,"According to U.S. Census Bureau Building Permits Survey data, total new private residential units permitted in the Atlanta-Sandy Springs-Roswell, GA MSA fell to 33,401 units in 2024, down 18% from 40,687 units in 2023, reflecting a cooling trend from the 2022 post-pandemic permitting peak.","U.S. Census Bureau Building Permits Survey, 2025, https://www.census.gov/construction/bps"
low-voltage-security,Austin,TX,"As of May 2023, the Austin-Round Rock MSA employed approximately 740 Security and Fire Alarm Systems Installers (SOC 49-2098) with a location quotient of 1.09 (9% above national employment concentration) and a mean annual wage of $55,110 ($26.50 per hour).","U.S. Bureau of Labor Statistics (BLS), Occupational Employment and Wage Statistics (OEWS), May 2023 (released April 2024), https://www.bls.gov/oes/current/oes_12420.htm",,,"Residential building permit volume in the Austin-Round Rock MSA pulled back after peak pandemic-era expansion, decreasing 17% from 32,294 permitted units in 2024 down to 26,964 units in 2025 as elevated construction costs and interest rates slowed new residential starts.","U.S. Census Bureau, Building Permits Survey (BPS), 2025, https://www.census.gov/construction/bps/index.html"
low-voltage-security,Baltimore,MD,"According to the U.S. Bureau of Labor Statistics (BLS) Occupational Employment and Wage Statistics (OEWS), the Baltimore-Columbia-Towson, MD MSA employed 1,270 Security and Fire Alarm Systems Installers (SOC 49-2098) as of May 2023, representing an employment density of 0.97 per 1,000 jobs and a location quotient of 1.77.","U.S. Bureau of Labor Statistics, 2023, https://www.bls.gov/oes/current/oes492098.htm",1129,"Angi, 2026, https://www.angi.com","Residential building permit volume in the Baltimore-Columbia-Towson, MD MSA experienced a strong rebound, reaching 5,514 authorized private housing units over the trailing 12 months, representing a year-over-year increase of +24.2%.","U.S. Census Bureau, Building Permits Survey (retrieved via FRED, Federal Reserve Bank of St. Louis), 2026, https://fred.stlouisfed.org/series/BALT524BPPRIVSA"
low-voltage-security,Birmingham,AL,"In the Birmingham-Hoover, AL MSA, there were 430 Security and Fire Alarm Systems Installers (SOC 49-2098) employed, representing a location quotient of 1.55 (55% higher worker concentration than the national average) and 0.853 installers per 1,000 jobs, with a mean hourly wage of $27.15 ($53,870 annually).","U.S. Bureau of Labor Statistics, May 2023 OEWS Metropolitan and Nonmetropolitan Area Occupational Employment and Wage Estimates, https://www.bls.gov/oes/current/oes_13820.htm",,,"Residential building permit volume in the Birmingham-Hoover, AL metro area experienced a strong recent acceleration, reaching 4,384 total permits over a trailing 12-month period (a 59.7% year-over-year increase, representing 3.71 permits per 1,000 residents), with development heavily concentrated in Jefferson County (2,398 permits) and Shelby County (1,336 permits).","U.S. Census Bureau Building Permits Survey / HUD SOCDS, 2024, https://socds.huduser.gov/permits"
low-voltage-security,Boston,MA,"According to the U.S. Bureau of Labor Statistics OEWS survey, the Boston-Cambridge-Nashua, MA-NH metropolitan area employed 1,840 Security and Fire Alarm Systems Installers (SOC 49-2098) as of May 2023, representing a density of 0.668 workers per 1,000 total jobs and a location quotient of 1.21 relative to national averages.","U.S. Bureau of Labor Statistics, May 2023 Metropolitan and Nonmetropolitan Area Occupational Employment and Wage Estimates (2024), https://www.bls.gov/oes/current/oes_14460.htm",,,"According to HUD and Census Bureau Building Permits Survey data, residential permitting in the Boston-Cambridge-Newton MSA slowed following post-pandemic peak levels, declining 12.1% in 2022 to 14,593 authorized units, with multi-family developments representing over 66% of total authorized new housing units.","U.S. Department of Housing and Urban Development (HUD), Boston, Massachusetts Comprehensive Housing Market Analysis (2024), https://www.huduser.gov/portal/ushmc/chma_archive.html"
low-voltage-security,Buffalo,NY,"In the Buffalo-Cheektowaga-Niagara Falls, NY MSA, there were approximately 270 Security and Fire Alarm Systems Installers (SOC 49-2098) employed as of May 2023, with an annual mean wage of $55,650 and a location quotient of 0.95 relative to the national average.","U.S. Bureau of Labor Statistics (BLS) Occupational Employment and Wage Statistics (OEWS), 2023, https://www.bls.gov/oes/current/oes_15380.htm",,,"Residential building permit activity in the Buffalo-Cheektowaga-Niagara Falls, NY MSA fluctuated in recent years, falling from 3,197 total permitted units in 2022 to 2,101 units in 2023, before rebounding to 2,659 units authorized during the 12 months ending July 2024.","U.S. Department of Housing and Urban Development (HUD) / U.S. Census Bureau Building Permits Survey, 2024, https://www.huduser.gov"
low-voltage-security,Charlotte,NC,"As of May 2023, the Charlotte-Concord-Gastonia, NC-SC MSA employed 1,220 Security and Fire Alarm Systems Installers (SOC 49-2098), representing an employment density of 0.929 per 1,000 jobs and a location quotient of 1.69 relative to national averages.","U.S. Bureau of Labor Statistics, May 2023 OEWS Estimates - Charlotte-Concord-Gastonia, NC-SC, 2024, https://www.bls.gov/oes/2023/may/oes_16820.htm",,,"In the Charlotte MSA, single-family residential building permits held relatively steady in 2023 at 19,150 units (down less than 1% from 19,250 units in 2022), while multifamily rental building permits decreased 36% to 12,950 units in 2023 as developers responded to rising vacancy and interest rates.","U.S. Department of Housing and Urban Development (HUD User / PD&R), Housing Market Profile: Charlotte, North Carolina-South Carolina, 2024"
low-voltage-security,Chicago,IL,"In the Chicago-Naperville-Elgin, IL-IN-WI metropolitan statistical area, there were 1,760 employed Security and Fire Alarm Systems Installers (SOC 49-2098) as of May 2023, representing 0.391 jobs per 1,000 total jobs in the region (location quotient of 0.71) with an annual mean wage of $65,600.","U.S. Bureau of Labor Statistics, Occupational Employment and Wage Statistics (OEWS), 2023, https://www.bls.gov/oes/current/oes492098.htm",,,"According to the U.S. Census Bureau Building Permits Survey, total authorized residential housing units in the Chicago-Naperville-Elgin MSA reached 17,360 in 2022 (a 6.2% decline from 2021). In Cook County, annual housing units authorized by building permits dropped from 8,326 in 2022 to 4,854 in 2023, before rebounding to 6,507 in 2024.","U.S. Census Bureau Building Permits Survey (retrieved via FRED, Federal Reserve Bank of St. Louis), 2024, https://fred.stlouisfed.org/series/BPPRIV017031"
low-voltage-security,Cincinnati,OH,"According to the U.S. Bureau of Labor Statistics May 2023 Occupational Employment and Wage Statistics (OEWS), the Cincinnati, OH-KY-IN Metropolitan Statistical Area employed 470 Security and Fire Alarm Systems Installers (SOC 49-2098), representing a location quotient of 0.78 relative to national concentration.","U.S. Bureau of Labor Statistics, 2024, https://www.bls.gov/oes/current/oes17140.htm",,,"According to U.S. Census Bureau Building Permits Survey data reported via FRED, new private housing structures authorized by permits in the Cincinnati MSA peaked at multi-year highs in 2021 before moderating through 2022-2024, with overall construction activity shifting toward multifamily completions in 2024.","Federal Reserve Bank of St. Louis (FRED) / U.S. Census Bureau, 2024, https://fred.stlouisfed.org/series/CINC139BPPRIVSA"
low-voltage-security,Cleveland,OH,"In the Cleveland-Elyria, OH MSA, there were 350 employed Security and Fire Alarm Systems Installers (SOC 49-2098) as of May 2023, earning an annual mean wage of $55,320 ($28.71 hourly mean wage).","U.S. Bureau of Labor Statistics (BLS), Occupational Employment and Wage Statistics (OEWS), 2024, https://www.bls.gov/oes/current/oes_17460.htm",,,"In the Cleveland-Elyria, OH MSA, total new private housing structures authorized by building permits rebounded to approximately 4,175 units over trailing 12-month tracking (+28.6% year-over-year growth), following prior multi-year moderation in local residential permitting.","U.S. Census Bureau, New Private Housing Structures Authorized by Building Permits for Cleveland-Elyria, OH (MSA) [CLEV439BPPRIVSA], retrieved from FRED, Federal Reserve Bank of St. Louis, 2024, https://fred.stlouisfed.org/series/CLEV439BPPRIVSA"
low-voltage-security,Columbus,OH,"According to the Bureau of Labor Statistics, the Columbus, OH metropolitan area employed 370 Security and Fire Alarm Systems Installers (SOC 49-2098) as of May 2023, representing an occupational density of 0.343 workers per 1,000 total jobs in the metro area.","U.S. Bureau of Labor Statistics, May 2023 OEWS Metropolitan and Nonmetropolitan Area Occupational Employment and Wage Estimates (Columbus, OH), 2024, https://www.bls.gov/oes/current/oes_18140.htm",,,"Building permit activity in the Columbus MSA surged 63.7% year-over-year, reaching 13,709 permitted housing units over a trailing 12-month period and hitting a 7-year high in multifamily permit density of 4.3 units per 1,000 residents.","U.S. Census Bureau, Building Permits Survey (retrieved via FRED, Federal Reserve Bank of St. Louis), 2026, https://fred.stlouisfed.org/series/COLU139BPPRIV"
low-voltage-security,Dallas-Fort Worth,TX,"According to BLS OEWS data, the Dallas-Fort Worth-Arlington, TX MSA employs 3,830 Security and Fire Alarm Systems Installers (SOC 49-2098), representing a high density of 0.97 per 1,000 jobs and a location quotient of 1.76 relative to the national average.","U.S. Bureau of Labor Statistics, 2023, https://www.bls.gov/oes/current/oes492098.htm",,,"Residential construction in the Dallas-Fort Worth-Arlington MSA maintains a nation-leading pace, authorizing approximately 64,705 new private housing units annually in recent trailing-12-month data (comprising roughly 38,447 single-family units and 24,143 multi-family units).","U.S. Census Bureau Building Permits Survey, 2025, https://fred.stlouisfed.org/series/DALL148BPPRIVSA"
low-voltage-security,Denver,CO,"In the Denver-Aurora-Lakewood, CO metropolitan statistical area, there were 1,310 employed Security and Fire Alarm Systems Installers (SOC 49-2098) as of May 2023, representing an employment density of 0.82 per 1,000 jobs and a location quotient of 1.50 compared to the national rate.","U.S. Bureau of Labor Statistics, May 2023 OEWS Metropolitan and Nonmetropolitan Area Occupational Employment and Wage Estimates (2024), https://www.bls.gov/oes/current/oes_19740.htm",,,"Residential building permit volume across the Denver metro area reached 16,615 total units authorized in 2024 (52.6% single-family and 47.4% multi-family), continuing a multi-year trend of constrained permitting that falls well short of estimated regional demand.","Common Sense Institute, Colorado Housing Deficit and Permitting Analysis (2025), https://commonsenseinstituteus.org"
low-voltage-security,Detroit,MI,"According to the U.S. Bureau of Labor Statistics, the Detroit-Warren-Dearborn, MI metropolitan statistical area employed 450 Security and Fire Alarm Systems Installers (SOC 49-2098) as of May 2023, with an annual mean wage of $54,770 ($26.33 hourly mean wage).","U.S. Bureau of Labor Statistics, Occupational Employment and Wage Statistics (OEWS), May 2023, https://www.bls.gov/oes/current/oes_19820.htm",,,"According to data from the U.S. Census Bureau Building Permits Survey, building permit activity in the Detroit-Warren-Dearborn, MI MSA experienced a downward trend in recent years, reaching 4,541 total housing permits issued in 2023, the lowest annual level since 2012, driven by elevated interest rates and high material and labor costs.","U.S. Census Bureau, Building Permits Survey, 2023, https://www.census.gov/construction/bps/index.html"
low-voltage-security,Hartford,CT,"According to the Bureau of Labor Statistics, the Hartford-West Hartford-East Hartford, CT MSA employs an estimated 200 Security and Fire Alarm Systems Installers (SOC 49-2098) with a mean annual wage of $61,400.","U.S. Bureau of Labor Statistics (BLS), Occupational Employment and Wage Statistics, 2023, https://www.bls.gov/oes/current/oes_25540.htm",,,"Residential building permit activity in the Hartford-West Hartford-East Hartford, CT MSA reached 1,270 authorized housing units over the trailing 12 months through May 2026, with monthly authorizations up 79.1% year-over-year.","U.S. Census Bureau, Building Permits Survey, 2026, https://www.census.gov/construction/bps"
low-voltage-security,Houston,TX,"In the Houston-The Woodlands-Sugar Land, TX MSA, the U.S. Bureau of Labor Statistics reported 2,140 Security and Fire Alarm Systems Installers (SOC 49-2098) employed in May 2023, representing a density of 0.67 workers per 1,000 jobs and a location quotient of 1.23.","U.S. Bureau of Labor Statistics (BLS) Occupational Employment and Wage Statistics (OEWS), 2023, https://www.bls.gov/oes/current/oes492098.htm",,,"Residential building permit activity in the Houston-The Woodlands-Sugar Land MSA moderated to 68,755 units in 2023 after reaching a record peak of 75,786 units in 2022 (a 9.3% decline). Single-family permitting rebounded ~9% to 49,150 units in 2023, while multifamily permitted units dropped 35% to 22,200 units.","U.S. Department of Housing and Urban Development (HUD) / U.S. Census Bureau Building Permits Survey, 2024, https://www.huduser.gov/portal/ushmc/chma_archive.html"
low-voltage-security,Indianapolis,IN,"According to occupational employment data for the Indianapolis-Carmel-Anderson, IN MSA, there were 750 employed Security and Fire Alarm Systems Installers (SOC 49-2098) in the metropolitan area, earning an annual mean wage of $52,300 ($25.15 per hour).","U.S. Bureau of Labor Statistics, 2023 Occupational Employment and Wage Statistics (OEWS), https://www.bls.gov/oes/current/oes_26980.htm",,,"Single-family housing permit issuance in the Indianapolis metropolitan area expanded significantly in 2024 (up 20% to 26% year-over-year across Central Indiana), rebounding after declines in 2022 and 2023. Meanwhile, multifamily permitting slowed in 2024 compared to elevated levels of roughly 5,100 units permitted annually during 2022-2023.","U.S. Department of Housing and Urban Development (HUD) Office of Policy Development and Research, 2025 Housing Market Profile: Indianapolis-Carmel-Anderson, Indiana, https://www.huduser.gov"
low-voltage-security,Jacksonville,FL,"As of May 2023, the Jacksonville, FL metropolitan area employed 1,160 Security and Fire Alarm Systems Installers (SOC 49-2098), representing a high location quotient of 2.86 compared to the national average.","U.S. Bureau of Labor Statistics, May 2023 Occupational Employment and Wage Statistics (2024), https://www.bls.gov/oes/current/oes_27260.htm",,,"Total housing units authorized by building permits in the Jacksonville, FL CBSA reached 15,002 in 2024, declining from 20,326 units in 2023. However, single-family residential permits in the core four-county area grew 6.17% from 11,821 in 2023 to 12,551 in 2024.","U.S. Census Bureau, 2024 Annual Building Permits Survey (2025), https://www.census.gov/construction/bps"
low-voltage-security,Kansas City,MO,"In the Kansas City, MO-KS metropolitan statistical area, there were 850 Security and Fire Alarm Systems Installers (SOC 49-2098) employed as of May 2023, with a location quotient of 1.43, indicating a 43% higher concentration of installers relative to the national average.","U.S. Bureau of Labor Statistics, May 2023 OEWS Metropolitan and Nonmetropolitan Area Occupational Employment and Wage Estimates (Kansas City, MO-KS), 2024, https://www.bls.gov/oes/current/oes_28420.htm",,,"Single-family building permits across the 8-county Kansas City metro area totaled 4,388 units in 2025, representing a 3% decline from 4,509 units in 2024. Construction activity rebounded significantly in early 2026, with year-to-date single-family permits through May 2026 reaching 2,358 units, a 32% increase compared to the same period in 2025.","Home Builders Association of Greater Kansas City (KCHBA), Residential Building Permit Statistics Reports, 2026, https://kchba.org"
low-voltage-security,Las Vegas,NV,"As of May 2023, the U.S. Bureau of Labor Statistics Occupational Employment and Wage Statistics (OEWS) estimated 750 Security and Fire Alarm Systems Installers (SOC 49-2098) employed in the Las Vegas-Henderson-Paradise, NV metropolitan statistical area, earning a median hourly wage of $28.81 and an annual mean wage of $59,920.","U.S. Bureau of Labor Statistics, Occupational Employment and Wage Statistics (OEWS), 2023, https://www.bls.gov/oes/current/oes_29820.htm",,,"Annual private housing units authorized by building permits in Clark County (Las Vegas MSA) declined from 16,307 units in 2021 to 13,066 in 2022 (~20% decrease), before rebounding and stabilizing at 13,073 units in 2023, 14,754 units in 2024, and 14,466 units in 2025.","U.S. Census Bureau, Housing Units Authorized by Building Permits (retrieved via Federal Reserve Bank of St. Louis FRED), 2025, https://fred.stlouisfed.org/series/BPPRIV032003"
low-voltage-security,Los Angeles,CA,"According to the U.S. Bureau of Labor Statistics, there were 3,040 Security and Fire Alarm Systems Installers (SOC 49-2098) employed in the Los Angeles-Long Beach-Anaheim, CA metropolitan statistical area, representing a density of 0.49 workers per 1,000 jobs and a location quotient of 0.89.","U.S. Bureau of Labor Statistics, Occupational Employment and Wage Statistics, May 2023, https://www.bls.gov/oes/current/oes492098.htm",,,"According to the U.S. Census Bureau Building Permits Survey, annual new private housing structure permits authorized in the Los Angeles-Long Beach-Anaheim MSA declined moderately from 31,295 in 2022 to 28,735 in 2023 and 27,242 in 2024, reflecting an overall ~13% reduction in multi-year residential permit volume.","U.S. Census Bureau, Building Permits Survey (retrieved via Federal Reserve Bank of St. Louis FRED, 2024), https://fred.stlouisfed.org/series/LOSA106BPPRIVSA"
low-voltage-security,Louisville,KY,"In the Louisville/Jefferson County, KY-IN metropolitan statistical area, the U.S. Bureau of Labor Statistics reports 260 employed Security and Fire Alarm Systems Installers (SOC 49-2098) as of May 2023, representing an employment density of 0.392 per 1,000 jobs in the metro area (location quotient of 0.71).","U.S. Bureau of Labor Statistics (BLS), Occupational Employment and Wage Statistics (OEWS), 2023, https://www.bls.gov/oes/current/oes_31140.htm",,,"Residential building permit activity in the Louisville-Jefferson County, KY-IN MSA totaled 6,731 units in 2023 (3,012 single-family and 3,719 multi-family units). Permitting activity subsequently experienced a pullback into 2024, with multi-family permitting declining year-over-year amidst higher interest rates and elevated building costs.","U.S. Census Bureau, Building Permits Survey / FRED, Federal Reserve Bank of St. Louis, 2024, https://fred.stlouisfed.org/series/LOIBPPRIV"
low-voltage-security,Memphis,TN,"According to the U.S. Bureau of Labor Statistics May 2023 OEWS estimates, there were 490 Security and Fire Alarm Systems Installers (SOC 49-2098) employed in the Memphis, TN-MS-AR metropolitan statistical area, representing an employment concentration (location quotient) of 0.78 relative to the national average.","U.S. Bureau of Labor Statistics (BLS), May 2023 OEWS Metropolitan and Nonmetropolitan Area Occupational Employment and Wage Estimates, 2024, https://www.bls.gov/oes/current/oes_32820.htm",,,"Residential construction and housing permit activity in the Memphis metro area softened, with total home sales declining 14% year-over-year for the 12 months ending May 2024 (down to 22,200 sales) and multifamily permitting down 1.4% year-over-year in 2024 amid weakening rental market demand and net out-migration.","U.S. Department of Housing and Urban Development (HUD), Comprehensive Housing Market Analysis: Memphis, Tennessee-Mississippi-Arkansas, 2024, https://www.huduser.gov/portal/ushmc/chma_archive.html"
low-voltage-security,Miami,FL,"According to the U.S. Bureau of Labor Statistics May 2023 Occupational Employment and Wage Statistics (OEWS) report, the Miami-Fort Lauderdale-West Palm Beach, FL metropolitan statistical area employed 2,710 Security and Fire Alarm Systems Installers (SOC 49-2098), representing a density of 1.00 jobs per 1,000 total jobs in the metro area and a location quotient of 1.81.","U.S. Bureau of Labor Statistics, May 2023 OEWS Metropolitan and Nonmetropolitan Area Occupational Employment and Wage Estimates, 2024, https://www.bls.gov/oes/current/oes_33100.htm",,,"According to U.S. Census Bureau Building Permits Survey data as reported by NAHB, the Miami-Fort Lauderdale-West Palm Beach, FL metro area authorized 15,947 multifamily building permits in 2023 (a 21% year-over-year increase), while overall single-family housing permit volume in Florida saw a 6.9% pull-back.","National Association of Home Builders (NAHB) Eye on Housing, 2024"
low-voltage-security,Milwaukee,WI,"As of May 2023, the U.S. Bureau of Labor Statistics reported 390 Security and Fire Alarm Systems Installers (SOC 49-2098) employed in the Milwaukee-Waukesha-West Allis, WI metropolitan statistical area, representing a location quotient of 0.86 relative to national density.","U.S. Bureau of Labor Statistics (BLS) Occupational Employment and Wage Statistics (OEWS), 2023, https://www.bls.gov/oes/current/oes_33340.htm",,,"In 2023, the Milwaukee MSA issued 2,844 total residential building permits (including 1,678 single-family units). Multi-year permit activity in metro Milwaukee has stagnated compared to pre-pandemic levels, with multi-family authorizations declining relative to 2017-2019 while single-family construction remained roughly flat.","U.S. Census Bureau Building Permits Survey, 2023 / Wisconsin Policy Forum, 2024, https://www.census.gov/construction/bps"
low-voltage-security,Minneapolis-St. Paul,MN,"As of May 2023, the Minneapolis-St. Paul-Bloomington, MN-WI metropolitan statistical area employed 670 Security and Fire Alarm Systems Installers (SOC 49-2098), with a location quotient of 0.64 relative to the national average.","U.S. Bureau of Labor Statistics, Occupational Employment and Wage Statistics (OEWS), 2023, https://www.bls.gov/oes/current/oes492098.htm",1855,"Angi, 2026, https://www.angi.com","Residential building permitting in the Minneapolis-St. Paul-Bloomington, MN-WI metro area saw 13,577 units authorized over the 12-month period ending May 2026, representing a 6.7% decrease compared to the previous 12-month period.","U.S. Census Bureau, Building Permits Survey, 2026, https://www.census.gov/construction/bps"
low-voltage-security,Nashville,TN,"In the Nashville-Davidson--Murfreesboro--Franklin, TN Metropolitan Statistical Area, there are 620 employed Security and Fire Alarm Systems Installers (SOC 49-2098), representing a density of 0.58 installers per 1,000 total jobs in the metro (location quotient of 1.05).","U.S. Bureau of Labor Statistics, May 2023 Occupational Employment and Wage Statistics (OEWS), 2024, https://www.bls.gov/oes/current/oes_34980.htm",5500,"ICTAlly Commercial Low Voltage Project Market Report, 2026","Residential building permit volume in the Nashville metro area expanded rapidly, with 17,930 to 19,029 new private housing units authorized over a trailing 12-month period, representing a 19.0% year-over-year increase and a permitting rate of nearly 9 to 10 units per 1,000 residents.","U.S. Census Bureau, Building Permits Survey (retrieved via Federal Reserve Bank of St. Louis FRED), 2026, https://fred.stlouisfed.org/series/NASH947BPPRIV"
low-voltage-security,New Orleans,LA,"According to BLS OEWS data, the New Orleans-Metairie, LA metropolitan statistical area employed approximately 400 Security and Fire Alarm Systems Installers (SOC 49-2098).","U.S. Bureau of Labor Statistics (BLS), May 2023 Metropolitan and Nonmetropolitan Area Occupational Employment and Wage Estimates: New Orleans-Metairie, LA, 2024, https://www.bls.gov/oes/current/oes_35380.htm",,,"New private housing structures authorized by building permits in the New Orleans-Metairie, LA MSA have maintained low overall volume over recent years, with residential permitting remaining subdued relative to historical peaks and home building intensity recorded at 3.4 authorized units per 1,000 existing homes in 2024.","U.S. Census Bureau, New Private Housing Structures Authorized by Building Permits for New Orleans-Metairie, LA (MSA), retrieved from FRED, Federal Reserve Bank of St. Louis, 2026, https://fred.stlouisfed.org/series/NEWO322BPPRIV"
low-voltage-security,New York,NY,"In the New York-Newark-Jersey City, NY-NJ-PA metropolitan statistical area, there were 4,660 Security and Fire Alarm Systems Installers (SOC 49-2098) employed as of May 2023, representing an employment density of 0.49 per 1,000 jobs and a location quotient of 0.89.","U.S. Bureau of Labor Statistics, 2024, https://www.bls.gov/oes/current/oes_35620.htm",,,"In the New York-Newark-Jersey City MSA, residential permitting declined through 2023 and 2024 following the expiration of the 421-a tax incentive program. However, single-family home permitting rebounded by 11% year-over-year in Q1 2025, and NYC Department of Buildings new building permit filings jumped 43% year-over-year in Q2 2025 following the implementation of the new 485-x tax incentive.","U.S. Department of Housing and Urban Development (HUD User), 2025, https://www.huduser.gov"
low-voltage-security,Oklahoma City,OK,"In the Oklahoma City, OK Metropolitan Statistical Area, there were 400 individuals employed specifically as Security and Fire Alarm Systems Installers (SOC 49-2098) as of May 2023, representing a primary low-voltage and trade workforce count for the metro area.","U.S. Bureau of Labor Statistics, 2023, https://www.bls.gov/oes/current/oes_36420.htm",,,"Building permit activity in the Oklahoma City MSA shows strong upward expansion in residential development, leading major U.S. metros with a 205% increase in multifamily building permits (for the 12 months ending June 2025 compared to pre-boom baselines) while maintaining the highest single-family permit ratio in the nation at 91.0% of total residential building permits issued in 2023.","U.S. Census Bureau / Redfin Analysis, 2025"
low-voltage-security,Orlando,FL,"According to BLS OEWS data for the Orlando-Kissimmee-Sanford, FL MSA, there were 1,230 Security and Fire Alarm Systems Installers (SOC 49-2098) employed in the metropolitan area, representing a location quotient of 1.63 (63% above the national average density for this occupation).","U.S. Bureau of Labor Statistics (BLS), May 2023 OEWS Metropolitan and Nonmetropolitan Area Occupational Employment and Wage Estimates, https://www.bls.gov/oes/current/oes_36740.htm",,,"New residential permit activity in the Orlando-Kissimmee-Sanford MSA declined from a peak of 28,683 authorized units in 2022 to 25,415 units in 2023 (an 11.4% drop). Multifamily permitting continued to moderate through mid-2024, falling 21% year-over-year to 12,000 units for the 12 months ending June 2024 as builders slowed construction to allow completed units to be absorbed.","U.S. Census Bureau Building Permits Survey & HUD PD&R Housing Market Profile: Orlando-Kissimmee-Sanford, FL, 2024, https://www.huduser.gov/portal/ushmc/chma_archive.html"
low-voltage-security,Philadelphia,PA,"As of May 2023, the Philadelphia-Camden-Wilmington, PA-NJ-DE-MD metropolitan statistical area employed 1,310 Security and Fire Alarm Systems Installers (SOC 49-2098), representing an employment density of approximately 0.463 workers per 1,000 jobs.","U.S. Bureau of Labor Statistics, May 2023 Occupational Employment and Wage Statistics, https://www.bls.gov/oes/current/oes492098.htm",,,"In 2024, residential construction permitting in the Philadelphia-Camden-Wilmington MSA experienced a significant drop in authorized multi-family housing units (-49.4% year-over-year) while single-family authorizations remained flat (-0.3%).","U.S. Census Bureau, Annual Building Permits Survey, 2024, https://www.census.gov/construction/bps"
low-voltage-security,Phoenix,AZ,"According to the Bureau of Labor Statistics OEWS (May 2024), the Phoenix-Mesa-Chandler, AZ MSA employed 1,730 Security and Fire Alarm Systems Installers (SOC 49-2098) with a Location Quotient of 3.30, demonstrating a high concentration of low-voltage security installers relative to the national average.","U.S. Bureau of Labor Statistics, Occupational Employment and Wage Statistics (OEWS), 2024, https://www.bls.gov/oes/current/oes_38060.htm",,,"According to HUD's Comprehensive Housing Market Analysis, residential building permit activity in the Phoenix-Mesa-Chandler MSA totaled 51,101 units in 2021, 47,517 units in 2022, 45,791 units in 2023, and 46,566 units in 2024, showing a modest pullback following the 2021 peak before stabilizing near 46,000 units annually.","U.S. Department of Housing and Urban Development, Office of Policy Development and Research, Comprehensive Housing Market Analysis Phoenix-Mesa-Chandler, Arizona, 2025, https://www.huduser.gov/portal/ushmc/chma_archive.html"
low-voltage-security,Pittsburgh,PA,"According to the BLS Occupational Employment and Wage Statistics, the Pittsburgh, PA Metropolitan Statistical Area had 760 Security and Fire Alarm Systems Installers (SOC 49-2098) employed as of May 2023, representing an above-average regional employment concentration with a location quotient of 1.29.","U.S. Bureau of Labor Statistics (BLS) Occupational Employment and Wage Statistics (OEWS), 2023, https://www.bls.gov/oes/current/oes_38300.htm",,,"Residential building permit volume in the Pittsburgh metro area trended downward in recent years, declining by 848 authorized housing units from 2,512 units in 2023 down to 1,664 units in 2024.","U.S. Census Bureau Building Permits Survey, 2024, https://www.census.gov/construction/bps"
low-voltage-security,Portland,OR,"According to the U.S. Bureau of Labor Statistics OEWS data, the Portland-Vancouver-Hillsboro, OR-WA metropolitan statistical area employed 690 Security and Fire Alarm Systems Installers (SOC 49-2098) in May 2023, representing 0.58 jobs per 1,000 total jobs in the metro area (location quotient of 1.05).","U.S. Bureau of Labor Statistics, 2023, https://www.bls.gov/oes/current/oes492098.htm",,,"Residential building permit volume in the Portland-Vancouver-Hillsboro metro area has experienced a significant decline over recent years. According to U.S. Census Bureau Building Permits Survey data, total Oregon housing unit authorizations dropped 33% from a peak of 21,916 units in 2021 to 14,621 units in 2024. Within the Portland metro area, multifamily (5+ units) building permit authorizations dropped 58.5% year-over-year in 2024, alongside a 2.7% decline in single-family permits.","U.S. Census Bureau, Building Permits Survey, 2024, https://www.census.gov/construction/bps"
low-voltage-security,Providence,RI,"According to the U.S. Bureau of Labor Statistics Occupational Employment and Wage Statistics (OEWS), there were approximately 300 Security and Fire Alarm Systems Installers (SOC 49-2098) employed in the Providence-Warwick, RI-MA Metropolitan Statistical Area in May 2023, representing a location quotient of 0.97 relative to the national average.","U.S. Bureau of Labor Statistics (BLS), May 2023 OEWS Metropolitan Area Occupational Employment and Wage Estimates, 2024, https://www.bls.gov/oes/current/oes_39340.htm",,,"Residential building permit activity in the Providence-Warwick, RI-MA MSA remains historically constrained, with 2023 permit volume coming in under 2 authorized units per 1,000 residents, placing it among the lowest per-capita residential permit rates in the nation for metropolitan areas over 1 million population. Statewide, Rhode Island issued permits for only 1,169 new residential units in 2023 (a 0.2% addition to housing stock), shifting low-voltage and trade demand heavily toward retrofits and commercial tenant improvements.","Federal Reserve Bank of St. Louis (analyzing U.S. Census Bureau Building Permits Survey), 2024, and Rhode Island Public Expenditure Council (RIPEC), 2025, https://ripec.org"
low-voltage-security,Raleigh,NC,"In the Raleigh, NC Metropolitan Statistical Area, there are an estimated 570 Security and Fire Alarm Systems Installers (SOC 49-2098) employed, representing a concentration of 0.81 installers per 1,000 jobs and a Location Quotient of 1.48 relative to the national average.","U.S. Bureau of Labor Statistics (BLS) May 2023 Occupational Employment and Wage Statistics (OEWS), 2024, https://www.bls.gov/oes/current/oes_39580.htm",,,"Building permit activity in the Raleigh-Cary, NC metro area has trended upward, accelerating +15.5% year-over-year to 18,396 total authorized units, placing the metro among the top markets nationwide with 12.69 authorized permits per 1,000 residents.","U.S. Census Bureau Building Permits Survey, 2024, https://www.census.gov/construction/bps/index.html"
low-voltage-security,Richmond,VA,"According to the U.S. Bureau of Labor Statistics, there were 480 Security and Fire Alarm Systems Installers (SOC 49-2098) employed in the Richmond, VA MSA as of May 2023, representing a location quotient of 1.36 (36% higher concentration of trade workers than the national average).","U.S. Bureau of Labor Statistics, 2023, https://www.bls.gov/oes/current/oes_40060.htm",,,"Multifamily residential building permits in the Richmond MSA dropped 11% in 2023 to 5,151 permitted units following peak construction levels in 2021-2022, with overall residential permit volume remaining lower in 2024 at approximately 58 permitted units per 10,000 residents.","Virginia REALTORS (U.S. Census Bureau Building Permits Survey Data), 2024, https://virginiarealtors.org/2024/06/24/annual-building-permit-trends-for-multifamily-housing-units"
low-voltage-security,Riverside-San Bernardino,CA,"According to the U.S. Bureau of Labor Statistics, there were 890 Security and Fire Alarm Systems Installers (SOC 49-2098) employed in the Riverside-San Bernardino-Ontario, CA MSA as of May 2023, representing a location quotient of 0.98 relative to the national average and an annual mean wage of $63,210 ($29.45 per hour).","U.S. Bureau of Labor Statistics, Occupational Employment and Wage Statistics (OEWS), May 2023, https://www.bls.gov/oes/2023/may/oes_40140.htm",,,"According to U.S. Census Bureau Building Permits Survey data, the Riverside-San Bernardino-Ontario MSA authorized 16,320 total new residential building permits in 2022 (a 4.6% increase from 2021) with a total permit valuation of $3.9 billion (+4.5%). Cumulative permitting from 2021 through 2023 reached 18,608 residential units (11,168 single-family and 7,440 multi-family), maintaining strong long-term construction activity despite moderating pace in late 2023 due to elevated interest rates.","U.S. Census Bureau, Building Permits Survey, 2023, https://www.census.gov/construction/bps"
low-voltage-security,Sacramento,CA,"In the Sacramento-Roseville-Folsom, CA MSA, the low-voltage and security system trade employs approximately 660 Security and Fire Alarm Systems Installers (SOC 49-2098) as of May 2024, with a location quotient of 2.54, indicating a significantly higher per-capita concentration of low-voltage and security technicians than the national baseline.","U.S. Bureau of Labor Statistics, Occupational Employment and Wage Statistics (OEWS), May 2024, https://www.bls.gov/oes/current/oes492098.htm",,,"Residential building permit activity in the Sacramento-Roseville-Folsom, CA metropolitan area reached 10,042 authorized housing units over the 12-month period through May 2026, with latest monthly permit authorizations up +14% year-over-year (1,094 units permitted in May 2026, comprising 61.4% single-family and 30.3% multi-family 5+ units).","U.S. Census Bureau, Building Permits Survey, 2026, https://www.census.gov/construction/bps"
low-voltage-security,Salt Lake City,UT,"According to the U.S. Bureau of Labor Statistics May 2023 Occupational Employment and Wage Statistics (OEWS), the Salt Lake City, UT Metropolitan Statistical Area employed 450 Security and Fire Alarm Systems Installers (SOC 49-2098), representing an employment density of 0.559 per 1,000 jobs and a location quotient of 1.02.","U.S. Bureau of Labor Statistics, 2023, https://www.bls.gov/oes/current/oes_41620.htm",,,"According to the Salt Lake City Building Services Division, 9,190 building permits were issued in 2024, a slight decline in permit volume compared to recent years, but total permitted project valuation hit an all-time high of $3.37 billion (over $1 billion higher than any previous year), driven by large multi-family residential developments, distribution warehouses, and commercial tenant improvements.","Salt Lake City Building Services Division, 2024, https://www.slcdocs.com"
low-voltage-security,San Antonio,TX,"According to the U.S. Bureau of Labor Statistics (BLS) May 2023 Occupational Employment and Wage Statistics, the San Antonio-New Braunfels, TX MSA employs approximately 870 Security and Fire Alarm Systems Installers (SOC 49-2098) with an annual mean wage of $52,220. Furthermore, 2022 U.S. Census Bureau County Business Patterns data indicates approximately 300 Security Systems Services (NAICS 561621) establishments operating in the San Antonio-New Braunfels metro area.","U.S. Bureau of Labor Statistics, May 2023 OEWS, https://www.bls.gov/oes/current/oes_41700.htm ; U.S. Census Bureau, 2022 County Business Patterns, https://www.census.gov/data/datasets/2022/econ/cbp/2022-cbp.html",,,"Residential permit volume in the San Antonio-New Braunfels MSA totaled 14,857 new housing units authorized in 2024. Over recent years (2020-2025), single-family permitting remained largely steady at around 1,000 units per month, whereas multi-family (5+ unit) permitting experienced a sharp contraction, falling by more than 90% from 2020 peak levels.","U.S. Census Bureau Building Permits Survey / FRED, Federal Reserve Bank of St. Louis, 2026, https://fred.stlouisfed.org/series/SANA748BPPRIV"
low-voltage-security,San Diego,CA,"According to U.S. Census Bureau County Business Patterns data (reported in SANDAG and MTS regional goal methodology reports), the San Diego market features 835 establishments classified under NAICS 238210 (Electrical Contractors and Other Wiring Installation Contractors) and 54 establishments under NAICS 561621 (Security Systems Services except Locksmiths). Additionally, the U.S. Bureau of Labor Statistics Occupational Employment and Wage Statistics (OEWS) reports 680 to 970 employed Security and Fire Alarm Systems Installers (SOC 49-2098) in the San Diego-Chula Vista-Carlsbad MSA.","U.S. Census Bureau County Business Patterns (2021) via San Diego Association of Governments (SANDAG) FFY 2025-2027 DBE Goal Methodology (2024), U.S. Bureau of Labor Statistics Occupational Employment and Wage Statistics (2023), https://www.bls.gov/oes/current/oes_41740.htm",,,"Residential building permit activity in the San Diego-Chula Vista-Carlsbad MSA expanded significantly from 2020 through 2023, with annual permitted units nearly doubling in 2023 to multi-decade highs of approximately 9,700 housing units across the city and region. Permitting volume subsequently stabilized and slightly moderated in 2024 due to elevated borrowing costs and market absorption dynamics, while maintaining baseline construction levels well above pre-2020 averages.","U.S. Department of Housing and Urban Development (HUD) Office of Policy Development and Research Comprehensive Housing Market Analysis: San Diego-Chula Vista-Carlsbad, CA (2024), https://www.huduser.gov/portal/ushmc/chma_archive.html; City of San Diego / Axios San Diego Housing Permit Report (2024), https://www.axios.com/local/san-diego/2024/03/15/san-diego-housing-permits-surge"
low-voltage-security,San Francisco,CA,"In the San Francisco-Oakland-Hayward, CA metropolitan statistical area, the U.S. Bureau of Labor Statistics reported 1,170 employed Security and Fire Alarm Systems Installers (SOC 49-2098) as of May 2023, representing a density of 0.48 workers per 1,000 jobs and a location quotient of 0.88.","U.S. Bureau of Labor Statistics, 2023, https://www.bls.gov/oes/current/oes_41940.htm",,,"Residential building permit activity in the San Francisco metropolitan area has experienced a downward trend over recent years due to high interest rates, elevated financing costs, and high local construction expenses. According to Census Building Permits Survey data analyzed by HUD, rental units authorized by permits in the metro's East Bay division fell from 3,150 units in 2023 to 2,650 units in 2024.","U.S. Department of Housing and Urban Development & U.S. Census Bureau, 2025, https://www.huduser.gov/portal/ushmc/chma_archive.html"
low-voltage-security,San Jose,CA,"According to BLS Occupational Employment and Wage Statistics for the San Jose-Sunnyvale-Santa Clara, CA MSA, there are 530 Security and Fire Alarm Systems Installers (SOC 49-2098) with an annual mean wage of $86,120, alongside 5,110 Electricians (SOC 47-2111).","U.S. Bureau of Labor Statistics, 2024, https://www.bls.gov/oes/current/oes_41940.htm",,,"Residential building permit volume in the San Jose-Sunnyvale-Santa Clara metropolitan area fell by 68% between July 2020 and July 2025 (dropping from 1,949 permits to 623 permits), marking the steepest decline among the 100 largest U.S. metro areas based on U.S. Census Bureau Building Permits Survey data.","San José Spotlight, 2025"
low-voltage-security,Seattle,WA,"According to the U.S. Bureau of Labor Statistics Occupational Employment and Wage Statistics (OEWS) May 2023 data, there were 730 Security and Fire Alarm Systems Installers (SOC 49-2098) employed in the Seattle-Tacoma-Bellevue, WA metropolitan area, representing a density of 0.35 workers per 1,000 total jobs in the MSA.","U.S. Bureau of Labor Statistics, May 2023 OEWS Metropolitan and Nonmetropolitan Area Occupational Employment and Wage Estimates, 2024, https://www.bls.gov/oes/current/oes_42660.htm",,,"According to the U.S. Census Bureau Building Permits Survey, new residential housing unit authorizations experienced a downward shift, reflecting broader regional and national trends where private housing permit authorizations decreased 10.1% nationwide from 2022 (1,680,368 units) to 2023 (1,511,102 units) as interest rates slowed overall construction momentum.","U.S. Census Bureau, Annual Building Permits Survey, 2024, https://www.census.gov/construction/bps"
low-voltage-security,St. Louis,MO,"According to the U.S. Bureau of Labor Statistics, there were 520 Security and Fire Alarm Systems Installers (SOC 49-2098) employed in the St. Louis, MO-IL metropolitan statistical area in May 2023, representing an employment concentration of 0.393 per 1,000 jobs and a location quotient of 0.71.","U.S. Bureau of Labor Statistics, OEWS, May 2023, https://www.bls.gov/oes/current/oes_41180.htm",,,"According to Census Building Permits Survey data compiled by HUD, residential permitting in the St. Louis, MO-IL MSA trended downward in 2025: preliminary single-family permits declined 10% to 4,175 units (down from 4,650 units in 2024), while multifamily permits fell 19% to 1,650 units (down from 2,050 units in 2024).","U.S. Department of Housing and Urban Development / U.S. Census Bureau, St. Louis, MO-IL Housing Market Profile, 2026"
low-voltage-security,Tampa,FL,"According to the U.S. Bureau of Labor Statistics Occupational Employment and Wage Statistics, the Tampa-St. Petersburg-Clearwater, FL metropolitan statistical area employed 1,270 Security and Fire Alarm Systems Installers (SOC 49-2098) as of May 2023.","U.S. Bureau of Labor Statistics, 2023, https://www.bls.gov/oes/current/oes_45300.htm",,,"According to U.S. Census Bureau Building Permits Survey data, total new privately-owned housing units authorized in the Tampa-St. Petersburg-Clearwater MSA peaked at 19,305 units in 2021, moderated to 15,678 units in 2022 and 14,502 units in 2023, and recovered to 16,352 authorized units in 2024.","U.S. Census Bureau Building Permits Survey, 2024, https://www.census.gov/construction/bps"
low-voltage-security,Virginia Beach,VA,"According to the U.S. Bureau of Labor Statistics (BLS) May 2023 Occupational Employment and Wage Statistics, the Virginia Beach-Norfolk-Newport News, VA-NC metropolitan area employed 290 Security and Fire Alarm Systems Installers (SOC 49-2098), representing a location quotient of 0.71 compared to the national average, with a mean hourly wage of $25.53 and an annual mean wage of $53,100.","U.S. Bureau of Labor Statistics, 2024, https://www.bls.gov/oes/current/oes_47260.htm",,,"According to HUD's Comprehensive Housing Market Analysis, residential permitting and construction activity in the Virginia Beach-Norfolk-Newport News MSA entering 2024-2025 remained active, with projected demand for 11,000 new single-family homes and 6,175 rental units over the 2024-2027 forecast period, supported by 1,900 single-family units and 1,800 rental units under active construction.","U.S. Department of Housing and Urban Development (HUD User), 2024, https://www.huduser.gov/portal/ushmc/chma_archive.html"
low-voltage-security,Washington DC,DC,"In the Washington-Arlington-Alexandria, DC-VA-MD-WV metropolitan statistical area, BLS OEWS reports 2,860 employed Security and Fire Alarm Systems Installers (SOC 49-2098) as of May 2024, placing the metro among the highest total employment areas in the nation for this trade. In May 2023, employment was 2,050 installers with a location quotient of 1.21 and a density of 0.66 installers per 1,000 jobs.","U.S. Bureau of Labor Statistics (BLS) Occupational Employment and Wage Statistics (OEWS), May 2023/May 2024, https://www.bls.gov/oes/current/oes492098.htm",,,"In the Washington-Arlington-Alexandria metro area, new residential building permits authorized reached 32,296 units in 2022 (a 17.8% increase from 2021). Permitting activity subsequently contracted, falling by approximately 11% in 2023 and declining by about 16% into 2024-2025 as elevated interest rates and construction costs slowed new housing builds.","U.S. Census Bureau Building Permits Survey / HUD User Mid-Atlantic Regional Housing Market Reports, 2023-2024, https://www.huduser.gov"
restoration,Atlanta,GA,"According to the U.S. Bureau of Labor Statistics May 2023 OEWS data, the Atlanta-Sandy Springs-Roswell, GA metropolitan statistical area employed 440 Hazardous Materials Removal Workers (SOC 47-4041), yielding an employment location quotient of 0.47 relative to the national average.","U.S. Bureau of Labor Statistics, 2023, https://www.bls.gov/oes/current/oes_12060.htm",8546,"Angi, 2025, https://www.angi.com","According to the U.S. Census Bureau Building Permits Survey, new privately owned housing unit authorizations in the Atlanta-Sandy Springs-Roswell MSA totaled 40,687 units in 2024, making it the 5th highest metropolitan area nationwide despite moderating roughly 18% from 2022 peak levels.","U.S. Census Bureau, 2024, https://www.census.gov/construction/bps"
restoration,Austin,TX,"According to the U.S. Bureau of Labor Statistics OEWS, the Austin-Round Rock, TX Metropolitan Statistical Area employed 240 Hazardous Materials Removal Workers (SOC 47-4041) as of May 2023, with a mean hourly wage of $21.85 and annual mean salary of $45,440.","U.S. Bureau of Labor Statistics OEWS, 2023, https://www.bls.gov/oes/current/oes_12420.htm",6101,"Angi, 2025, https://www.angi.com","According to U.S. Census Bureau Building Permits Survey data, the Austin-Round Rock metro authorized 32,294 new residential building units in 2024, ranking 6th nationally among major U.S. metros, representing a stabilization in construction activity following a downward adjustment from peak 2021-2022 volume levels.","U.S. Census Bureau Building Permits Survey, 2024, https://www.census.gov/construction/bps/index.html"
restoration,Baltimore,MD,"The Baltimore-Columbia-Towson, MD MSA employs approximately 520 Hazardous Materials Removal Workers (SOC 47-4041), representing a density of 0.401 workers per 1,000 jobs in the metropolitan area.","U.S. Bureau of Labor Statistics, May 2023 OEWS Metropolitan and Nonmetropolitan Area Occupational Employment and Wage Estimates, https://www.bls.gov/oes/current/oes_12580.htm",,,"Private residential building permits in the Baltimore-Columbia-Towson MSA reached approximately 5,514 authorized units over a trailing 12-month period, reflecting a solid 24.2% year-over-year increase in permitting activity.","U.S. Census Bureau, Building Permits Survey (via FRED, Federal Reserve Bank of St. Louis), 2024, https://fred.stlouisfed.org/series/BALT524BPPRIVSA"
restoration,Birmingham,AL,"According to the U.S. Bureau of Labor Statistics, the Birmingham-Hoover, AL Metropolitan Statistical Area had 200 Hazardous Materials Removal Workers (SOC 47-4041) employed in May 2023, representing a location quotient of 1.16, which indicates a 16% higher concentration of specialized remediation workers per capita than the national average.","U.S. Bureau of Labor Statistics, Occupational Employment and Wage Statistics (OEWS) May 2023, https://www.bls.gov/oes/current/oes_13820.htm",,,"Data from the U.S. Census Bureau Building Permits Survey shows the Birmingham-Hoover, AL metro issued 3.74 total residential building permits per 1,000 residents in 2022 (2.76 single-family and 0.99 multi-family per 1,000 population). Trailing 12-month building permit volume reached 4,384 total permits (3.71 per 1,000 residents), with Jefferson County leading metro activity at 2,398 permits (56% of the metro pipeline) followed by Shelby County with 1,336 permits.","U.S. Census Bureau, Building Permits Survey (Demographia / NewGeography 2023 Analysis)"
restoration,Boston,MA,"According to the U.S. Bureau of Labor Statistics OEWS dataset, the Boston-Cambridge-Newton, MA-NH metropolitan statistical area employed approximately 1,950 hazardous materials removal workers (SOC 47-4041), representing one of the highest employment concentrations for remediation specialists among U.S. metros.","U.S. Bureau of Labor Statistics Occupational Employment and Wage Statistics (OEWS), 2024, https://www.bls.gov/oes/current/oes474041.htm",3148,"Angi, 2025, https://www.angi.com","New residential building permits in Greater Boston peaked in 2021 (~15,000 units) and have since declined significantly through 2024 and 2025 due to elevated interest rates and high construction costs, with YTD 2025 permit volume running approximately 44% below 2021 levels.","Boston Indicators / U.S. Census Bureau Building Permits Survey, 2025, https://www.bostonindicators.org"
restoration,Buffalo,NY,"In the Buffalo-Cheektowaga-Niagara Falls, NY Metropolitan Statistical Area (MSA), the Bureau of Labor Statistics reports 250 Hazardous Materials Removal Workers (SOC 47-4041) employed as of May 2023. The metro area holds a location quotient of 1.46 for this restoration and remediation trade, indicating a 46% higher concentration of workers relative to the national average, with an annual mean wage of $55,790.","U.S. Bureau of Labor Statistics (BLS), May 2023 Metropolitan OEWS Estimates, 2024, https://www.bls.gov/oes/current/oes_15380.htm",,,"Residential construction permit volume in the Buffalo-Cheektowaga-Niagara Falls MSA has trended downward over recent years. Census Building Permits Survey data compiled in market reports shows monthly permitted units falling from 234 units in July 2020 to 93 units in July 2025 (a 60% decline), with multifamily permits dropping from 123 to 20 units and single-family permits declining from 103 to 69 units.","U.S. Department of Housing and Urban Development (HUD), Comprehensive Housing Market Analysis: Buffalo-Cheektowaga-Niagara Falls, New York, 2024, https://www.huduser.gov/portal/ushmc/chma_archive.html"
restoration,Charlotte,NC,"According to the U.S. Bureau of Labor Statistics May 2023 Occupational Employment and Wage Statistics (OEWS), the Charlotte-Concord-Gastonia, NC-SC metropolitan area employed approximately 300 Hazardous Materials Removal Workers (SOC 47-4041), representing an occupational density of 0.23 workers per 1,000 jobs.","U.S. Bureau of Labor Statistics, 2023, https://www.bls.gov/oes/current/oes_16740.htm",2328,"Angi, 2026, https://www.angi.com","New private housing structures authorized by building permits in the Charlotte-Concord-Gastonia MSA peaked at 3,684 units in April 2023 before trending downward to 2,471 units in March 2025, reflecting a moderation in new residential construction activity.","U.S. Census Bureau via FRED (Federal Reserve Bank of St. Louis), 2026, https://fred.stlouisfed.org/series/CHAR737BPPRIV"
restoration,Chicago,IL,"According to BLS Occupational Employment and Wage Statistics, the Chicago-Naperville-Elgin, IL-IN-WI metropolitan area had 1,610 employed Hazardous Materials Removal Workers (SOC 47-4041) in May 2023, representing an employment density of 0.36 workers per 1,000 jobs and a location quotient of 1.08 relative to the national average.","U.S. Bureau of Labor Statistics (BLS) Occupational Employment and Wage Statistics, 2023, https://www.bls.gov/oes/current/oes474041.htm",3394,"Angi, 2025, https://www.angi.com/articles/water-damage-restoration-cost-chicago-il.htm","According to U.S. Census Bureau Building Permits Survey data, monthly residential building authorizations in the Chicago-Naperville-Elgin MSA grew moderately year-over-year in July 2025 from 1,542 units to 1,851 units (a ~20% gain), balancing multifamily increases from 580 to 873 units with single-family gains from 842 to 901 units.","U.S. Census Bureau Building Permits Survey, 2025, https://www.census.gov/construction/bps/index.html"
restoration,Cincinnati,OH,"According to the U.S. Bureau of Labor Statistics May 2023 Occupational Employment and Wage Statistics, the Cincinnati, OH-KY-IN MSA employed approximately 210 Hazardous Materials Removal Workers (SOC 47-4041), with a mean hourly wage of $23.69 and an annual mean wage of $49,270.","U.S. Bureau of Labor Statistics, OEWS, 2023, https://www.bls.gov/oes/current/oes_17140.htm",,,"According to the U.S. Census Bureau Building Permits Survey, total private residential housing units authorized by building permits in the Cincinnati, OH-KY-IN MSA reached 6,241 units in 2023 (including 4,008 single-family units), representing a downward trajectory from peak 2021-2022 construction activity.","U.S. Census Bureau, Building Permits Survey, 2023, https://fred.stlouisfed.org/series/CINC139BPPRIVSA"
restoration,Cleveland,OH,"According to the May 2023 BLS OEWS estimates, the Cleveland-Elyria, OH MSA employed 210 Hazardous Materials Removal Workers (SOC 47-4041), representing an occupational density of 0.210 workers per 1,000 jobs in the metro area.","U.S. Bureau of Labor Statistics, May 2023 Metropolitan and Nonmetropolitan Area Occupational Employment and Wage Estimates, 2024, https://www.bls.gov/oes/current/oes_17460.htm",,,"Building permit activity in the Cleveland-Elyria, OH MSA trended upward through 2024, with the city of Cleveland issuing 14,955 construction permits valued at approximately $2.8 billion as development activity recovered from prior slowdowns.","Ohio Auditor of State / City of Cleveland Annual Comprehensive Financial Report, 2024, https://auditor.state.oh.us"
restoration,Columbus,OH,"According to BLS OEWS data, the Columbus, OH Metropolitan Statistical Area employed approximately 1,300 Hazardous Materials Removal Workers (SOC 47-4041) in May 2023, with a location quotient of 0.72 relative to national employment concentration.","U.S. Bureau of Labor Statistics, May 2023 Occupational Employment and Wage Statistics (OEWS), 2024, https://www.bls.gov/oes/current/oes_18140.htm",,,"Residential building permit volume in the Columbus, OH metro area experienced strong growth, reaching 13,709 authorized units over the trailing 12-month period, a 63.7% increase year-over-year, with approximately 67% of permitting activity concentrated in Franklin County.","U.S. Census Bureau, Annual Building Permits Survey, 2024, https://www.census.gov/construction/bps"
restoration,Dallas-Fort Worth,TX,"In the Dallas-Fort Worth-Arlington, TX MSA, there were 980 Hazardous Materials Removal Workers (SOC 47-4041) employed, representing an employment density of approximately 0.248 workers per 1,000 total jobs in the metropolitan area, with a mean hourly wage of $21.44 and an annual mean wage of $44,600.","U.S. Bureau of Labor Statistics (BLS), 2023 Occupational Employment and Wage Statistics (OEWS), https://www.bls.gov/oes/current/oes_19100.htm",,,"In 2024, the Dallas-Fort Worth-Arlington, TX metropolitan area authorized 71,788 total new privately-owned residential housing units, maintaining its rank as one of the highest-volume construction markets nationwide with an authorization rate of 22.2 new units per 1,000 existing homes.","U.S. Census Bureau, 2024 Annual Building Permits Survey, https://www.census.gov/construction/bps"
restoration,Denver,CO,"According to the U.S. Bureau of Labor Statistics (BLS) Occupational Employment and Wage Statistics (OEWS), the Denver-Aurora-Lakewood, CO MSA employed 980 Hazardous Materials Removal Workers (SOC 47-4041) as of May 2023, with a location quotient of 1.87, indicating a density nearly double the national average.","U.S. Bureau of Labor Statistics, Occupational Employment and Wage Statistics (OEWS), 2023, https://www.bls.gov/oes/2023/may/oes474041.htm",,,"In the Denver-Aurora-Lakewood metropolitan area, single-family residential permitting experienced a downward trend, issuing 1,175 permits during the 12 months ending August 2023, a decline of 34% compared to the prior 12-month period.","U.S. Department of Housing and Urban Development (HUD), Comprehensive Housing Market Analysis: Denver-Aurora-Lakewood, Colorado, 2023, https://www.huduser.gov/portal/ushmc/chma_archive.html"
restoration,Detroit,MI,"According to BLS OEWS data for the Detroit-Warren-Dearborn, MI MSA, there were 470 Hazardous Materials Removal Workers (SOC 47-4041) employed in the metro area, earning an annual mean wage of $54,240 ($26.08/hour) with a location quotient of 0.75 relative to national density.","U.S. Bureau of Labor Statistics, 2023 Occupational Employment and Wage Statistics (OEWS), published April 2024, https://www.bls.gov/oes/current/oes_19820.htm",4450,"Angi, 2026 Water Damage Restoration Cost Guide, https://www.angi.com/articles/water-damage-restoration-cost.htm","Residential building permit authorizations in the Detroit-Warren-Dearborn, MI MSA saw a multi-year decline reaching a low of 4,541 authorized units in 2023, before rebounding in 2024 and 2025 as new housing construction picked back up across the region.","U.S. Census Bureau, Building Permits Survey, cited by Detroit Data Center, 2025"
restoration,Hartford,CT,"According to the U.S. Bureau of Labor Statistics Occupational Employment and Wage Statistics (OEWS), the Hartford-West Hartford-East Hartford, CT metropolitan statistical area employed 240 Hazardous Materials Removal Workers (SOC 47-4041) as of May 2022, representing an employment location quotient of 1.36 compared to the national average.","U.S. Bureau of Labor Statistics, 2023, https://www.bls.gov/oes/current/oes_25540.htm",,,"According to the U.S. Census Bureau Building Permits Survey, the Hartford-West Hartford-East Hartford, CT metropolitan statistical area authorized 1,270 residential units over the trailing 12 months ending May 2026, with May 2026 monthly unit authorizations up 79.1% year-over-year to 120 units (64.2% multi-family).","U.S. Census Bureau, 2026, https://www.census.gov/construction/bps"
restoration,Houston,TX,"According to the May 2023 BLS OEWS estimates, the Houston-The Woodlands-Sugar Land, TX MSA employed 1,480 Hazardous Materials Removal Workers (SOC 47-4041), a core occupational trade for remediation and restoration, representing an employment density of 0.464 per 1,000 jobs and a location quotient of 1.41.","U.S. Bureau of Labor Statistics (BLS) Occupational Employment and Wage Statistics (OEWS), May 2023, https://www.bls.gov/oes/current/oes_26420.htm",,,"In 2023, the Houston-The Woodlands-Sugar Land MSA led the nation in residential building permits with 68,755 total units authorized (including 50,444 single-family homes). While this represented a slight decrease from the record 75,786 units authorized in 2022, it was the fifth-highest permitting year on record for the metro. Overall construction contract awards in the Houston metro surged 31% in 2024 to $43.8 billion (up from $33.3 billion in 2023).","U.S. Census Bureau Building Permits Survey / Rice University Kinder Institute for Urban Research, 2024, https://kinder.rice.edu and Greater Houston Partnership / Dodge Data & Analytics, 2025, https://www.houston.org"
restoration,Indianapolis,IN,"In the Indianapolis-Carmel-Anderson, IN metropolitan statistical area, Hazardous Materials Removal Workers (SOC 47-4041), a core occupation within the restoration and remediation trade, numbered an estimated 630 employed workers, representing a location quotient of 1.76, which indicates a significantly higher concentration of trade labor than the national average.","U.S. Bureau of Labor Statistics, 2023, https://www.bls.gov/oes/current/oes_26980.htm",,,"Residential building permit activity in the Indianapolis metro area softened in 2023 with single-family permits down 12% year-over-year (reaching 12,513 total permitted units), before accelerating in 2024 with trailing 12-month permitting reaching 13,042 units, a 26.7% year-over-year increase.","U.S. Census Bureau Building Permits Survey, 2024, https://indianarealtors.com"
restoration,Jacksonville,FL,"According to the May 2023 Occupational Employment and Wage Statistics, the Jacksonville, FL MSA had an estimated 140 employed Hazardous Materials Removal Workers (SOC 47-4041), representing an employment concentration of 0.187 per 1,000 jobs and an annual mean wage of $44,620.","U.S. Bureau of Labor Statistics, 2024, https://www.bls.gov/oes/current/oes_27260.htm",,,"In April 2026, HBW recorded 875 new residential construction permits in the Jacksonville region with a total construction value of $260.6 million and an average permit valuation of $297,826, reflecting steady growth led by Duval and St. Johns counties.","HBW Construction Data, 2026, https://hbweekly.com"
restoration,Kansas City,MO,"According to the U.S. Bureau of Labor Statistics OEWS data, the Kansas City, MO-KS metropolitan statistical area employed 390 Hazardous Materials Removal Workers (SOC 47-4041) as of May 2023, representing a location quotient of 0.84 relative to national employment levels.","U.S. Bureau of Labor Statistics, May 2023 OEWS Metropolitan and Nonmetropolitan Area Occupational Employment and Wage Estimates (Kansas City, MO-KS), 2024, https://www.bls.gov/oes/current/oes_28420.htm",1244,"Angi, Water Damage Restoration Cost in Kansas City, MO, 2025, https://www.angi.com/articles/water-damage-restoration-cost.htm","Residential building permit activity in Kansas City, MO accelerated significantly in 2024, with authorized housing units increasing by 133% from 1,234 units in 2023 to 2,878 units in 2024 (+1,644 units), representing one of the largest unit permit gains in the Midwest.","U.S. Census Bureau, 2024 Annual Building Permits Survey, 2025, https://www.census.gov/construction/bps"
restoration,Las Vegas,NV,"According to the U.S. Bureau of Labor Statistics Occupational Employment and Wage Statistics (OEWS), the Las Vegas-Henderson-Paradise, NV metropolitan statistical area employed 480 Hazardous Materials Removal Workers (SOC 47-4041) as of May 2024, up from 410 employed in May 2023.","U.S. Bureau of Labor Statistics OEWS, 2024, https://www.bls.gov/oes/current/oes_29820.htm",,,"According to Census Building Permits Survey data, residential unit permitting in the Las Vegas-Henderson-North Las Vegas, NV metropolitan area experienced a downward trend in 2024, dropping 29.7% year-over-year to 2,301 total units permitted, including a 2.4% decrease in multifamily permits to 1,448 units.","U.S. Census Bureau Building Permits Survey / Realtor.com, 2025, https://www.realtor.com/research/data"
restoration,Los Angeles,CA,"According to BLS OEWS data, the Los Angeles-Long Beach-Anaheim, CA MSA employs approximately 2,810 to 3,020 Hazardous Materials Removal Workers (SOC 47-4041) with a location quotient of 1.38, indicating a higher-than-average employment concentration in remediation and restoration services relative to the national baseline.","U.S. Bureau of Labor Statistics (BLS) Occupational Employment and Wage Statistics (OEWS), 2023, https://www.bls.gov/oes/current/oes474041.htm",3728,"Angi Los Angeles Water Damage Restoration Cost Report, 2025, https://www.angi.com/articles/water-damage-restoration-cost.htm","Residential building permitting in the Los Angeles-Long Beach-Anaheim MSA totaled approximately 26,781 authorized units in 2024. Recent overall permit trends reflect a multi-year contraction driven primarily by a decline in multi-family unit permitting (down over 25% relative to its 5-year baseline), despite minor gains in single-family home authorizations.","U.S. Census Bureau Building Permits Survey (BPS), 2024, https://www.census.gov/construction/bps"
restoration,Louisville,KY,"According to the U.S. Bureau of Labor Statistics May 2023 OEWS data, the Louisville/Jefferson County, KY-IN metropolitan statistical area employed 70 Hazardous Materials Removal Workers (SOC 47-4041), representing an employment concentration (location quotient) of 0.32 relative to the national average.","U.S. Bureau of Labor Statistics, May 2023 OEWS Metropolitan and Nonmetropolitan Area Occupational Employment and Wage Estimates, 2024, https://www.bls.gov/oes/current/oes_31140.htm",,,"According to data from the U.S. Census Bureau Building Permits Survey, residential housing permit authorizations in the Louisville-Jefferson County, KY-IN MSA grew by 31.3% year-over-year in the first half of 2023, rising from 2,278 permits in 1H 2022 to 2,991 permits in 1H 2023.","U.S. Census Bureau Building Permits Survey (via Point2 / Business Insider), 2023"
restoration,Memphis,TN,"According to the U.S. Bureau of Labor Statistics Occupational Employment and Wage Statistics (OEWS), the Memphis, TN-MS-AR metropolitan statistical area employed 140 Hazardous Materials Removal Workers (SOC 47-4041) as of May 2023, representing a location quotient of 0.68 relative to national employment density.","U.S. Bureau of Labor Statistics, 2024, https://www.bls.gov/oes/current/oes_32820.htm",,,"According to U.S. Census Bureau Building Permits Survey data reported via FRED, private housing unit authorization in the Memphis, TN-MS-AR MSA peaked in mid-2021 before following a downward trend through 2023 and 2024 amid elevated interest rates and reduced residential construction activity.","U.S. Census Bureau, 2024, https://fred.stlouisfed.org/series/MPHBPPRIV"
restoration,Miami,FL,"According to the U.S. Bureau of Labor Statistics Occupational Employment and Wage Statistics (OEWS), there were 420 Hazardous Materials Removal Workers (SOC 47-4041) employed in the Miami-Fort Lauderdale-West Palm Beach, FL metropolitan area as of May 2023, representing a worker density of 0.156 per 1,000 jobs.","U.S. Bureau of Labor Statistics (2024), https://www.bls.gov/oes/current/oes_33100.htm",3500,"Angi (2026), https://www.angi.com/articles/how-much-does-water-damage-restoration-cost.htm","New residential housing permits in the Miami-Fort Lauderdale-Pompano Beach, FL MSA peaked in 2021-2022 before trending downward through 2023-2025 as elevated mortgage rates and housing affordability constraints slowed overall construction activity.","U.S. Census Bureau via FRED, Federal Reserve Bank of St. Louis (2026), https://fred.stlouisfed.org/series/MIAM112BPPRIVSA"
restoration,Milwaukee,WI,"In the Milwaukee-Waukesha-West Allis, WI MSA, there were 140 Hazardous Materials Removal Workers (SOC 47-4041), the primary occupational classification for restoration, remediation, and abatement trades, employed as of May 2023, representing a location quotient of 0.53 relative to the national average and a mean annual wage of $47,890.","U.S. Bureau of Labor Statistics, 2024, https://www.bls.gov/oes/current/oes_33340.htm",,,"Residential building permit issuance in the Milwaukee metropolitan area stagnated and declined between 2021 and 2023 following an initial post-pandemic surge; multi-family housing permits declined relative to pre-pandemic (2017-2019) levels, while single-family housing permit activity remained roughly flat.","Wisconsin Policy Forum, 2024, https://wispolicyforum.org/research/housing-permitting-slows-adding-to-affordability-concerns"
restoration,Minneapolis-St. Paul,MN,"According to Occupational Employment and Wage Statistics (OEWS) data, there are 320 Hazardous Materials Removal Workers (SOC 47-4041) employed in the Minneapolis-St. Paul-Bloomington, MN-WI metropolitan area.","Minnesota Department of Employment and Economic Development (DEED), 2024, https://mn.gov/deed/data/data-tools/oes",7681,"Angi, 2025, https://www.angi.com/articles/water-damage-repair-cost.htm","In the Minneapolis-St. Paul-Bloomington, MN-WI metropolitan area, residential construction permitting increased over the 12 months ending October 2025, with single-family building permits rising 14% to 10,500 units and multifamily permits increasing 22% to 6,550 units compared to the prior year.","U.S. Department of Housing and Urban Development (HUD User), 2026"
restoration,Nashville,TN,"In the Nashville-Davidson--Murfreesboro--Franklin, TN MSA, the U.S. Bureau of Labor Statistics reported 170 employed Hazardous Materials Removal Workers (SOC 47-4041) as of May 2023, representing a density of 0.161 workers per 1,000 jobs in the metro area.","U.S. Bureau of Labor Statistics OEWS, 2024, https://www.bls.gov/oes/current/oes_34980.htm",,,"Residential building permit volume in the Nashville-Davidson--Murfreesboro--Franklin, TN MSA reached 19,210 authorized units in 2024, a slight 4% decrease from 20,038 units in 2023, maintaining high overall housing construction levels across Middle Tennessee.","U.S. Census Bureau Building Permits Survey, 2025, https://www.census.gov/construction/bps"
restoration,New Orleans,LA,"According to BLS Occupational Employment and Wage Statistics (OEWS) data for the New Orleans-Metairie, LA MSA, there were 290 Hazardous Materials Removal Workers (SOC 47-4041) employed in the metro area, representing 0.561 per 1,000 jobs and a location quotient of 1.70.","U.S. Bureau of Labor Statistics, 2024, https://www.bls.gov/oes/current/oes_35380.htm",,,"In the New Orleans-Metairie, LA MSA, new private housing permit activity has shown a downward and restrained trend over recent years, authorizing 3.4 new housing units per 1,000 existing homes in 2024 based on U.S. Census Bureau Building Permits Survey data.","U.S. Census Bureau / Construction Coverage, 2025, https://constructioncoverage.com/research/cities-building-the-most-homes-2025"
restoration,New York,NY,"In the New York-Newark-Jersey City, NY-NJ-PA metropolitan statistical area, the U.S. Bureau of Labor Statistics OEWS reports 4,050 Hazardous Materials Removal Workers (SOC 47-4041) employed with a location quotient of 1.30, representing a higher density of environmental remediation specialists relative to the national average.","U.S. Bureau of Labor Statistics OEWS, 2023, https://www.bls.gov/oes/current/oes474041.htm",4193,"Angi Water Damage Restoration Cost Guide, 2025, https://www.angi.com/articles/how-much-does-water-damage-restoration-cost.htm","U.S. Census Bureau Building Permits Survey data shows nationwide privately owned housing unit authorizations dropped 2.2% from 1,511,102 units in 2023 to 1,478,000 units in 2024, while housing unit permitting in the New York-Newark-Jersey City MSA maintained high overall activity with over 54,000 units authorized over trailing 12-month periods.","U.S. Census Bureau Building Permits Survey, 2024, https://www.census.gov/construction/bps"
restoration,Oklahoma City,OK,"According to the U.S. Bureau of Labor Statistics Occupational Employment and Wage Statistics survey, there were 110 Hazardous Materials Removal Workers (SOC 47-4041) employed in the Oklahoma City, OK Metropolitan Statistical Area, representing a location quotient of 0.53 relative to the national average.","U.S. Bureau of Labor Statistics, 2023, https://www.bls.gov/oes/current/oes_36420.htm",,,"According to U.S. Census Bureau Building Permits Survey data, residential construction permitting in the Oklahoma City MSA is heavily dominated by single-family housing, which accounted for 91.0% of all new residential unit building permits issued in 2023, the highest single-family permit ratio among major U.S. metropolitan areas.","U.S. Census Bureau, Building Permits Survey (via FRED, Federal Reserve Bank of St. Louis, Series OKLA440BPPRIV), 2024, https://fred.stlouisfed.org/series/OKLA440BPPRIV"
restoration,Orlando,FL,"According to the U.S. Bureau of Labor Statistics (BLS) Occupational Employment and Wage Statistics (OEWS), the Orlando-Kissimmee-Sanford, FL MSA employed an estimated 180 Hazardous Materials Removal Workers (SOC 47-4041) in May 2023, representing a location quotient of 0.40 relative to the national concentration.","U.S. Bureau of Labor Statistics, May 2023 OEWS, https://www.bls.gov/oes/current/oes_36740.htm",,,"Residential building permit volume in the Orlando-Kissimmee-Sanford, FL MSA increased 15% year-over-year, moving from 24,135 new housing units authorized in 2024 up to 27,758 units in 2025.","U.S. Census Bureau, Building Permits Survey (2024-2025), https://www.census.gov/construction/bps"
restoration,Philadelphia,PA,"According to U.S. Bureau of Labor Statistics (BLS) OEWS data, the Philadelphia-Camden-Wilmington, PA-NJ-DE-MD metropolitan statistical area employed approximately 800 Hazardous Materials Removal Workers (SOC 47-4041) with a mean hourly wage of $27.14 and an annual mean wage of $56,460.","U.S. Bureau of Labor Statistics (BLS), 2023, https://www.bls.gov/oes/current/oes_37980.htm",3527,"Angi Philadelphia Water Damage Restoration Cost Report, 2026, https://www.angi.com/articles/water-damage-restoration-cost.htm","Following a historic surge in 2021 driven by impending changes to Philadelphia's 10-year property tax abatement (over 25,000 residential units permitted), building permit volumes dropped sharply in 2022 and stabilized through 2024-2025 back to pre-surge historical baseline levels.","City of Philadelphia / U.S. Department of Housing and Urban Development (HUD), 2025, https://www.phila.gov/media/20250626101503/2025ABC-POS.pdf"
restoration,Phoenix,AZ,"According to the U.S. Bureau of Labor Statistics OEWS, the Phoenix-Mesa-Chandler, AZ MSA had 340 employed Hazardous Materials Removal Workers (SOC 47-4041) with an average hourly wage of $17.49.","U.S. Bureau of Labor Statistics (BLS) Occupational Employment and Wage Statistics, 2023, https://www.bls.gov/oes",4623,"Angi Phoenix Water Damage Restoration Cost Data, 2026, https://www.angi.com","Privately owned residential housing units permitted in the Phoenix-Mesa-Chandler metro area reached 39,145 units, reflecting a 15% year-over-year decline from 45,884 units permitted in the prior year.","U.S. Census Bureau Building Permits Survey / Department of Housing and Urban Development (HUD), 2025, https://www.census.gov/construction/bps"
restoration,Pittsburgh,PA,"According to the U.S. Bureau of Labor Statistics May 2023 Occupational Employment and Wage Statistics (OEWS), the Pittsburgh, PA Metropolitan Statistical Area employed 330 Hazardous Materials Removal Workers (SOC 47-4041), representing an employment density of 0.304 workers per 1,000 jobs in the metro area.","U.S. Bureau of Labor Statistics, May 2023 OEWS, https://www.bls.gov/oes/2023/may/oes_38300.htm",,,"New residential building permits in the Pittsburgh, PA MSA reached 6,294 total units in 2023 (including 3,348 single-family units). Permitting momentum moderated in 2024, decreasing to 1,664 housing units permitted across top local permit-issuing places tracked by the Census Bureau.","U.S. Census Bureau, 2024 Annual Building Permits Survey, https://www.census.gov/construction/bps"
restoration,Portland,OR,"The Portland-Vancouver-Hillsboro, OR-WA metropolitan statistical area employs approximately 440 Hazardous Materials Removal Workers (SOC 47-4041) with a location quotient of 1.12, reflecting a workforce density slightly higher than the national baseline.","U.S. Bureau of Labor Statistics, May 2023 Metropolitan and Nonmetropolitan Area Occupational Employment and Wage Estimates (Portland-Vancouver-Hillsboro, OR-WA), 2024, https://www.bls.gov/oes/current/oes_38900.htm",3663,"Angi, Water Damage Restoration Cost in Portland, OR, 2025, https://www.angi.com/articles/water-damage-restoration-cost.htm","Residential building permit volume in the Portland-Vancouver-Hillsboro MSA experienced a sharp downward trend in 2024, with multi-family permits falling 58.5% year-over-year to 2,696 units and single-family permits declining 2.7% to 1,649 units amidst elevated construction costs and interest rates.","U.S. Census Bureau, Building Permits Survey (via Realtor.com 2025 Metro Permitting Analysis), 2025, https://www.census.gov/construction/bps"
restoration,Providence,RI,"According to the Bureau of Labor Statistics Occupational Employment and Wage Statistics, there were 320 Hazardous Materials Removal Workers employed in the Providence-Warwick, RI-MA metropolitan statistical area, earning an annual mean wage of $57,580 ($27.68 per hour).","U.S. Bureau of Labor Statistics, May 2023 Metropolitan and Nonmetropolitan Area Occupational Employment and Wage Estimates: Providence-Warwick, RI-MA, 2024, https://www.bls.gov/oes/current/oes_39300.htm",,,"Residential building permit activity in the Providence-Warwick metro area and across Rhode Island trended sharply upward from 2022 through 2024, increasing from approximately 1,169 permitted units in 2023 to over 2,600 residential units permitted in 2024 (an 84% increase over 2022 levels), supported by state-level housing supply initiatives.","State of Rhode Island / U.S. HUD State of the Cities Data Systems (SOCDS) Building Permits Database, 2024, https://www.ri.gov"
restoration,Raleigh,NC,"According to the Bureau of Labor Statistics Occupational Employment and Wage Statistics (OEWS), the Raleigh-Cary, NC metropolitan statistical area employs approximately 70 Hazardous Materials Removal Workers (SOC 47-4041) performing restoration, remediation, and abatement activities, with an above-average location quotient of 2.33.","Bureau of Labor Statistics Occupational Employment and Wage Statistics (2024), https://www.bls.gov/oes/current/oes474041.htm",8407,"Angi Water Damage Restoration Cost Guide (2026), https://www.angi.com/articles/how-much-does-water-damage-restoration-cost.htm","Residential permitting activity in the Raleigh-Cary metro area reached 18,206 authorized housing units trailing twelve months (TTM) at a density of 12.81 permits per 1,000 residents, representing a year-over-year acceleration of +15.5%.","U.S. Census Bureau Building Permits Survey (2024), https://www.census.gov/construction/bps"
restoration,Richmond,VA,"According to the U.S. Bureau of Labor Statistics Occupational Employment and Wage Statistics (OEWS), the Richmond, VA Metropolitan Statistical Area employed 410 Hazardous Materials Removal Workers (SOC 47-4041) as of May 2023, representing a density of 0.631 workers per 1,000 total jobs in the metropolitan area.","U.S. Bureau of Labor Statistics, May 2023 Occupational Employment and Wage Statistics (OEWS), 2024, https://www.bls.gov/oes/current/oes_40060.htm",,,"According to HUD and U.S. Census Bureau Building Permits Survey data, homebuilding activity in the Richmond, VA MSA saw single-family permits total 20,850 units for the 12 months ending November 2024, representing a 4% decline compared to 21,750 units permitted in the previous 12-month period.","U.S. Department of Housing and Urban Development (HUD) / U.S. Census Bureau, Building Permits Survey (4Q 2024 Mid-Atlantic Regional Report), 2024"
restoration,Riverside-San Bernardino,CA,"According to the U.S. Bureau of Labor Statistics Occupational Employment and Wage Statistics (OEWS), the Riverside-San Bernardino-Ontario, CA metropolitan area employed 470 Hazardous Materials Removal Workers (SOC 47-4041) as of May 2023, with a mean hourly wage of $27.48 ($57,150 annually) and a location quotient of 0.85.","U.S. Bureau of Labor Statistics, 2023 OEWS, https://www.bls.gov/oes/current/oes_40140.htm",,,"U.S. Census Bureau Building Permits Survey data shows new residential housing units authorized by building permits in the Riverside-San Bernardino-Ontario MSA reached 16,320 units in 2022 (a 4.6% increase over 2021) valued at $3.9 billion. Permitting accelerated in early 2023, rising 24.17% year-over-year in the first half of 2023 to 11,355 units before broader regional construction activity moderated.",
restoration,Sacramento,CA,"According to the U.S. Bureau of Labor Statistics (BLS) Occupational Employment and Wage Statistics (OEWS), there were 360 Hazardous Materials Removal Workers (SOC 47-4041) employed in the Sacramento--Roseville--Arden-Arcade, CA Metropolitan Statistical Area, earning a mean hourly wage of $29.55 and an annual mean wage of $61,470.","U.S. Bureau of Labor Statistics OEWS, 2023, https://www.bls.gov/oes/current/oes_40900.htm",3100,"Good Life Restoration, 2024","In Sacramento County, total building permit volume dipped 2.1% from 6,894 permits in 2023 to 6,747 permits in 2024, while total permit valuation increased 10.7% from $1.77 billion to $1.96 billion over the same period.","U.S. Census Bureau Building Permits Survey via California Employment Development Department, 2024, https://labormarketinfo.edd.ca.gov/data/building-permits.html"
restoration,Salt Lake City,UT,"According to the BLS Occupational Employment and Wage Statistics (OEWS) report, the Salt Lake City, UT Metropolitan Statistical Area had an estimated 60 Hazardous Materials Removal Workers (SOC 47-4041) employed as of May 2023, representing a location quotient of 0.37 relative to the national average concentration.","U.S. Bureau of Labor Statistics (BLS) OEWS, 2023, https://www.bls.gov/oes/current/oes_41620.htm",,,"Residential building permitting in the Wasatch Front / Salt Lake metro area peaked in 2021-2022 at over 28,000 authorized housing units before declining through 2023-2024 down to 17,970 units in 2024 due to elevated mortgage rates, before experiencing a local rebound in multi-family permitting activity in 2025.","Kem C. Gardner Policy Institute, 2025, https://gardner.utah.edu/economics/ivory-boyer-construction-database"
restoration,San Antonio,TX,"According to the Bureau of Labor Statistics OEWS estimates, the San Antonio-New Braunfels, TX MSA employed approximately 320 Hazardous Materials Removal Workers (SOC 47-4041) with a location quotient of 0.89 relative to the national average.","U.S. Bureau of Labor Statistics, May 2023 Occupational Employment and Wage Statistics: San Antonio-New Braunfels, TX, 2024, https://www.bls.gov/oes/current/oes_41700.htm",2900,"Water Damage Restoration Cost Calculator, Water Damage Restoration Cost in San Antonio, TX, 2026, https://www.waterdamagerestorationcostcalculator.com","Single-family building permits in the San Antonio-New Braunfels MSA increased 29% year-over-year in Q2 2024 to 3,300 homes, while multifamily permitting slowed following robust deliveries of over 25,000 apartment units between mid-2021 and mid-2024.","U.S. Department of Housing and Urban Development (HUD) User, Regional Activity - Southwest 2Q 2024 Report, 2024"
restoration,San Diego,CA,"According to the U.S. Bureau of Labor Statistics May 2023 OEWS data, the San Diego-Carlsbad, CA metropolitan statistical area employed 590 hazardous materials removal workers (SOC 47-4051).","U.S. Bureau of Labor Statistics, 2024, https://www.bls.gov/oes/current/oes_41740.htm",,,"In 2024, local building permit offices in the San Diego-Chula Vista-Carlsbad, CA MSA authorized permits for 6,615 new residential housing units, an increase of 850 units (+14.7%) compared to 5,765 units authorized in 2023.","U.S. Census Bureau, 2024, https://www.census.gov/construction/bps"
restoration,San Francisco,CA,,,3159,"Angi (2026), https://www.angi.com/articles/water-damage-restoration-cost.htm","New private housing unit authorizations in San Francisco County declined from 2,519 units in 2021 to 2,044 in 2022, 1,136 in 2023, and 770 in 2024, representing a 69.4% cumulative drop over three years.","U.S. Census Bureau via Federal Reserve Bank of St. Louis FRED (2026), https://fred.stlouisfed.org/series/BPPRIV006075"
restoration,San Jose,CA,"According to the U.S. Bureau of Labor Statistics May 2023 OEWS data, there were 300 Hazardous Materials Removal Workers (SOC 47-4041) employed in the San Jose-Sunnyvale-Santa Clara, CA metropolitan statistical area, representing an employment density of 0.267 per 1,000 jobs (location quotient of 0.81).","U.S. Bureau of Labor Statistics, May 2023 Metropolitan and Nonmetropolitan Area Occupational Employment and Wage Estimates: San Jose-Sunnyvale-Santa Clara, CA, 2024, https://www.bls.gov/oes/current/oes_41940.htm",,,"Residential building permit activity in the San Jose-Sunnyvale-Santa Clara metro area has trended downward in recent years, declining from 8,207 total units permitted in 2022 to 6,847 units in 2023, and reaching 6,714 units for the 12 months ending November 2024 (with rental unit permits falling 7% year-over-year).","U.S. Department of Housing and Urban Development (HUD), Office of Policy Development and Research, Comprehensive Housing Market Analysis: San Jose-Sunnyvale-Santa Clara, California, 2024, https://www.huduser.gov/portal/ushmc/chma_archive.html"
restoration,Seattle,WA,"According to the Bureau of Labor Statistics May 2023 OEWS, the Seattle-Tacoma-Bellevue, WA MSA employed 830 Hazardous Materials Removal Workers (SOC 47-4041) representing a location quotient of 1.21 relative to national concentration, with an annual mean wage of $68,790.","U.S. Bureau of Labor Statistics, May 2023 OEWS Metropolitan and Nonmetropolitan Area Occupational Employment and Wage Estimates - Seattle-Tacoma-Bellevue, WA, 2024, https://www.bls.gov/oes/current/oes_42660.htm",,,"New privately-owned housing units authorized by building permits in the Seattle-Tacoma-Bellevue MSA grew by approximately 4.4%, rising from 15,002 authorized units in 2024 to 15,659 authorized units in 2025, placing the metro among the top 20 nationwide in overall permitting volume.","U.S. Census Bureau, Annual Building Permits Survey - Top 20 Metropolitan CBSAs: 2025, 2026, https://www.census.gov/construction/bps"
restoration,St. Louis,MO,"According to BLS Occupational Employment and Wage Statistics (OEWS) data, there were approximately 260 Hazardous Materials Removal Workers (SOC 47-4041) employed across all industries in the St. Louis, MO-IL metropolitan statistical area.","U.S. Bureau of Labor Statistics (BLS), 2023, https://www.bls.gov/oes/current/oes_41180.htm",1398,"Angi St. Louis Water Damage Restoration Cost Report, 2025, https://www.angi.com/articles/water-damage-restoration-cost.htm","Residential building permit activity in the St. Louis metropolitan area has trended downward since 2019, reaching a low point of 5,417 total authorized housing permits (including 3,530 single-family units) in 2025, ranking 58th nationwide among major U.S. metro areas.","U.S. Census Bureau Building Permits Survey (reported by KSDK News), 2026, https://www.ksdk.com/article/news/local/housing-permits-st-louis-metropolitan-area-census-data/63-9eb12f5a-c606-44cb-bc0d-7d7ee4d84f29"
restoration,Tampa,FL,"As of May 2023, the Tampa-St. Petersburg-Clearwater, FL metropolitan statistical area employed approximately 700 Hazardous Materials Removal Workers (SOC 47-4041), representing an employment density of 0.494 per 1,000 jobs and a location quotient of 1.50 compared to the national average.","U.S. Bureau of Labor Statistics (BLS), May 2023 Occupational Employment and Wage Statistics (OEWS), 2024, https://www.bls.gov/oes/current/oes_45300.htm",,,"In 2023, Tampa Bay region counties authorized 55,085 total residential units, representing a 27% increase compared to 2019. Within Hillsborough County, total permitted units peaked at 19,305 in 2021 before moderating to 14,502 units in 2023.","Plan Hillsborough / U.S. Census Bureau Building Permits Survey, 2024, https://planhillsborough.org/in-2023-tampa-bay-issued-27-more-residential-building-permits-than-2019"
restoration,Virginia Beach,VA,"According to the U.S. Bureau of Labor Statistics May 2023 Occupational Employment and Wage Statistics (OEWS), the Virginia Beach-Norfolk-Newport News, VA-NC metropolitan statistical area employed 300 Hazardous Materials Removal Workers (SOC 47-4041), with a location quotient of 1.25, indicating an employment density 25% higher than the national average.","U.S. Bureau of Labor Statistics, 2023, https://www.bls.gov/oes/2023/may/oes_47300.htm",,,"Residential building permit activity in the Virginia Beach MSA has trended downward in recent years, declining from 7,516 authorized units in 2022 to 6,772 units in 2023, and further dropping to 6,166 units for the 12 months ending October 2024 (an approximate 10.6% year-over-year decline).","U.S. Department of Housing and Urban Development (HUD) / U.S. Census Bureau Building Permits Survey, 2024, https://www.huduser.gov/portal/ushmc/chma_archive.html"
restoration,Washington DC,DC,"In the Washington-Arlington-Alexandria, DC-VA-MD-WV metropolitan statistical area, there were 890 Hazardous Materials Removal Workers (SOC 47-4041) employed, representing an employment density of 0.288 per 1,000 jobs (location quotient of 0.88).","U.S. Bureau of Labor Statistics (BLS) Occupational Employment and Wage Statistics (OEWS), 2023, https://www.bls.gov/oes/current/oes474041.htm",,,"Residential construction permit activity in the Mid-Atlantic and Washington-Arlington-Alexandria MSA experienced a downward trend, with first-quarter 2025 regional housing authorizations declining by 3% year-over-year amid elevated interest rates.","U.S. Department of Housing and Urban Development (HUD), 2025"
