trade,state_name,state,median_hourly_wage_usd,wage_differential_vs_national_pct,median_wage_source,license_regime,license_source
hvac,Alabama,AL,22.62,-17.89,"U.S. Bureau of Labor Statistics (BLS) Occupational Employment and Wage Statistics (OEWS), May 2023, https://www.bls.gov/oes/current/oes_al.htm","State-level licensing is required in Alabama for HVAC and refrigeration contracting, regulated by the Alabama Board of Heating, Air Conditioning, and Refrigeration Contractors (HACR). Specific license tiers include Heating & Air Conditioning Contractor (Active/Inactive), Refrigeration Contractor (Active/Inactive), and Duct Air Tightness Contractor. Applicants must pass a state-administered exam via Prov and document at least 3,000 hours of apprenticeship/work experience or complete an approved curriculum.","Alabama Board of Heating, Air Conditioning, and Refrigeration Contractors (HACR), 2024, https://hacr.alabama.gov"
hvac,Alaska,AK,36.24,31.54,"U.S. Bureau of Labor Statistics (BLS) Occupational Employment and Wage Statistics (OEWS), May 2023 (published April 2024), https://www.bls.gov/oes/current/oes_ak.htm","State-level registration is required for Mechanical Contractors through the Alaska Division of Corporations, Business and Professional Licensing (CBPL). Individual HVAC technicians are not licensed as journeymen at the state level; however, a contracting business must register as a Mechanical Contractor and employ or be owned by a licensed Mechanical Administrator. Specialty mechanical administrator license categories include Heating, Cooling, and Process Piping (HCPP), Unlimited HVAC/Sheet Metal (UHVCS), Unlimited Refrigeration (UR), Residential HVAC (RHVC), and Mechanical Systems Temperature Control (CNTL). Local municipalities (such as Anchorage) may impose additional local licensing requirements.","Alaska Department of Commerce, Community, and Economic Development - Division of Corporations, Business and Professional Licensing, 2024, https://www.commerce.alaska.gov/web/cbpl/ProfessionalLicensing/MechanicalAdministrators.aspx"
hvac,Arizona,AZ,23.86,-13.39,"U.S. Bureau of Labor Statistics (BLS) Occupational Employment and Wage Statistics (OEWS), May 2023, https://www.bls.gov/oes/current/oes_az.htm and https://www.bls.gov/oes/current/oes499021.htm","State-level licensing is required in Arizona for any HVAC work exceeding $1,000 in total cost or requiring a building permit, administered by the Arizona Registrar of Contractors (ROC). License classifications for HVAC contractors include Specialty Residential (R-39 / R-79 with solar), Specialty Commercial (C-39 / C-79 with solar), and Dual Residential/Commercial (CR-39 / CR-79 with solar). Individual technicians work under a licensed contractor, though local municipalities (such as the City of Phoenix) may maintain local journeyman/apprentice certifications.","Arizona Registrar of Contractors (ROC), 2024, https://roc.az.gov/license-classifications"
hvac,Arkansas,AR,22.9,-16.88,"U.S. Bureau of Labor Statistics, May 2023 State OEWS, https://www.bls.gov/oes/current/oes_ar.htm","State-level licensing is required in Arkansas and administered statewide by the Arkansas Department of Labor and Licensing (State HVAC/R Board). Tiers include Class A (unlimited capacity), Class B (up to 15 tons cooling capacity), Class C (servicing and repair only), Class D (sheet metal and ductwork), Class E (refrigeration without horsepower limits), Class L (lifetime license for applicants age 65+), and HVAC/R Registrant (entry-level technicians working under a licensed contractor).","Arkansas Department of Labor and Licensing, State HVAC/R Board (2022), https://www.labor.arkansas.gov/labor/code-enforcement/hvac-r"
hvac,California,CA,29.92,8.6,"U.S. Bureau of Labor Statistics (BLS), 2023, https://www.bls.gov/oes/current/oes_ca.htm","California requires state-level licensure through the Contractors State License Board (CSLB) for any HVAC work valued at $500 or more (labor and materials combined). The standard license classification is the Class C-20 Warm-Air Heating, Ventilating and Air-Conditioning Contractor license (and Class C-38 for Refrigeration). Applicants must be at least 18 years old, document at least 4 years of journey-level experience within the last 10 years, and pass state Law & Business and Trade examinations.","California Contractors State License Board (CSLB), 2023, https://www.cslb.ca.gov"
hvac,Colorado,CO,29.48,7.01,"U.S. Bureau of Labor Statistics, May 2023 OEWS State Occupational Employment and Wage Estimates (Colorado), published April 2024, https://www.bls.gov/oes/current/oes_co.htm","No state-level HVAC contractor license is required in Colorado. License regimes are decentralized and governed at the local municipal or county level (e.g., Denver Community Planning and Development, Pikes Peak Regional Building Department). However, state-level licensure through the Colorado Department of Regulatory Agencies (DORA) is required for any electrical or plumbing work performed as part of HVAC installations.","Colorado Department of Regulatory Agencies (DORA), Division of Professions and Occupations (2024), https://dora.colorado.gov"
hvac,Connecticut,CT,31.15,13.07,"U.S. Bureau of Labor Statistics (BLS) Occupational Employment and Wage Statistics (OEWS), May 2023, https://www.bls.gov/oes/current/oes_ct.htm","State-level licensing is required in Connecticut for HVAC and refrigeration work, administered by the Department of Consumer Protection (DCP). Primary license tiers include Unlimited Heating, Piping, and Cooling Contractor (S-1) and Journeyperson (S-2), and Limited Warm Air, Air Conditioning, and Refrigeration Contractor (D-1) and Journeyperson (D-2).","Connecticut Department of Consumer Protection (DCP), 2024"
hvac,Delaware,DE,29.11,5.66,"U.S. Bureau of Labor Statistics, May 2023 State Occupational Employment and Wage Estimates - Delaware, 2024, https://www.bls.gov/oes/current/oes_de.htm","Statewide licensing is required in Delaware to provide HVACR services. The Delaware Board of Plumbing, Heating, Ventilation, Air Conditioning and Refrigeration Examiners (under the Division of Professional Regulation) issues state-level licenses for Master HVACR (unrestricted) and Master HVACR Restricted (limited to specific specialties such as forced air heating, hydronics, refrigeration, air conditioning, commercial hoods, or gas piping), alongside Journeyman and registered Apprentice classifications.","Delaware Division of Professional Regulation, Board of Plumbing, Heating, Ventilation, Air Conditioning and Refrigeration Examiners, 2024"
hvac,Florida,FL,23.66,-14.12,"U.S. Bureau of Labor Statistics (BLS) Occupational Employment and Wage Statistics (OEWS), May 2023, https://www.bls.gov/oes/2023/may/oes499021.htm","Florida requires state-level licensing for HVAC contracting under Florida Statutes Chapter 489, regulated by the Florida Department of Business and Professional Regulation (DBPR) Construction Industry Licensing Board (CILB). Licenses exist in two geographic scopes: Certified (statewide operating authority) and Registered (restricted to specific county or municipal jurisdictions where local competency requirements were met). Main contractor license tiers include Class A Air Conditioning Contractor (unlimited system size and cooling/heating capacity), Class B Air Conditioning Contractor (capped at systems up to 25 tons cooling and 500,000 BTU heating per unit), and Mechanical Contractor (unlimited HVAC scope plus broader mechanical systems including medical gas, fuel gas, and commercial refrigeration).","Florida Department of Business and Professional Regulation (DBPR), Construction Industry Licensing Board (CILB), 2024, https://www.myfloridalicense.com"
hvac,Georgia,GA,27.11,-7.57,"U.S. Bureau of Labor Statistics (BLS) Occupational Employment and Wage Statistics (OEWS), 2025, https://www.bls.gov/oes/current/oes499021.htm","A state-level license is required in Georgia to perform or contract conditioned air work under O.C.G.A. § 43-14. Licenses are issued by the Georgia State Construction Industry Licensing Board, Division of Conditioned Air Contractors. Two tiers exist: Class I (Restricted), which limits work to systems not exceeding 175,000 BTU heating and 60,000 BTU cooling (requires 4 years of documented experience), and Class II (Unrestricted), which has no BTU or capacity limitations (requires 5 years of experience, including commercial system installation).","Georgia State Construction Industry Licensing Board - Division of Conditioned Air Contractors, 2024, https://sos.ga.gov/georgia-state-construction-industry-licensing-board-division-conditioned-air-contractors"
hvac,Hawaii,HI,32.53,18.08,"U.S. Bureau of Labor Statistics (BLS) OEWS, May 2023 OEWS State Occupational Employment and Wage Estimates, https://www.bls.gov/oes/current/oes_hi.htm","State-level license required. Hawaii regulates contractors at the state level through the Department of Commerce and Consumer Affairs (DCCA), Professional and Vocational Licensing Division (PVL), Contractors License Board under Hawaii Revised Statutes (HRS) Chapter 444 for projects exceeding $1,500. HVAC and Refrigeration trade tiers fall under Class C Specialty Contractor licenses, specifically C-52 (Ventilating and Air Conditioning Contractor) and C-40 (Refrigeration Contractor). Qualifications require 4 years of supervisory trade experience within the past 10 years and passing business/law and trade examinations.","Hawaii DCCA Professional and Vocational Licensing Division, Contractors License Board, 2024, https://cca.hawaii.gov/pvl/boards/contractor"
hvac,Idaho,ID,22.84,-17.1,"U.S. Bureau of Labor Statistics (BLS) May 2023 OEWS, https://www.bls.gov/oes/current/oes_id.htm","Statewide licensing is required in Idaho and governed uniformly at the state level by the Idaho Division of Occupational and Professional Licenses (DOPL) HVAC Board. License tiers include HVAC Apprentice, HVAC Journeyman, HVAC Specialty Journeyman, HVAC Specialty Contractor, and HVAC Contractor.","Idaho Division of Occupational and Professional Licenses (DOPL), 2024, https://dopl.idaho.gov"
hvac,Illinois,IL,31.21,13.28,"U.S. Bureau of Labor Statistics (BLS), May 2023 State Occupational Employment and Wage Estimates: Illinois, https://www.bls.gov/oes/current/oes_il.htm","Illinois does not offer or require a statewide HVAC contractor or technician license; trade licensing and contractor registration are regulated at the local municipal and county level (e.g., City of Chicago), while EPA Section 608 certification is required for refrigerant handling.","Illinois Department of Financial and Professional Regulation (IDFPR), 2026, https://www.idfpr.illinois.gov"
hvac,Indiana,IN,28.54,3.59,"U.S. Bureau of Labor Statistics (BLS) Occupational Employment and Wage Statistics (OEWS), May 2023, https://www.bls.gov/oes/current/oes_in.htm","Indiana does not issue or mandate a statewide license for HVAC contractors or technicians; regulatory authority is deferred to local municipalities (e.g., Indianapolis/Marion County, Fort Wayne, Muncie). License tiers are defined locally where required; for instance, Indianapolis offers Unrestricted Air Conditioning Class A, Restricted Air Conditioning Class B, Restricted Air Conditioning Class D, Refrigeration, and High-Pressure Steam licenses.","Indiana Professional Licensing Agency (IPLA), 2026, https://www.in.gov/pla/ and City of Indianapolis Department of Business and Neighborhood Services, 2023, https://www.indy.gov/agency/department-of-business-and-neighborhood-services"
hvac,Iowa,IA,28.37,2.98,"BLS state OEWS, May 2023, https://www.bls.gov/oes/current/oes_ia.htm","Statewide licensing is required in Iowa through the Department of Inspections, Appeals, and Licensing (DIAL) Plumbing and Mechanical Systems Board (PMSB). Tiers include Apprentice, Service Technician HVAC Specialty, Journeyperson, Master, and Contractor.","Iowa Department of Inspections, Appeals, and Licensing (DIAL) Plumbing and Mechanical Systems Board, 2026"
hvac,Kansas,KS,24.87,-9.73,"U.S. Bureau of Labor Statistics (BLS) Occupational Employment and Wage Statistics (OEWS), May 2023, https://www.bls.gov/oes/current/oes_ks.htm","Kansas does not issue or require a statewide HVAC contractor or trade license. Licensing and permitting are decentralized and administered at the municipal or county level pursuant to K.S.A. 12-1540 et seq. Local jurisdictions (such as Wichita/Sedgwick County, Topeka, and Kansas City) establish their own licensing requirements, which generally follow a four-tier structure: Apprentice, Journeyman Mechanical, Master Mechanical, and Mechanical Contractor.","Kansas Office of Revisor of Statutes, K.S.A. 12-1542 (Rules and regulations relating to licensure and examination of HVAC contractors and mechanics), 2023, https://www.ksrevisor.gov/statutes/chapters/ch12/012_015_0042.html"
hvac,Kentucky,KY,24.3,-11.8,"U.S. Bureau of Labor Statistics OEWS, May 2023, https://www.bls.gov/oes/current/oes_ky.htm","Statewide licensing is required in Kentucky for HVAC professionals, administered by the Kentucky Department of Housing, Buildings and Construction (DHBC) - Division of HVAC. License tiers consist of Apprentice (registration required), Journeyman HVAC Mechanic, and Master HVAC Contractor.","Kentucky Department of Housing, Buildings and Construction (815 KAR 8:010), 2024, https://dhbc.ky.gov"
hvac,Louisiana,LA,25.8,-6.35,"U.S. Bureau of Labor Statistics (BLS) Occupational Employment and Wage Statistics (OEWS), May 2023, https://www.bls.gov/oes/current/oes_la.htm","State-level licensing is required in Louisiana through the Louisiana State Licensing Board for Contractors (LSLBC). A state Mechanical Contractor License is required for mechanical/HVAC projects valued over $10,000 (labor and materials) for commercial work or over $50,000 for residential work. Tiers/classifications include Mechanical Work with subclassification categories such as Heating, Air Conditioning, Ventilation, Duct Work and Refrigeration.","Louisiana State Licensing Board for Contractors (LSLBC), 2024, https://www.lslbc.gov"
hvac,Maine,ME,27.48,-0.25,"U.S. Bureau of Labor Statistics (BLS) Occupational Employment and Wage Statistics (OEWS), May 2023, https://www.bls.gov/oes/current/oes_me.htm","State-level trade licensing is required in Maine for heating and fuel HVAC technicians, administered by the Maine Fuel Board within the Office of Professional and Occupational Regulation (OPOR), Department of Professional and Financial Regulation (DPFR). License tiers include Apprentice Oil Burner and/or Solid Fuel Technician, Journeyman Oil Burner and/or Solid Fuel Technician, Master Oil Burner and/or Solid Fuel Technician, Propane and Natural Gas Technicians/Helpers, and Limited specialty licenses. Handling refrigerants also requires federal EPA Section 608 certification.","Maine Office of Professional and Occupational Regulation (OPOR) - Maine Fuel Board, 2024"
hvac,Maryland,MD,30.09,9.22,"U.S. Bureau of Labor Statistics (BLS) Occupational Employment and Wage Statistics (OEWS), May 2023, https://www.bls.gov/oes/current/oes_md.htm","A state-level license is required in Maryland to perform HVACR services, issued by the Maryland Board of HVACR Contractors under the Maryland Department of Labor. Local jurisdictions issue local permits for work but do not issue separate local HVAC trade licenses. License tiers include Apprentice, Journeyman, Restricted Journeyman, Limited Contractor, Master Restricted, and Master Contractor.","Maryland Board of Heating, Ventilation, Air Conditioning and Refrigeration Contractors, Maryland Department of Labor, 2024, https://www.labor.maryland.gov/license/hvacr"
hvac,Massachusetts,MA,35.43,28.6,"U.S. Bureau of Labor Statistics (BLS) Occupational Employment and Wage Statistics (OEWS), May 2023, https://www.bls.gov/oes/current/oes_ma.htm","Massachusetts requires state-level licensing for specific component trades of HVAC rather than a single unified statewide HVAC contractor license. Work on refrigeration systems with 10 tons or greater capacity requires a Refrigeration license issued by the Office of Public Safety and Inspections (Bureau of Pipefitters, Refrigeration Technicians, and Sprinkler Fitters) with Apprentice, Journeyman Refrigeration Technician, and Master Refrigeration Contractor tiers. Ductwork and HVAC sheet metal work require a Sheet Metal Worker license issued by the Board of Examiners of Sheet Metal Workers (Apprentice, Journeyperson, and Master tiers). Piping for gas-fired equipment requires a Gas Fitter license from the Board of State Examiners of Plumbers and Gas Fitters. Permits are issued locally by city and town building departments.","Massachusetts Division of Occupational Licensure (DOL), Office of Public Safety and Inspections, 2024, https://www.mass.gov/orgs/bureau-of-pipefitters-refrigeration-technicians-and-sprinkler-fitters"
hvac,Michigan,MI,24.55,-10.89,"U.S. Bureau of Labor Statistics OEWS, May 2023, https://www.bls.gov/oes/current/oes_mi.htm","State-level license required. Michigan regulates HVAC/R work through a statewide Mechanical Contractor License issued under Article 8 of the Skilled Trades Regulation Act (Public Act 407 of 2016, MCL 339.5801 et seq.) by the Michigan Department of Licensing and Regulatory Affairs (LARA), Bureau of Construction Codes. Local municipalities are statutorily prohibited from maintaining local licensing requirements. License categories include Mechanical Contractor (with work classifications for HVAC Equipment, Ductwork, Unlimited/Limited Heating Service, Unlimited/Limited Refrigeration & Air Conditioning Service, Hydronic Heating & Cooling, Fire Suppression, and Specialty) and Mechanic Trainee registration.","Michigan Department of Licensing and Regulatory Affairs (LARA) Bureau of Construction Codes, 2024"
hvac,Minnesota,MN,31.64,14.85,"U.S. Bureau of Labor Statistics (BLS) Occupational Employment and Wage Statistics (OEWS), May 2023, https://www.bls.gov/oes/current/oes_mn.htm","Minnesota does not require a statewide HVAC/mechanical contractor or individual technician license. Instead, business entities contracting to perform gas, heating, ventilation, cooling, air conditioning, fuel burning, or refrigeration work must register with the state and post a mechanical bond. Local municipalities (such as cities) may impose local contractor licensing, competency cards ('comp cards'), or permitting requirements.","Minnesota Department of Labor and Industry (DLI), Mechanical Contractor Bond Requirements, 2024"
hvac,Mississippi,MS,22.09,-19.82,"U.S. Bureau of Labor Statistics, May 2023 OEWS State Occupational Employment and Wage Estimates, https://www.bls.gov/oes/current/oes_ms.htm","State-level licensure is required in Mississippi by the Mississippi State Board of Contractors (MSBOC) for HVAC work meeting statutory project value thresholds. Commercial HVAC work valued at $50,000 or more (or specialty subcontracts over $10,000) requires a commercial contractor license with a Mechanical or HVAC classification. Residential HVAC remodeling work valued at $10,000 or more, or new residential construction over $50,000, requires a state residential contractor or subcontractor license. Projects below these thresholds are governed by local municipal and county licensing and permitting rules.","Mississippi State Board of Contractors (MSBOC), 2024, https://www.msboc.us"
hvac,Missouri,MO,27.82,0.98,"U.S. Bureau of Labor Statistics (BLS) State Occupational Employment and Wage Estimates (OEWS), May 2023, https://www.bls.gov/oes/current/oes499021.htm","Missouri does not require or issue a statewide license for HVAC contractors or technicians. Licensing is decentralized and regulated at the local city or county level (such as Kansas City or St. Louis County), in addition to federal EPA Section 608 certification for handling refrigerants.","Missouri Division of Professional Registration, 2024, https://pr.mo.gov"
hvac,Montana,MT,24.95,-9.44,"U.S. Bureau of Labor Statistics (BLS) OEWS, May 2023 State Occupational Employment and Wage Estimates - Montana, published April 2024, https://www.bls.gov/oes/current/oes_mt.htm","Montana does not mandate a statewide trade license or exam for individual HVAC technicians. However, HVAC contractor businesses must register with the Montana Department of Labor and Industry (DLI) under either Construction Contractor Registration (CCR, for businesses with employees) or an Independent Contractor Exemption Certificate (ICEC, for sole proprietors opting out of workers' compensation). Local licensing, trade exams, and permits may be required at the municipal level (e.g., Billings, Missoula, Great Falls).",
hvac,Nebraska,NE,26.57,-3.56,"U.S. Bureau of Labor Statistics (BLS) Occupational Employment and Wage Statistics (OEWS), May 2023, https://www.bls.gov/oes/current/oes_ne.htm","Nebraska does not issue or require a statewide HVAC trade license. Instead, the Nebraska Department of Labor (NDOL) requires contractor registration under the Nebraska Contractor Registration Act for businesses performing work on real property. Trade-specific HVAC/mechanical licensing, examinations, and credential tiers (master, journeyman) are regulated at the local municipal level (e.g., City of Omaha, City of Lincoln). EPA Section 608 certification is required federally for handling refrigerants.","Nebraska Department of Labor, Contractor Registration, 2024"
hvac,Nevada,NV,28.19,2.32,"U.S. Bureau of Labor Statistics (BLS) Occupational Employment and Wage Statistics (OEWS), May 2023, https://www.bls.gov/oes/2023/may/oes_nv.htm","State-level contractor license is required in Nevada for HVAC & Refrigeration work valued at $1,000 or more in labor and materials. Licenses are issued at the state level by the Nevada State Contractors Board (NSCB) under NRS Chapter 624. The primary trade license is Specialty Classification C-21 (Refrigeration and Air Conditioning), which encompasses seven subclassifications: C-21a (Refrigeration), C-21b (Air Conditioning), C-21c (Sheet Metal), C-21d (Maintenance), C-21e (Solar Air Conditioning), C-21f (Chilled and Hot Water Systems), and C-21g (Industrial Piping). Local jurisdictions require general business permits but do not issue separate trade licenses.","Nevada State Contractors Board (NSCB) / Nevada Administrative Code § 624.380, 2023, https://www.leg.state.nv.us/NAC/NAC-624.html#NAC624Sec380"
hvac,New Hampshire,NH,29.42,6.79,"U.S. Bureau of Labor Statistics (BLS) Occupational Employment and Wage Statistics (OEWS), May 2023, https://www.bls.gov/oes/2023/may/oes_nh.htm and https://www.bls.gov/oes/2023/may/oes499021.htm","New Hampshire requires state-level licensing for fuel gas fitting and mechanical business entities through the Board of Mechanical Safety and Licensing under the Office of Professional Licensure and Certification (OPLC) (RSA 153:27-38). Personal license tiers for fuel gas include Trainee, Fuel Gas Piping Installer, Fuel Gas Installation Technician, and Fuel Gas Service Technician, along with Mechanical Business Entity licensure. General HVAC work that does not involve fuel gas fitting is not licensed at the state level and is governed by local municipal rules, though a voluntary state certification exists for oil heating technicians.","New Hampshire Office of Professional Licensure and Certification (OPLC), Board of Mechanical Safety and Licensing, 2024, https://www.oplc.nh.gov/mechanical-safety-and-licensing-board"
hvac,New Jersey,NJ,29.78,8.09,"U.S. Bureau of Labor Statistics (BLS) Occupational Employment and Wage Statistics (OEWS), May 2023, https://www.bls.gov/oes/current/oes_nj.htm","A state-level license is required to engage in HVACR contracting in New Jersey. The primary contracting credential is the Master HVACR Contractor License issued by the State Board of Examiners of Heating, Ventilating, Air Conditioning and Refrigeration (HVACR) Contractors under the New Jersey Division of Consumer Affairs. Municipalities do not issue separate trade licenses, though local permits are required for specific jobs.","New Jersey Division of Consumer Affairs, State Board of Examiners of Heating, Ventilating, Air Conditioning and Refrigeration (HVACR) Contractors, 2024, https://www.njconsumeraffairs.gov/hvacr"
hvac,New Mexico,NM,22.24,-19.27,"U.S. Bureau of Labor Statistics (BLS) OEWS, May 2023, https://www.bls.gov/oes/current/oes_nm.htm","State-level contractor licensing is mandatory in New Mexico, governed by the Regulation and Licensing Department (RLD) Construction Industries Division (CID) under the Construction Industries Licensing Act (NMSA 1978, Chapter 60, Article 13). Local municipal licenses do not override state certification. Licensing tiers include individual Journeyman Certificates of Competence (requiring 2 years / 4,000 hours experience) and Contractor Licenses (requiring a Qualifying Party with at least 4 years / 8,000 hours experience). Contractor trade classifications include MM-3 (Heating, Ventilation, and Air Conditioning), MM-2 (Natural Gas Fitting), MM-4 (Heating, Cooling, and Process Piping), and MM-98 (Mechanical Contractor, covering all MM categories plus plumbing).","New Mexico Regulation and Licensing Department (RLD) Construction Industries Division (CID), 2024, https://www.rld.nm.gov/boards-and-commissions/individual-boards-and-commissions/construction-industries"
hvac,New York,NY,30.94,12.3,"U.S. Bureau of Labor Statistics (BLS) Occupational Employment and Wage Statistics (OEWS), May 2023 (published April 2024), https://www.bls.gov/oes/current/oes_ny.htm","New York State does not issue a universal statewide HVAC contractor license. Licensing authority is delegated to individual cities and counties (e.g., NYC Department of Buildings, Nassau County, Suffolk County, Westchester County, Buffalo). EPA Section 608 certification is mandated federally for refrigerant handling.","New York Department of State (DOS) & NYC Department of Buildings (DOB), 2024, https://www.nyc.gov/site/buildings/index.page"
hvac,North Carolina,NC,24.33,-11.69,"U.S. Bureau of Labor Statistics, May 2023 State Occupational Employment and Wage Estimates, North Carolina (April 2024), https://www.bls.gov/oes/current/oes_nc.htm","State-level licensure is mandatory in North Carolina. Heating and HVAC contracting is licensed state-wide by the North Carolina State Board of Examiners of Plumbing, Heating and Fire Sprinkler Contractors under N.C.G.S. Chapter 87, Article 2, with license classifications including Heating Group 1 (H1 - unlimited), Heating Group 2 (H2 - commercial), Heating Group 3 (H3 - residential single-family), and technician sublicenses. Refrigeration contracting is licensed by a separate state agency, the North Carolina State Board of Refrigeration Contractors, under N.C.G.S. § 87-52.","North Carolina State Board of Examiners of Plumbing, Heating and Fire Sprinkler Contractors and NC State Board of Refrigeration Contractors (2024), https://nclicensing.org and https://refrigerationboard.org"
hvac,North Dakota,ND,30.3,9.98,"U.S. Bureau of Labor Statistics, Occupational Employment and Wage Statistics (OEWS), May 2023, https://www.bls.gov/oes/current/oes_nd.htm","North Dakota does not issue a specific statewide HVAC trade license. However, any contractor undertaking HVAC installation or repair projects valued at more than $4,000 must obtain a State Contractor's License from the North Dakota Secretary of State. Licenses are categorized into four monetary tiers: Class A (projects over $500,000), Class B (up to $500,000), Class C (up to $300,000), and Class D (up to $100,000). Individual HVAC technician licensing and trade permits are regulated at the municipal level by individual cities (e.g., Fargo, Bismarck, Minot, Grand Forks).","North Dakota Secretary of State, Contractor Licensing Division (N.D.C.C. Chapter 43-07), 2024"
hvac,Ohio,OH,27.39,-0.58,"U.S. Bureau of Labor Statistics (BLS) May 2023 State Occupational Employment and Wage Estimates - Ohio ($27.39) vs. National ($27.55), https://www.bls.gov/oes/current/oes_oh.htm and https://www.bls.gov/oes/current/oes499021.htm","State-level contractor licensing is required for commercial HVAC and Refrigeration work in Ohio through the Ohio Construction Industry Licensing Board (OCILB), operating under Ohio Revised Code Chapter 4740. OCILB issues state contractor licenses for specific categories including Heating, Ventilating, and Air Conditioning (HVAC) Contractor and Refrigeration Contractor. Residential HVAC work is regulated by local municipal building departments, though many cities require an active OCILB state license for local registration and permit issuance.","Ohio Department of Commerce, Ohio Construction Industry Licensing Board (OCILB) (2024), https://com.ohio.gov/divisions-and-programs/industrial-compliance/boards/ohio-construction-industry-licensing-board"
hvac,Oklahoma,OK,23.45,-14.88,"U.S. Bureau of Labor Statistics, May 2023 OEWS, https://www.bls.gov/oes/2023/may/oes_ok.htm","A state-level license is required to perform mechanical and HVAC/R work in Oklahoma under the Mechanical Licensing Act (59 O.S. § 1850.1 et seq.), enforced by the Oklahoma Construction Industries Board (CIB). Local municipalities require registration but accept the state trade license. Licensing tiers comprise Apprentice, Journeyman, and Contractor, with specific category classifications such as HVAC/R Limited, HVAC/R Unlimited, Refrigeration, Natural Gas, Process Piping, and Sheet Metal.","Oklahoma Construction Industries Board, 2024"
hvac,Oregon,OR,29.73,7.91,"U.S. Bureau of Labor Statistics, May 2023 State Occupational Employment and Wage Estimates - Oregon and National Estimates for SOC 49-9021 (2024), https://www.bls.gov/oes/current/oes_or.htm and https://www.bls.gov/oes/current/oes499021.htm","State-level licensing is required in Oregon. HVAC and refrigeration contractors must be licensed through the Oregon Construction Contractors Board (CCB) rather than local municipalities. Classifications and endorsements are divided into Residential (General Contractor, Specialty Contractor, Limited Contractor) and Commercial (Level 1 General/Specialty and Level 2 General/Specialty). Tradespeople performing specific electrical or mechanical connections may also require specialized trade certifications through the Oregon Building Codes Division (BCD), and technicians handling refrigerants must hold EPA Section 608 certification.","Oregon Construction Contractors Board (CCB) (2024), https://www.oregon.gov/ccb/Pages/index.aspx"
hvac,Pennsylvania,PA,28,1.63,"U.S. Bureau of Labor Statistics (BLS) Occupational Employment and Wage Statistics (OEWS), May 2023 (published April 2024), https://www.bls.gov/oes/current/oes_pa.htm","Pennsylvania does not mandate or issue a statewide HVAC trade license for technicians or contractors. HVAC trade licensing and permitting are regulated at the local municipal level (e.g., Philadelphia, Pittsburgh). At the state level, under the Home Improvement Consumer Protection Act (HICPA), any contractor performing residential home improvement work (including HVAC) exceeding $5,000 annually must register as a Home Improvement Contractor with the Pennsylvania Office of Attorney General. Additionally, federal EPA Section 608 certification is required for technicians handling refrigerants.","Pennsylvania Office of Attorney General, Home Improvement Consumer Protection Act (HICPA), 2024"
hvac,Rhode Island,RI,29.93,8.64,"U.S. Bureau of Labor Statistics (BLS) Occupational Employment and Wage Statistics (OEWS), May 2023, https://www.bls.gov/oes/current/oes_ri.htm","State-level licensing is required in Rhode Island. Individual tradespeople are licensed through the Rhode Island Department of Labor and Training (RIDLT) Division of Professional Regulation under R.I. Gen. Laws § 28-27. Tiers exist across three mechanical trade categories (Refrigeration/Air Conditioning, Pipefitter, and Sheet Metal), with license levels including Apprentice, Journeyperson (Class I unlimited and Class II limited), Master Contractor (Class I and Class II), and Master Mechanical Contractor. In addition, HVAC contracting business entities must register with the Rhode Island Contractors' Registration and Licensing Board (RICRLB).","Rhode Island Department of Labor and Training (RIDLT) Division of Professional Regulation / Rhode Island General Laws Chapter 28-27, 2024, https://dlt.ri.gov"
hvac,South Carolina,SC,24,-12.89,"U.S. Bureau of Labor Statistics, May 2023 State Occupational Employment and Wage Estimates: South Carolina, 2024, https://www.bls.gov/oes/current/oes_sc.htm","State-level licensing is required in South Carolina. HVAC trade work is regulated by the South Carolina Department of Labor, Licensing and Regulation (LLR). Residential HVAC installations and repairs exceeding $200 are regulated by the South Carolina Residential Builders Commission under the Residential Specialty Contractor (HVAC) license. Commercial HVAC work exceeding $10,000 is regulated by the South Carolina Contractor's Licensing Board under the Mechanical Contractor license (HVAC classification), structured into 5 tier groups based on project limits: Group 1 (up to $35,000), Group 2 (up to $100,000), Group 3 (up to $200,000), Group 4 (up to $400,000), and Group 5 (unlimited capacity).","South Carolina Department of Labor, Licensing and Regulation (LLR) Contractor's Licensing Board and Residential Builders Commission, 2024, https://llr.sc.gov"
hvac,South Dakota,SD,26.2,-4.9,"U.S. Bureau of Labor Statistics (BLS) Occupational Employment and Wage Statistics (OEWS), May 2023, https://www.bls.gov/oes/current/oes_sd.htm","South Dakota does not require a state-level HVAC contractor or technician license. Licensing and mechanical contractor registrations are governed locally at the municipal or county level (e.g., Sioux Falls and Rapid City). State requirements for contractors doing installation work are limited to obtaining a South Dakota Contractor's Excise Tax License from the Department of Revenue, and technicians handling refrigerants must hold federal EPA Section 608 certification.","South Dakota Department of Revenue / South Dakota Department of Labor and Regulation, 2024, https://dor.sd.gov/businesses/taxes/contractors-excise-tax"
hvac,Tennessee,TN,23.1,-16.15,"U.S. Bureau of Labor Statistics (BLS), May 2023 OEWS, https://www.bls.gov/oes/current/oes_tn.htm and https://www.bls.gov/oes/current/oes499021.htm","In Tennessee, a state-level contractor license is required by the Board for Licensing Contractors for HVAC/Refrigeration projects valued at $25,000 or more (labor and materials combined). License classifications include CMC-C (Mechanical - HVAC/Refrigeration) and CMC (Full Mechanical, covering HVAC, plumbing, and fire protection). For projects under $25,000, state contractor licensing is not required, but local municipal/county trade licenses, permits, or limited electrician licenses may apply.","Tennessee Department of Commerce and Insurance, Board for Licensing Contractors, 2026, https://www.tn.gov/commerce/regboards/contractors.html"
hvac,Texas,TX,24.13,-12.41,"U.S. Bureau of Labor Statistics (BLS) Occupational Employment and Wage Statistics (OEWS), May 2023, https://www.bls.gov/oes/current/oes_tx.htm","State-level licensing is required in Texas. The Texas Department of Licensing and Regulation (TDLR) regulates Air Conditioning and Refrigeration (ACR) Contractors under Texas Occupations Code Chapter 1302. License tiers include Class A (unlimited equipment capacity) and Class B (limited to cooling systems of 25 tons or less and heating systems of 1.5 million BTU/hr or less), with endorsements available in Environmental Air Conditioning, Commercial Refrigeration, and Process Cooling/Heating.","Texas Department of Licensing and Regulation (TDLR), 2024, https://www.tdlr.texas.gov/acr/acr.htm"
hvac,Utah,UT,23.97,-12.99,"U.S. Bureau of Labor Statistics, Occupational Employment and Wage Statistics (OEWS), May 2023, https://www.bls.gov/oes/current/oes_ut.htm","Utah requires statewide licensing through the Utah Division of Professional Licensing (DOPL) under the Utah Construction Trades Licensing Act (Title 58, Chapter 55). HVAC contractors are licensed under specialty classifications, historically S350 (HVAC Contractor) transitioning to H100 (HVAC Contractor), requiring a qualifier who meets experience, exam, and pre-licensure course criteria. EPA Section 608 certification is required for refrigerant handling.","Utah Division of Professional Licensing (DOPL), 2026, https://dopl.utah.gov"
hvac,Vermont,VT,27.32,-0.83,"U.S. Bureau of Labor Statistics (BLS) Occupational Employment and Wage Statistics (OEWS), May 2023, https://www.bls.gov/oes/current/oes_vt.htm","Vermont does not issue a single unified HVAC contractor license at the state level. Instead, the Vermont Department of Public Safety Division of Fire Safety licenses individuals as Electrical Specialists (ES) for specific HVAC duties: Specialty A1 for Automatic Gas/Oil Heating and Specialty C3 for Refrigeration and Air Conditioning. Additionally, residential contractors performing work valued at $10,000 or more must register with the Vermont Office of Professional Regulation (OPR).","Vermont Department of Public Safety Division of Fire Safety, 2024, https://firesafety.vermont.gov/licensing"
hvac,Virginia,VA,27.94,1.42,"U.S. Bureau of Labor Statistics (BLS) OEWS, May 2023, https://www.bls.gov/oes/current/oes_va.htm","State-level contractor licensing is required in Virginia by the Department of Professional and Occupational Regulation (DPOR) Board for Contractors under the Heating, Ventilation, and Air Conditioning (HVA) specialty designation. License tiers include Class C (single project under $10,000; total annual under $150,000), Class B (single project $10,000-$120,000; total annual $150,000-$750,000), and Class A (single project $120,000+; total annual $750,000+). Individual technicians performing work must also hold an HVAC Tradesman license (Journeyman or Master).","Virginia Department of Professional and Occupational Regulation (DPOR) Board for Contractors, 2024, https://www.dpor.virginia.gov/Boards/Contractors"
hvac,Washington,WA,31.17,13.14,"U.S. Bureau of Labor Statistics (BLS), May 2023 State Occupational Employment and Wage Estimates (Washington), https://www.bls.gov/oes/current/oes_wa.htm and May 2023 National Occupational Employment and Wage Estimates, https://www.bls.gov/oes/current/oes499021.htm","State-level contractor registration and trade licensing are required in Washington. Businesses offering HVAC services must register as a Specialty Contractor (or General Contractor) with the Washington State Department of Labor & Industries (L&I). Technicians performing electrical work on HVAC systems must obtain a specialty electrician license through L&I, including 06A Specialty Electrician HVAC/R (unrestricted voltage/phase, requiring 4,000 experience hours) or 06B Specialty Electrician HVAC/R Restricted (up to 240V/120A single-phase, requiring 2,000 experience hours), or maintain an Electrical Trainee certificate under supervision. Local municipalities (e.g., Seattle, Spokane) may also require city gas piping or mechanical licenses.","Washington State Department of Labor & Industries (L&I), 2024, https://www.lni.wa.gov/licensing-permits/contractors/register-as-a-contractor/ and"
hvac,West Virginia,WV,22.16,-19.56,"U.S. Bureau of Labor Statistics (BLS) Occupational Employment and Wage Statistics (OEWS), May 2023, https://www.bls.gov/oes/current/oes_wv.htm","Statewide licensing is required in West Virginia. The West Virginia Division of Labor certifies individual technicians across three tiers: Technician-in-Training (Apprentice), HVAC Residential Technician, and HVAC Technician (requiring 2,000 hours of experience/training and passing the ProV trade exam). Additionally, businesses executing HVAC contracting projects exceeding $2,500 (residential) or $5,000 (commercial) must hold a Heating, Ventilating and Cooling Contractor License issued by the West Virginia Contractor Licensing Board.","West Virginia Division of Labor / West Virginia Contractor Licensing Board, 2024"
hvac,Wisconsin,WI,28.62,3.88,"U.S. Bureau of Labor Statistics (BLS) Occupational Employment and Wage Statistics (OEWS), May 2023, https://www.bls.gov/oes/current/oes_wi.htm","Wisconsin does not issue a mandatory individual statewide trade license for HVAC technicians; instead, the Wisconsin Department of Safety and Professional Services (DSPS) requires an HVAC Contractor Registration (Wis. Admin. Code SPS 305.70) for businesses installing or servicing HVAC equipment. Individuals may voluntarily earn an HVAC Qualifier Certification (Wis. Admin. Code SPS 305.71) by meeting 4 years of education/experience requirements and passing a state examination, which exempts the business from local municipal licensing under Wis. Stat. § 101.178(3)(c). For 1-2 family residential projects, contractors must also hold a Dwelling Contractor credential paired with a Dwelling Contractor Qualifier.","Wisconsin Department of Safety and Professional Services (DSPS), 2024, https://dsps.wi.gov/Pages/Professions/HVACQualifier/Default.aspx"
hvac,Wyoming,WY,25.44,-7.66,"U.S. Bureau of Labor Statistics (BLS) Occupational Employment and Wage Statistics (OEWS), May 2023, https://www.bls.gov/oes/current/oes_wy.htm","Wyoming does not mandate a statewide HVAC or refrigeration contractor/technician license. Licensing is managed locally at the municipal or county level (e.g., Cheyenne, Casper, Gillette, Laramie), which typically offer apprentice, journeyman, and master license tiers along with local contractor permits. Federal EPA Section 608 certification is required for refrigerant handling.","Wyoming Business Council / City of Cheyenne Compliance Department, 2024"
plumbing,Alabama,AL,24.36,-17.67,"U.S. Bureau of Labor Statistics, Occupational Employment and Wage Statistics (OEWS), May 2023, https://www.bls.gov/oes/2023/may/oes_al.htm","State-level license required. The Alabama Plumbers and Gas Fitters Examining Board regulates the plumbing trade statewide under Code of Alabama Title 34, Chapter 37. Licensure tiers include Registered Apprentice, Journeyman Plumber (requires 2 years of apprentice experience and passing the journeyman examination), and Master Plumber (requires 1 year of experience as a journeyman plumber and passing the master examination). A certified Master Plumber must serve as the active principal for a business entity to contract plumbing work or pull permits.","Alabama Plumbers and Gas Fitters Examining Board, 2024, https://pgfb.alabama.gov"
plumbing,Alaska,AK,39.26,32.68,"U.S. Bureau of Labor Statistics (BLS), OEWS May 2023 State Occupational Employment and Wage Estimates - Alaska, 2024, https://www.bls.gov/oes/current/oes_ak.htm","State-level licensing is required in Alaska for both individual plumbers and plumbing contracting businesses. At the individual level, the Alaska Department of Labor and Workforce Development (DOLWD) Mechanical Inspection Section regulates tradespersons across tiers including Plumber Trainee/Apprentice, Journeyman Plumber (requires 8,000 hours of experience and passing the Journeyman Plumber exam), and Restricted Plumber (Gas or Utility). At the business level, contracting companies offering plumbing services must register as a Mechanical Contractor or Specialty Contractor with the Alaska Department of Commerce, Community, and Economic Development (DCCED) Division of Corporations, Business and Professional Licensing (CBPL) under AS 08.18 and designate a licensed Mechanical Administrator (Plumbing endorsement) under AS 08.40.","Alaska Department of Labor and Workforce Development / Division of Corporations, Business and Professional Licensing, 2024"
plumbing,Arizona,AZ,27.35,-7.57,"U.S. Bureau of Labor Statistics (BLS) Occupational Employment and Wage Statistics (OEWS), May 2023, https://www.bls.gov/oes/current/oes_az.htm","A state-level license issued by the Arizona Registrar of Contractors (AZ ROC) is required for plumbing work exceeding $1,000 in labor and materials or requiring a permit. Arizona issues trade licenses at the state level (rather than city/county) across three primary tiers: Specialty Commercial Plumbing (C-37), Specialty Residential Plumbing (R-37 / R-37R), and Specialty Dual License Plumbing (CR-37, covering both commercial and residential).","Arizona Registrar of Contractors (AZ ROC), 2024, https://roc.az.gov"
plumbing,Arkansas,AR,22.82,-22.88,"U.S. Bureau of Labor Statistics, May 2023 State Occupational Employment and Wage Estimates - Arkansas, 2024, https://www.bls.gov/oes/current/oes_ar.htm and May 2023 National Occupational Employment and Wage Estimates, 2024, https://www.bls.gov/oes/current/oes_nat.htm","Statewide license required. Individual plumber credentials are administered at the state level by the Arkansas Department of Health, Plumbing and Natural Gas Section, under Arkansas Code Title 17 Chapter 38. License tiers include Apprentice Plumber, Journeyman Plumber, Master Plumber Restricted (residential only), and Master Plumber Unrestricted (all occupancies). Additionally, plumbing contracting businesses performing projects valued at $50,000 or more must obtain a Plumbing specialty contractor license from the Arkansas Contractors Licensing Board (ACLB).","Arkansas Department of Health, Plumbing and Natural Gas Section / Arkansas Contractors Licensing Board, 2024, https://aclb.arkansas.gov/ and https://www.healthy.arkansas.gov"
plumbing,California,CA,30.28,2.33,"U.S. Bureau of Labor Statistics, May 2023 OEWS State Occupational Employment and Wage Estimates - California, https://www.bls.gov/oes/current/oes_ca.htm",State-level licensing is required in California for any plumbing project exceeding $500 (combined labor and materials). The license is administered at the state level by the California Contractors State License Board (CSLB) under the Department of Consumer Affairs. Licensing is held at the contractor level under the C-36 Plumbing Specialty Contractor classification (Class C Specialty Contractor). Individual journeymen do not hold separate state licenses but must work under a CSLB-licensed contractor; obtaining a C-36 license requires at least 4 years of verifiable journey-level experience and passing CSLB Law & Business and Trade examinations.,"California Contractors State License Board (CSLB), 2024, https://www.cslb.ca.gov"
plumbing,Colorado,CO,29.75,0.54,"U.S. Bureau of Labor Statistics (BLS) OEWS, May 2023, https://www.bls.gov/oes/current/oes_co.htm","State-level licensing is required in Colorado and administered by the State Plumbing Board under the Department of Regulatory Agencies (DORA). License tiers include Plumbing Apprentice (registration required within 30 days of employment), Residential Plumber (requires 3,400 hours / 2 years experience + exam), Journeyman Plumber (requires 6,800 hours / 4 years experience + exam), Master Plumber (requires 8,500 hours / 5 years experience + exam), and Plumbing Contractor (registration requiring a licensed Master Plumber as qualifier).","Colorado Department of Regulatory Agencies (DORA) State Plumbing Board, 2024"
plumbing,Connecticut,CT,31.04,4.9,"U.S. Bureau of Labor Statistics (BLS), May 2023 State Occupational Employment and Wage Estimates: Connecticut, released April 2024, https://www.bls.gov/oes/current/oes_ct.htm (National comparison: BLS OEWS May 2023, https://www.bls.gov/oes/current/oes472152.htm)","State-level license required statewide through the Connecticut Department of Consumer Protection (DCP) Plumbing and Piping Work Examining Board under Connecticut General Statutes Chapter 393. Main license tiers are P-1 (Unlimited Plumbing Contractor) and P-2 (Unlimited Journeyperson Plumber), along with limited contractor and journeyperson classifications (e.g., P-3, P-4, P-6, P-7, J-1, J-2).","Connecticut Department of Consumer Protection (DCP), Plumbing and Piping Work Examining Board, 2024"
plumbing,Delaware,DE,30.29,2.37,"U.S. Bureau of Labor Statistics, Occupational Employment and Wage Statistics (OEWS) May 2023, 2024, https://www.bls.gov/oes/current/oes_de.htm","Statewide licensing is required in Delaware at the state level. The trade is regulated by the Board of Plumbing, Heating, Ventilation, Air Conditioning and Refrigeration Examiners under the Delaware Division of Professional Regulation (DPR). License tiers consist of Apprentice Plumber (registered), Journeyman Plumber, and Master Plumber. Only a Master Plumber is authorized to contract independently, obtain plumbing permits, and supervise plumbing work across all Delaware counties.","Delaware Division of Professional Regulation, Board of Plumbing, Heating, Ventilation, Air Conditioning and Refrigeration Examiners, 2024, https://dpr.delaware.gov"
plumbing,Florida,FL,24.3,-17.88,"U.S. Bureau of Labor Statistics (BLS) Occupational Employment and Wage Statistics (OEWS), May 2024, https://www.bls.gov/oes/current/oes_fl.htm",Florida requires a state-level contractor license administered by the Construction Industry Licensing Board (CILB) under the Department of Business and Professional Regulation (DBPR). License categories include Certified Plumbing Contractor (authorized to practice statewide across Florida) and Registered Plumbing Contractor (restricted to specific local jurisdictions/counties where local certificates of competency are held). Individual journeyman and master plumber licenses are issued at the county or municipal level.,"Florida Department of Business and Professional Regulation (DBPR) Construction Industry Licensing Board, 2024"
plumbing,Georgia,GA,26.58,-10.17,"BLS State OEWS, May 2023, https://www.bls.gov/oes/current/oes_ga.htm","State-level license required. Administered by the Georgia State Construction Industry Licensing Board - Division of Master Plumbers. Tiers: Journeyman Plumber (requires 3 years experience under a licensed master plumber), Master Plumber Class I (Restricted to single-family/two-family dwellings and commercial structures up to 10,000 sq ft; requires 5 years experience including 2 years as journeyman), and Master Plumber Class II (Unrestricted; requires 5 years experience including commercial/industrial work).","Georgia State Construction Industry Licensing Board - Division of Master Plumbers, 2024, https://sos.ga.gov/georgia-state-construction-industry-licensing-board-division-master-plumbers"
plumbing,Hawaii,HI,35.62,20.38,"U.S. Bureau of Labor Statistics, Occupational Employment and Wage Statistics (OEWS), May 2023, https://www.bls.gov/oes/current/oes_hi.htm","State-level licensing is required in Hawaii. Individual trade workers are licensed by the DCCA Board of Electricians and Plumbers across two primary tiers: Journey Worker Plumber (requires 5 years / 10,000 hours experience and exam) and Master Plumber (requires 2 years as a licensed Journey Worker and exam). To operate a contracting business, entities must hold a C-37 Specialty Plumbing Contractor license issued by the DCCA Contractors License Board.","Hawaii Department of Commerce and Consumer Affairs (DCCA) Professional and Vocational Licensing Division, 2023, https://cca.hawaii.gov/pvl/boards/contractor"
plumbing,Idaho,ID,29.42,-0.57,"U.S. Bureau of Labor Statistics (BLS) Occupational Employment and Wage Statistics (OEWS), 2023, https://www.bls.gov/oes/current/oes_id.htm","Idaho requires a state-level license administered by the Idaho Plumbing Board within the Division of Occupational and Professional Licenses (DOPL); local cities and counties do not issue separate trade licenses. Licensing follows a tiered system: Apprentice Plumber (registration required before starting work), Journeyman Plumber (requires 4 years / 8,000 hours of supervised experience and 576 hours of classroom training, plus passing the journeyman exam), and Plumbing Contractor (requires 2.5 years of journeyman experience and passing the contractor exam), alongside specialty tiers (such as appliance plumbing).","Idaho Division of Occupational and Professional Licenses (DOPL) - Plumbing Board, 2023, https://dopl.idaho.gov"
plumbing,Illinois,IL,42.51,43.66,"U.S. Bureau of Labor Statistics (BLS) Occupational Employment and Wage Statistics (OEWS), May 2023, https://www.bls.gov/oes/current/oes472152.htm","State-level licensing is mandatory in Illinois under the Illinois Plumbing License Law (225 ILCS 320), administered by the Illinois Department of Public Health (IDPH). Tiers include Apprentice Plumber, Licensed Plumber (fully licensed independent plumber), and Plumbing Contractor (registration/license required to contract plumbing work or run a plumbing business).","Illinois Department of Public Health (IDPH) Plumbing Program / Illinois General Assembly (225 ILCS 320), 2024, https://dph.illinois.gov/topics-services/environmental-health-protection/plumbing.html"
plumbing,Indiana,IN,31.2,5.44,"U.S. Bureau of Labor Statistics, May 2023 OEWS State Occupational Employment and Wage Estimates (Indiana), https://www.bls.gov/oes/current/oes_in.htm","Statewide licensing is required for plumbing work in Indiana, administered by the Indiana Plumbing Commission under the Indiana Professional Licensing Agency (IPLA). Plumbing is the only construction trade licensed at the state level in Indiana. License tiers consist of Apprentice Plumber, Journeyman Plumber, and Plumbing Contractor. Licensed plumbing contractors must also register locally with municipal building departments (e.g., Indianapolis BNS) to obtain permits and perform work within specific jurisdictions.","Indiana Professional Licensing Agency - Indiana Plumbing Commission, 2024, https://www.in.gov/pla/professions/plumbing-home"
plumbing,Iowa,IA,29.85,0.88,"U.S. Bureau of Labor Statistics (BLS) Occupational Employment and Wage Statistics (OEWS), May 2023, https://www.bls.gov/oes/2023/may/oes_ia.htm","In Iowa, plumbing is regulated at the state level by the Iowa Plumbing and Mechanical Systems Board (housed under the Iowa Department of Inspections, Appeals, and Licensing / DIAL). License tiers include Apprentice, Specialty Tradesperson, Journeyperson, Master, and Contractor. Individual state-level licensure is required to practice the trade, and plumbing contractor entities must also hold state contractor registration with DIAL.","Iowa Department of Inspections, Appeals, and Licensing (DIAL) / Iowa Plumbing and Mechanical Systems Board, 2024"
plumbing,Kansas,KS,28.59,-3.38,"U.S. Bureau of Labor Statistics (BLS) OEWS, May 2023, https://www.bls.gov/oes/current/oes_ks.htm","Kansas does not require or issue a state-level plumbing trade or contractor license. Plumbing licensure is administered exclusively at the local municipal or county level (e.g., Sedgwick County/Wichita Metropolitan Area Building and Construction Department, Johnson County Contractor Licensing). Local license tiers typically include Apprentice Plumber, Journeyman Plumber, Master Plumber, and Plumbing Contractor.","Kansas Association of Plumbing-Heating-Cooling Contractors (PHCC Kansas), 2024"
plumbing,Kentucky,KY,29.11,-1.62,"U.S. Bureau of Labor Statistics, May 2023 State Occupational Employment and Wage Estimates - Kentucky / National, 2024, https://www.bls.gov/oes/current/oes_ky.htm","State-level licensing is mandatory in Kentucky under KRS Chapter 318, administered by the Kentucky Department of Housing, Buildings and Construction (DHBC) Division of Plumbing. Credential tiers include Apprentice Plumber, Journeyman Plumber, Master Plumber, and Plumbing Contractor.","Kentucky Department of Housing, Buildings and Construction, Division of Plumbing, KRS Chapter 318, 2023, https://apps.legislature.ky.gov/law/statutes/chapter.aspx?id=38827"
plumbing,Louisiana,LA,30.07,1.62,"U.S. Bureau of Labor Statistics (BLS) Occupational Employment and Wage Statistics (OEWS), May 2023, https://www.bls.gov/oes/current/oes_la.htm and https://www.bls.gov/oes/current/oes472152.htm","State-level licensing is required in Louisiana. The State Plumbing Board of Louisiana (SPBLA) issues trade individual licenses across tiers including Apprentice (registration), Tradesman Plumber (residential single- and two-family homes), Journeyman Plumber, and Master Plumber. In addition, for any plumbing work valued at $10,000 or more in labor and materials, contractors must hold a Commercial Contractor License with a Plumbing classification from the Louisiana State Licensing Board for Contractors (LSLBC).","Louisiana State Licensing Board for Contractors (LSLBC) / State Plumbing Board of Louisiana (SPBLA), 2024"
plumbing,Maine,ME,29.61,0.07,"U.S. Bureau of Labor Statistics (BLS) OEWS, May 2023, https://www.bls.gov/oes/current/oes_me.htm","State-level licensing is required in Maine for the plumbing trade, regulated by the Plumbers' Examining Board under the Department of Professional and Financial Regulation, Office of Professional and Occupational Regulation (OPOR). License tiers comprise Trainee Plumber, Journeyman-in-Training Plumber, Journeyman Plumber, and Master Plumber.","Maine Department of Professional and Financial Regulation, Plumbers' Examining Board, 2024, https://www.maine.gov/pfr/professionallicensing/professions/plumbers-examining-board"
plumbing,Maryland,MD,29.82,0.78,"U.S. Bureau of Labor Statistics (BLS), May 2023 OEWS State Occupational Employment and Wage Estimates - Maryland and US National (2024), https://www.bls.gov/oes/current/oes_md.htm and https://www.bls.gov/oes/current/oes472152.htm","Statewide licensing is required in Maryland for plumbing professionals, administered by the Maryland State Board of Plumbing under the Department of Labor. Note that Baltimore County and the Washington Suburban Sanitary Commission (WSSC) jurisdiction maintain separate local licensing boards and codes. License tiers include Apprentice, Journey Plumber, and Master Plumber, in addition to specialized Natural Gas Fitter and Propane Gas Fitter credentials.","Maryland State Board of Plumbing, Maryland Department of Labor (2024)"
plumbing,Massachusetts,MA,43.93,48.46,"U.S. Bureau of Labor Statistics (BLS) Occupational Employment and Wage Statistics (OEWS), May 2023, https://www.bls.gov/oes/current/oes472152.htm","Massachusetts requires a state-level license administered by the Board of State Examiners of Plumbers and Gas Fitters. Licensing tiers consist of Apprentice Plumber, Journeyman Plumber, and Master Plumber. Only Master Plumbers are authorized to contract independently, operate a plumbing business, and pull municipal plumbing permits.","Massachusetts Board of State Examiners of Plumbers and Gas Fitters, 2024, https://www.mass.gov/orgs/board-of-state-examiners-of-plumbers-and-gas-fitters"
plumbing,Michigan,MI,34.95,18.11,"U.S. Bureau of Labor Statistics, May 2023 OEWS State Occupational Employment and Wage Estimates - Michigan, 2024, https://www.bls.gov/oes/current/oes_mi.htm","State-level licensing is required in Michigan under the Skilled Trades Regulation Act (Act 407 of 2016), administered by the Michigan Department of Licensing and Regulatory Affairs (LARA) Bureau of Construction Codes. Licensing tiers comprise Apprentice Plumber (registration), Journey Plumber, Master Plumber, and Plumbing Contractor.","Michigan Department of Licensing and Regulatory Affairs (LARA), Bureau of Construction Codes, 2024"
plumbing,Minnesota,MN,38.43,29.87,"U.S. Bureau of Labor Statistics (BLS) OEWS, May 2023, https://www.bls.gov/oes/current/oes_mn.htm","State-level licensing is mandatory in Minnesota, regulated by the Minnesota Department of Labor and Industry (DLI). Individual and business credential tiers include Registered Unlicensed Plumber (apprentice), Journeyworker Plumber, Master Plumber, and Plumbing Contractor (business license).","Minnesota Department of Labor and Industry (DLI), 2024"
plumbing,Mississippi,MS,25.61,-13.45,"U.S. Bureau of Labor Statistics (BLS) Occupational Employment and Wage Statistics (OEWS), May 2023, https://www.bls.gov/oes/current/oes472152.htm","Mississippi requires a state-level contractor license administered by the Mississippi State Board of Contractors (MSBOC) for commercial plumbing projects exceeding $50,000 and residential plumbing/remodeling exceeding $10,000 (or new residential construction over $50,000). License tiers include Commercial (Plumbing specialty or Mechanical major classification) and Residential Plumbing. Plumbing work below these monetary thresholds does not require a state license and is governed by local city or county jurisdictions.","Mississippi State Board of Contractors (MSBOC), 2024, https://www.msboc.us"
plumbing,Missouri,MO,30.49,3.04,"U.S. Bureau of Labor Statistics (BLS), Occupational Employment and Wage Statistics (OEWS), May 2023 State Occupational Employment and Wage Estimates - Missouri, published April 3, 2024, https://www.bls.gov/oes/current/oes_mo.htm (National reference: BLS May 2023 National Estimates, https://www.bls.gov/oes/current/oes472152.htm)","Missouri does not issue or require a statewide plumbing license. Plumbing trade licensing is administered locally by individual municipal and county authorities pursuant to Revised Statutes of Missouri (RSMo) Chapter 341. Local jurisdictions (such as St. Louis County and Kansas City) administer licensing tiers including Apprentice Plumber, Journeyman Plumber, and Master Plumber.","Missouri General Assembly, Revised Statutes of Missouri (RSMo) Chapter 341 (Plumbers and Plumbing), 2024, https://revisor.mo.gov/main/OneChapter.aspx?chapter=341"
plumbing,Montana,MT,35.45,19.8,"U.S. Bureau of Labor Statistics Occupational Employment and Wage Statistics (OEWS), May 2023, https://www.bls.gov/oes/2023/may/oes_mt.htm","Montana requires state-level licensing for plumbers through the Montana Board of Plumbers under the Department of Labor & Industry (Business Standards Division). The primary licensing tiers are Journeyman Plumber (requires 5 years/7,500 hours of practical experience or an approved apprenticeship program, plus passing state written and practical exams) and Master Plumber (requires 4 years of experience as a licensed journeyman plumber and passing the master examination).","Montana Board of Plumbers, Department of Labor & Industry, 2024, https://boards.bsd.dli.mt.gov/plumbers"
plumbing,Nebraska,NE,29.24,-1.18,"U.S. Bureau of Labor Statistics (BLS) Occupational Employment and Wage Statistics (OEWS), May 2023, https://www.bls.gov/oes/current/oes_ne.htm","Nebraska does not issue or require a statewide trade license for plumbers. Plumbing trade licensing is governed locally by municipal boards (e.g., City of Omaha, City of Lincoln), which issue Apprentice, Journeyman, Master Plumber, and local Contractor licenses. However, plumbing contractors operating in the state must register with the Nebraska Department of Labor under the Nebraska Contractor Registration Act.","Nebraska Department of Labor, Contractor Registration, 2024"
plumbing,Nevada,NV,29.13,-1.55,"U.S. Bureau of Labor Statistics, May 2023 State Occupational Employment and Wage Estimates - Nevada (published April 2024), https://www.bls.gov/oes/current/oes_nv.htm and National OEWS Estimates, https://www.bls.gov/oes/current/oes472152.htm","A state-level license issued by the Nevada State Contractors Board (NSCB) is required prior to bidding or performing plumbing contracting work in Nevada. Plumbing is categorized under Class C-1 Specialty Contracting (specifically C-1d Plumbing). License tiers are defined by assigned monetary limits, which cap the dollar value of single contracts based on applicant experience and financial review.","Nevada State Contractors Board, License Classifications and Application Guidelines (2024), https://www.nvcontractorsboard.com"
plumbing,New Hampshire,NH,29.64,0.17,"U.S. Bureau of Labor Statistics, Occupational Employment and Wage Statistics (OEWS), May 2023, https://www.bls.gov/oes/current/oes_nh.htm","State-level license required. In New Hampshire, plumbing is regulated at the state level under RSA 329-A by the Mechanical Safety and Licensing Board within the Office of Professional Licensure and Certification (OPLC). Licensing tiers include Apprentice, Journeyman Plumber, and Master Plumber.","New Hampshire Office of Professional Licensure and Certification (OPLC), Mechanical Safety and Licensing Board, 2024, https://www.oplc.nh.gov/mechanical-safety-and-licensing-board"
plumbing,New Jersey,NJ,37.72,27.48,"U.S. Bureau of Labor Statistics (BLS) Occupational Employment and Wage Statistics (OEWS), May 2023, https://www.bls.gov/oes/current/oes_nj.htm and https://www.bls.gov/oes/current/oes472152.htm","State-level license is required. In New Jersey, oversight is conducted statewide by the State Board of Examiners of Master Plumbers rather than at county or municipal levels. The trade regime consists of three tiers: Apprentice Plumber (registered), Journeyman Plumber (registered), and Master Plumber (licensed, required to contract plumbing work, pull permits, and supervise others).","New Jersey State Board of Examiners of Master Plumbers, Division of Consumer Affairs, 2024, https://www.njconsumeraffairs.gov/plu"
plumbing,New Mexico,NM,24.48,-17.27,"U.S. Bureau of Labor Statistics (BLS) Occupational Employment and Wage Statistics (OEWS), May 2023, https://www.bls.gov/oes/current/oes_nm.htm","State-level licensing is required in New Mexico, governed by the Construction Industries Division (CID) under the New Mexico Regulation and Licensing Department (NMRLD). Local jurisdictions cannot bypass state credentials. License tiers include Journeyman Plumber (JP, requiring 2 years or 4,000 hours of experience plus passing exams), Qualifying Party (QP / Master level, requiring 4 years or 8,000 hours of experience plus trade and business/law exams), and Plumbing / Mechanical Contractor (e.g., MM-1 classification) for business entities contracting plumbing work.","New Mexico Regulation and Licensing Department (NMRLD) Construction Industries Division (CID), 2024, https://www.rld.nm.gov/boards-and-commissions/divisions/construction-industries"
plumbing,New York,NY,37.6,27.07,"U.S. Bureau of Labor Statistics (BLS), Occupational Employment and Wage Statistics (OEWS), May 2023, https://www.bls.gov/oes/2023/may/oes_ny.htm","New York State does not issue or require a statewide plumbing license. Plumbing licensing is administered entirely at the local city, town, or county level (such as the NYC Department of Buildings in New York City, or municipal licensing boards in Buffalo, Albany, and Yonkers). Tiers typically include Apprentice, Journeyman Plumber, and Master Plumber (Licensed Plumbing Contractor).","NYC Department of Buildings, Licensing & Exams Unit, 2024"
plumbing,North Carolina,NC,24.24,-18.08,"U.S. Bureau of Labor Statistics (BLS) OEWS, May 2023, https://www.bls.gov/oes/current/oes_nc.htm","A state-level license is required in North Carolina, administered by the State Board of Examiners of Plumbing, Heating and Fire Sprinkler Contractors under N.C.G.S. Chapter 87, Article 2. Contractor license tiers include Class I (Commercial and Residential), Class II (Residential only), Restricted Limited Plumbing Contractor, and State & Local Government Technician.","North Carolina State Board of Examiners of Plumbing, Heating and Fire Sprinkler Contractors, 2024, https://www.nclicensing.org"
plumbing,North Dakota,ND,29.94,1.18,"U.S. Bureau of Labor Statistics (BLS) Occupational Employment and Wage Statistics (OEWS), May 2023 State Occupational Employment and Wage Estimates (North Dakota), https://www.bls.gov/oes/2023/may/oes_nd.htm","Statewide licensing is required by the North Dakota State Plumbing Board under NDCC Chapter 43-18. License tiers include Apprentice Plumber Registration, Journeyman Plumber License (requires 4 years / 7,600+ hours experience and examination), Master Plumber License (requires 2 years experience as a journeyman and examination), and Plumbing Contractor License (requires a qualifying Master Plumber and ND Secretary of State contractor registration for work exceeding $4,000).","North Dakota State Plumbing Board, 2024, https://www.ndplumbingboard.gov"
plumbing,Ohio,OH,31.27,5.68,"U.S. Bureau of Labor Statistics (BLS), Occupational Employment and Wage Statistics (OEWS), May 2023, https://www.bls.gov/oes/current/oes_oh.htm","State-level licensing is required for commercial plumbing contractors through the Ohio Construction Industry Licensing Board (OCILB), part of the Ohio Department of Commerce. Ohio does not issue state-level journeyman or master plumber licenses; individual trade licensing and residential work are regulated at the local municipal and county levels.","Ohio Construction Industry Licensing Board (OCILB), Ohio Department of Commerce, 2024, https://com.ohio.gov/divisions-and-programs/industrial-compliance/boards/ohio-construction-industry-licensing-board"
plumbing,Oklahoma,OK,26.28,-11.19,"U.S. Bureau of Labor Statistics (BLS) May 2023 State Occupational Employment and Wage Estimates - Oklahoma, https://www.bls.gov/oes/current/oes_ok.htm","State-level licensing is required in Oklahoma under the Oklahoma Plumbing License Law, administered by the Oklahoma Construction Industries Board (CIB). License tiers consist of Plumbing Apprentice, Journeyman Plumber, and Plumbing Contractor.","Oklahoma Construction Industries Board (CIB), 2024, https://oklahoma.gov/cib.html"
plumbing,Oregon,OR,39.83,34.61,"U.S. Bureau of Labor Statistics, May 2023 OEWS State Occupational Employment and Wage Estimates: Oregon (SOC 47-2152), https://www.bls.gov/oes/current/oes_or.htm and May 2023 National OEWS (SOC 47-2152), https://www.bls.gov/oes/current/oes472152.htm","State-level licensing is mandatory in Oregon through a dual-agency system: the Oregon Construction Contractors Board (CCB) licenses contractor businesses, while the Oregon Building Codes Division (BCD) / Oregon Plumbing Board credentials individual trade workers. Individual license tiers include Apprentice Plumber, Residential Plumber (limited to 1- and 2-family dwellings), Journeyman Plumber, Water Service Journeyman, and Supervising Plumber. Every licensed plumbing contractor business must maintain at least one designated Supervising Plumber on record with BCD and hold a CCB Specialty or General Contractor endorsement.","Oregon Construction Contractors Board (CCB) and Oregon Building Codes Division (BCD), 2024, https://www.oregon.gov/ccb/ and https://www.oregon.gov/bcd"
plumbing,Pennsylvania,PA,30.37,2.64,"U.S. Bureau of Labor Statistics (BLS) OEWS, May 2023 State Occupational Employment and Wage Estimates - Pennsylvania, https://www.bls.gov/oes/current/oes_pa.htm","No statewide plumbing license is required in Pennsylvania; trade licensing is administered locally by individual municipalities and counties (e.g., Philadelphia Department of Licenses and Inspections, Pittsburgh/Allegheny County Health Department). However, contractors performing residential plumbing work exceeding $500 must register with the PA Attorney General under the Home Improvement Consumer Protection Act (HICPA). Local jurisdictions issue apprentice, journeyman, and master plumber license tiers.","Pennsylvania Office of Attorney General, Home Improvement Consumer Protection Act (HICPA), 2008 / 2023"
plumbing,Rhode Island,RI,36.34,22.81,"U.S. Bureau of Labor Statistics (BLS) Occupational Employment and Wage Statistics (OEWS), May 2023, https://www.bls.gov/oes/current/oes_ri.htm","In Rhode Island, a state-level license is required to perform plumbing work. The regime is administered by the Rhode Island Department of Labor and Training (DLT), Division of Professional Regulation, through the Board of Examiners of Plumbers under Rhode Island General Laws Chapter 5-20. License tiers include Apprentice Plumber, Journeyperson Plumber, Master Plumber, and Contractor Master Plumber.","Rhode Island Department of Labor and Training (DLT), Division of Professional Regulation, Board of Examiners of Plumbers, 2024, https://dlt.ri.gov/regulation-and-safety/professional-regulation"
plumbing,South Carolina,SC,24.35,-17.71,"U.S. Bureau of Labor Statistics (BLS) Occupational Employment and Wage Statistics (OEWS), May 2023, https://www.bls.gov/oes/current/oes_sc.htm","State-level contractor licensure is required in South Carolina to perform plumbing work independently. Regulation is administered by the South Carolina Department of Labor, Licensing and Regulation (SC LLR) under two main boards: the Residential Builders Commission issues Residential Specialty Plumbing Contractor licenses for residential work, while the SC Contractor's Licensing Board issues Commercial Mechanical Contractor licenses (Plumbing classification) for commercial jobs exceeding $5,000. Journeyman and Master trade certifications exist through trade associations (e.g., Carolinas AGC / MASC) to qualify licensees, but independent contracting requires state contractor licensure.","South Carolina Department of Labor, Licensing and Regulation (SC LLR) Contractor's Licensing Board & Residential Builders Commission, 2024, https://llr.sc.gov/clb"
plumbing,South Dakota,SD,25,-15.51,"U.S. Bureau of Labor Statistics, May 2023 OEWS State Occupational Employment and Wage Estimates - South Dakota & National, 2024, https://www.bls.gov/oes/2023/may/oes_sd.htm","State-level license required. Administered statewide by the South Dakota Plumbing Commission (part of the South Dakota Department of Labor and Regulation). License tiers include Apprentice Plumber, Journeyman Plumber (requires 4 years/7,600 hours as an apprentice and passing an exam), and Plumbing Contractor (requires 6 years total trade experience, including at least 2 years as a journeyman/contractor, and passing an exam), as well as specialty contractor/installer licenses (Sewer & Water, Water Conditioning, Appliance, Underground Irrigation).","South Dakota Plumbing Commission, 2024, https://dlr.sd.gov/plumbing/licensing.aspx"
plumbing,Tennessee,TN,24.48,-17.27,"U.S. Bureau of Labor Statistics, May 2023 OEWS State Occupational Employment and Wage Estimates - Tennessee, 2024, https://www.bls.gov/oes/2023/may/oes_tn.htm","A state contractor license is required for plumbing projects valued at $25,000 or more (issued by the Tennessee Board for Licensing Contractors under classifications CMC - Full Mechanical Contractor or CMC-A - Plumbing and Gas Piping Contractor). For jobs under $25,000, the state offers a Limited Licensed Plumber (LLP) license; however, local municipal and county boards issue local journeyman/master plumbing licenses, and 15 counties do not recognize the LLP license and enforce local licensing instead.","Tennessee Board for Licensing Contractors, Tennessee Department of Commerce and Insurance, 2025, https://www.tn.gov/commerce/regboards/contractors.html"
plumbing,Texas,TX,27.52,-7,"U.S. Bureau of Labor Statistics (BLS) OEWS, May 2023, https://www.bls.gov/oes/2023/may/oes_tx.htm","State-level license required. Regulated statewide by the Texas State Board of Plumbing Examiners (TSBPE) rather than municipal/county boards. Tiers include Plumber's Apprentice (registration), Tradesman Plumber-Limited, Journeyman Plumber, Master Plumber, and Responsible Master Plumber (RMP) designation for contractors operating a plumbing business and pulling permits.","Texas State Board of Plumbing Examiners (TSBPE), 2024, https://tsbpe.texas.gov"
plumbing,Utah,UT,28.56,-3.48,"U.S. Bureau of Labor Statistics (BLS) Occupational Employment and Wage Statistics (OEWS), May 2023, https://www.bls.gov/oes/current/oes_ut.htm","State-level license required statewide by the Utah Division of Occupational and Professional Licensing (DOPL) under Utah Code Title 58, Chapter 55 (Utah Construction Trades Licensing Act). License tiers include Apprentice Plumber, Residential Journeyman Plumber, Journeyman Plumber, Residential Master Plumber, Master Plumber, and Plumbing Contractor.","Utah Division of Occupational and Professional Licensing (DOPL), 2024, https://dopl.utah.gov/plumbing"
plumbing,Vermont,VT,28.59,-3.38,"U.S. Bureau of Labor Statistics (BLS) Occupational Employment and Wage Statistics (OEWS), May 2023, https://www.bls.gov/oes/current/oes_vt.htm","State-level licensing is required in Vermont for the plumbing trade, governed by the Plumbers' Examining Board within the Department of Public Safety Division of Fire Safety. Licensing tiers include Apprentice Plumber (registered via VT Department of Labor / State Apprenticeship Council), Specialist / Limited Licensure (P1, P2, P3 for water heaters, heating systems, and water treatment), Journeyman Plumber (requiring 12,000 hours of on-the-job training or completion of an approved apprenticeship plus passing an exam), and Master Plumber (requiring 12 months of experience as a licensed VT Journeyman or 14,000 OJT hours plus passing an exam).","Vermont Department of Public Safety, Division of Fire Safety, Plumbers' Examining Board, 2024, https://firesafety.vermont.gov/licensing/plumbing"
plumbing,Virginia,VA,27.75,-6.22,"U.S. Bureau of Labor Statistics (BLS) Occupational Employment and Wage Statistics (OEWS), May 2023 State Occupational Employment and Wage Estimates - Virginia, 2024, https://www.bls.gov/oes/current/oes_va.htm","State-level licensure is required in Virginia, administered by the Board for Contractors under the Virginia Department of Professional and Occupational Regulation (DPOR). The regime includes individual tradesman credentials (Journeyman Plumber and Master Plumber, as well as Residential Plumber) and business contractor licenses required for projects of $1,000 or more: Class A (unlimited project/annual dollar limits), Class B ($10,000-$120,000 per project or $150,000-$750,000 annual volume), and Class C ($1,000-$10,000 per project or up to $150,000 annual volume).","Virginia Department of Professional and Occupational Regulation (DPOR), Board for Contractors, 2024, https://www.dpor.virginia.gov/Boards/Tradesmen"
plumbing,Washington,WA,39.61,33.86,"U.S. Bureau of Labor Statistics (BLS) Occupational Employment and Wage Statistics (OEWS), May 2023, https://www.bls.gov/oes/current/oes_wa.htm","State-level licensing is mandatory in Washington and administered by the Washington State Department of Labor & Industries (L&I) under Chapter 18.106 RCW. Individual worker license tiers include Plumber Trainee, Specialty Plumber, Journey Level Plumber, and Master Plumber. Plumbing contracting businesses must hold a Plumbing Contractor License with L&I and employ/assign a certified Designated Plumber.","Washington State Department of Labor & Industries (L&I), 2024"
plumbing,West Virginia,WV,24.17,-18.32,"U.S. Bureau of Labor Statistics (BLS) Occupational Employment and Wage Statistics (OEWS), May 2023, https://www.bls.gov/oes/current/oes_wv.htm","Statewide licensure and trade certification are required in West Virginia. The West Virginia Division of Labor regulates individual trade certifications across three primary levels (Plumber in Training, Journeyman Plumber, and Master Plumber). In addition, the West Virginia Contractor Licensing Board requires a Plumbing Contractor License for any entity or individual performing plumbing work on contracts exceeding $2,500.","West Virginia Division of Labor & West Virginia Contractor Licensing Board, 2024, https://labor.wv.gov"
plumbing,Wisconsin,WI,36.86,24.57,"U.S. Bureau of Labor Statistics, May 2023 OEWS State Occupational Employment and Wage Estimates (Wisconsin), https://www.bls.gov/oes/current/oes_wi.htm","State-level licensing is required in Wisconsin under Wis. Stat. § 145.06, administered by the Wisconsin Department of Safety and Professional Services (DSPS). Credential tiers include Registered Plumbing Apprentice, Journeyman Plumber (and restricted categories), Master Plumber (and restricted categories), and registered Plumbing Contractor.","Wisconsin Department of Safety and Professional Services (DSPS), 2024, https://dsps.wi.gov/Pages/Professions/MasterPlumber/Default.aspx"
plumbing,Wyoming,WY,27.44,-7.27,"U.S. Bureau of Labor Statistics (BLS) Occupational Employment and Wage Statistics (OEWS), May 2023, https://www.bls.gov/oes/current/oes_wy.htm and https://www.bls.gov/oes/current/oes472152.htm","No state-level plumbing license is required or issued in Wyoming (unlike electrical contractors, which are regulated statewide). Plumbing licensure and contractor registration are delegated entirely to local municipal and county governments (such as the cities of Cheyenne, Casper, Laramie, and Sheridan). Local jurisdictions establish licensing tiers, typically including Apprentice Plumber, Journeyman Plumber, Master Plumber / Qualified Supervisor, and Plumbing Contractor.","Wyoming Department of Fire Prevention and Electrical Safety / City of Cheyenne Building Safety Division, 2024"
electrical,Alabama,AL,24.76,-16.38,"U.S. Bureau of Labor Statistics (BLS) OEWS, 2023, https://www.bls.gov/oes/current/oes_al.htm","A state-level license is required to perform electrical work in Alabama. Commercial, industrial, and low-voltage electrical work is regulated state-wide by the Alabama Electrical Contractors Board (AECB), while residential electrical work is regulated under the Home Builders Licensure Board (HBLB). License tiers under the AECB include Electrical Contractor (unlimited in voltage and project value) and Journeyman Electrician.","Alabama Electrical Contractors Board, 2025, https://www.aecb.alabama.gov"
electrical,Alaska,AK,39.5,33.4,"U.S. Bureau of Labor Statistics (BLS) Occupational Employment and Wage Statistics (OEWS), May 2023, https://www.bls.gov/oes/current/oes_ak.htm and https://www.bls.gov/oes/current/oes472111.htm","State-level licensing is required in Alaska. The state operates a dual regulatory system: the Department of Labor and Workforce Development (DOLWD) Mechanical Inspection Section issues individual Certificates of Fitness (tiers include Trainee, Residential Wireman, Journeyman Electrician, and Journeyman Power Lineman) to perform code work. Contracting and project supervision require an Electrical Administrator license and Specialty Contractor (Electrical) registration from the Department of Commerce, Community, and Economic Development (DCCED) Division of Corporations, Business and Professional Licensing (CBPL) (administrator categories include Unlimited Commercial Wiring, Residential Wiring, Controls and Control Wiring, Inside Communications, Outside Communications, and Unlimited Line Work).","Alaska Department of Commerce, Community, and Economic Development - Division of Corporations, Business and Professional Licensing (2024), https://www.commerce.alaska.gov/web/cbpl/ and Alaska Department of Labor and Workforce Development - Mechanical Inspection Section (2024)"
electrical,Arizona,AZ,29.06,-1.86,"U.S. Bureau of Labor Statistics, Occupational Employment and Wage Statistics (OEWS), May 2023, https://www.bls.gov/oes/current/oes_az.htm","A state-level license is required to perform electrical contracting work in Arizona; local (city/county) jurisdictions do not issue separate trade licenses. Licensing is administered statewide by the Arizona Registrar of Contractors (AZ ROC). License classification tiers for electrical contractors include Commercial Electrical (C-11), Residential Electrical (R-11 / CR-11), and Dual Commercial/Residential Electrical Contractor (CR-11). Individual journeymen do not hold a state license but work under a licensed contractor's qualifying party.","Arizona Registrar of Contractors, License Classifications, 2024, https://roc.az.gov/license-classifications"
electrical,Arkansas,AR,23.31,-21.28,"U.S. Bureau of Labor Statistics (BLS), May 2023 State Occupational Employment and Wage Estimates - Arkansas, https://www.bls.gov/oes/current/oes_ar.htm","Statewide licensing is required in Arkansas. Individual electrician licenses are regulated at the state level by the Arkansas Board of Electrical Examiners (under the Arkansas Department of Labor and Licensing). Tiers include Master Electrician, Journeyman Electrician, Residential Master Electrician, Residential Journeyman Electrician, Air Conditioning Electrician, Industrial Maintenance Electrician, Sign Specialist, and Registered Apprentice. Additionally, electrical contractors undertaking commercial projects valued at $50,000 or more (or residential projects exceeding $2,000) must hold an Electrical Contractor license issued by the Arkansas Contractors Licensing Board (ACLB).","Arkansas Department of Labor and Licensing, Board of Electrical Examiners, 2024, https://www.labor.arkansas.gov/licensing/board-of-electrical-examiners"
electrical,California,CA,37.25,25.8,"U.S. Bureau of Labor Statistics (BLS) Occupational Employment and Wage Statistics (OEWS), May 2023, https://www.bls.gov/oes/current/oes_ca.htm",State-level licensing is required in California. Contracting for electrical work valued at $500 or more requires a Class C-10 Electrical Contractor License issued by the California Contractors State License Board (CSLB). Individual trade professionals performing electrical work must hold a state-issued Journeyman Electrician Certification administered by the California Department of Industrial Relations (DIR) Division of Labor Standards Enforcement (DLSE).,"California Contractors State License Board (CSLB), 2024, https://www.cslb.ca.gov"
electrical,Colorado,CO,29.25,-1.22,"U.S. Bureau of Labor Statistics, May 2023 State Occupational Employment and Wage Estimates - Colorado & National (SOC 47-2111 Electricians), 2024, https://www.bls.gov/oes/current/oes_co.htm and https://www.bls.gov/oes/current/oes472111.htm","State-level licensing is required in Colorado, governed by the Colorado State Electrical Board within the Division of Professions and Occupations (DORA). License tiers comprise Apprentice Electrician, Residential Wireman (4,000 hours experience), Journeyman Electrician (8,000 hours experience plus classroom hours), Master Electrician (additional experience beyond journeyman), and Electrical Contractor registration (requires a licensed Master Electrician as qualifier).","Colorado Department of Regulatory Agencies (DORA), State Electrical Board, 2024, https://dpo.colorado.gov/Electrical"
electrical,Connecticut,CT,33.18,12.06,"U.S. Bureau of Labor Statistics (BLS) Occupational Employment and Wage Statistics (OEWS), May 2023, https://www.bls.gov/oes/2023/may/oes_ct.htm","Statewide licensing is required in Connecticut and administered by the Department of Consumer Protection (DCP) Electrical Work Examining Board under C.G.S. Chapter 393. Primary license tiers include unlimited classifications such as E-1 (Unlimited Electrical Contractor) and E-2 (Unlimited Electrical Journeyperson), along with limited specialty license classifications (such as C-5/C-6 for low voltage/alarm systems and T-1/T-2 for telecommunications).","Connecticut Department of Consumer Protection (DCP), 2024"
electrical,Delaware,DE,29.32,-0.98,"U.S. Bureau of Labor Statistics (BLS) Occupational Employment and Wage Statistics (OEWS), May 2023, https://www.bls.gov/oes/current/oes_de.htm and https://www.bls.gov/oes/current/oes472111.htm","State-level licensure is required in Delaware and administered statewide by the Delaware Board of Electrical Examiners under the Division of Professional Regulation. License tiers include Master Electrician, Master Special Electrician, Limited Electrician, Limited Special Electrician, Journeyperson Electrician, Residential Electrician, and Apprentice Electrician.","Delaware Board of Electrical Examiners, Division of Professional Regulation, 2024"
electrical,Florida,FL,24.1,-18.61,"U.S. Bureau of Labor Statistics (BLS) OEWS, May 2023 State Occupational Employment and Wage Estimates - Florida, https://www.bls.gov/oes/current/oes_fl.htm","State-level contractor licensing is required in Florida, administered by the Electrical Contractors' Licensing Board (ECLB) under the Department of Business and Professional Regulation (DBPR) per Florida Statutes Chapter 489. License tiers include Certified Electrical Contractor (EC, statewide authorization) and Registered Electrical Contractor (ER, restricted to local/county jurisdictions where local competency cards are held), as well as specialty classifications (such as Alarm System, Low Voltage, Utility Line, and Residential). Individual journeyman and master electrician licenses are issued locally by specific counties and municipalities rather than statewide.","Florida Department of Business and Professional Regulation (DBPR) - Electrical Contractors' Licensing Board, 2024, https://www.myfloridalicense.com/DBPR/electrical-contractors"
electrical,Georgia,GA,26.59,-10.2,"U.S. Bureau of Labor Statistics (BLS) Occupational Employment and Wage Statistics (OEWS), May 2023, https://www.bls.gov/oes/current/oes_ga.htm","State-level licensing is required for electrical contractors in Georgia through the Construction Industry Licensing Board, Division of Electrical Contractors (O.C.G.A. Title 43 Chapter 14). Individual journeymen and apprentices work under a licensed contractor rather than holding separate state licenses. Licensing exists in two tiers: Class I (Restricted - single-phase installations up to 200 amperes) and Class II (Unrestricted - authorizing all residential, commercial, and industrial electrical work without amperage limits).","Georgia Construction Industry Licensing Board, Division of Electrical Contractors, 2024, https://sos.ga.gov/georgia-construction-industry-licensing-board"
electrical,Hawaii,HI,42.44,43.33,"U.S. Bureau of Labor Statistics (BLS) OEWS, May 2023 State Occupational Employment and Wage Estimates - Hawaii, 2024, https://www.bls.gov/oes/current/oes_hi.htm","State-level licensing is required in Hawaii (local/county licenses do not substitute for state licensing). The Hawaii Department of Commerce and Consumer Affairs (DCCA) regulates the trade through two divisions: individual electrician licenses are issued by the Board of Electricians and Mechanics under HRS Chapter 448E across several tiers (Journey Worker Electrician [EJ], Supervising Electrician [ES], Journey Worker/Supervising Industrial Electrician, Specialty Electrician, and Maintenance Electrician); contracting business entities must obtain a C-13 Electrical Contractor license from the Contractors License Board under HRS Chapter 444 and employ a licensed Supervising Electrician as Responsible Managing Employee (RME).","Hawaii Department of Commerce and Consumer Affairs (DCCA) Professional and Vocational Licensing Division, 2024, https://cca.hawaii.gov/pvl/boards/contractor"
electrical,Idaho,ID,29.17,-2.7,"U.S. Bureau of Labor Statistics OEWS / Idaho Department of Labor, May 2024, https://www.bls.gov/oes/current/oes472111.htm","State-level licensing is required in Idaho for electrical work and is administered by the Idaho Electrical Board within the Division of Occupational and Professional Licenses (DOPL). Individual and business license tiers include Electrical Apprentice, Provisional Journeyman, Journeyman Electrician, Master Electrician, and Electrical Contractor (as well as limited installer and limited contractor categories).","Idaho Division of Occupational and Professional Licenses (DOPL) - Idaho Electrical Board, 2024, https://dopl.idaho.gov"
electrical,Illinois,IL,45.72,54.41,"U.S. Bureau of Labor Statistics, Occupational Employment and Wage Statistics (OEWS) May 2023 State Estimates for Illinois (https://www.bls.gov/oes/2023/may/oes_il.htm) and National Estimates (https://www.bls.gov/oes/2023/may/oes472111.htm)","Illinois does not issue or require a statewide electrician or electrical contractor license. Electrician licensing is decentralized and governed by individual municipalities and counties under home-rule authority (for example, the City of Chicago Department of Buildings requires local Supervising Electrician licensure and Electrical Contractor registration).","City of Chicago Department of Buildings, Electrical Contractor Licensing, 2024"
electrical,Indiana,IN,32.91,11.14,"U.S. Bureau of Labor Statistics (BLS) Occupational Employment and Wage Statistics (OEWS), May 2023, https://www.bls.gov/oes/2023/may/oes_in.htm","Indiana does not mandate or issue a statewide license for electricians or electrical contractors. Licensing is managed strictly at the local municipality or county level (e.g., Indianapolis, Fort Wayne, Evansville, Lafayette), where local building departments set testing, experience, and trade tiers (such as Journeyman and Master Electrician).","Indiana Professional Licensing Agency (IPLA) / City of Indianapolis Department of Business and Neighborhood Services, 2024, https://www.in.gov/pla"
electrical,Iowa,IA,30.61,3.38,"U.S. Bureau of Labor Statistics, Occupational Employment and Wage Statistics (OEWS), May 2023, https://www.bls.gov/oes/current/oes_ia.htm","A state-level license is required in Iowa under Iowa Code Chapter 103, administered by the Iowa Electrical Examining Board within the Department of Inspections, Appeals, and Licensing (DIAL). License tiers include Apprentice Electrician / Unclassified Person, Special Electrician, Residential Electrician, Class A Journeyman, Class B Journeyman, Residential Master Electrician, Class A Master, Class B Master, Residential Electrical Contractor, and Electrical Contractor.","Iowa Electrical Examining Board, Department of Inspections, Appeals, and Licensing (DIAL), 2024, https://dial.iowa.gov"
electrical,Kansas,KS,28.79,-2.77,"U.S. Bureau of Labor Statistics (BLS), 2023 May OEWS State Occupational Employment and Wage Estimates - Kansas, https://www.bls.gov/oes/current/oes_ks.htm","Kansas does not issue electrical trade licenses at the state level. Electrical licensing is decentralized and administered at the city and county level under K.S.A. 12-1525 et seq. Municipalities typically issue licenses across tiers including Master Electrician, Journeyman Electrician, Residential Electrician, and Electrical Contractor, with standard examination scores recognized statewide for competency.","Kansas Legislature, 2024 Kansas Statutes Annotated (K.S.A. 12-1525 through 12-1527), https://kslegislature.org"
electrical,Kentucky,KY,27.47,-7.23,"BLS OEWS, 2023, https://www.bls.gov/oes/current/oes_ky.htm","State-level licensing is required in Kentucky administered by the Department of Housing, Buildings and Construction (DHBC) under KRS Chapter 227A. License tiers include Electrician (EE / Journeyman), Master Electrician (ME), and Electrical Contractor (CE).","Kentucky Department of Housing, Buildings and Construction, 2024, https://dhbc.ky.gov"
electrical,Louisiana,LA,28.49,-3.78,"U.S. Bureau of Labor Statistics (BLS) Occupational Employment and Wage Statistics (OEWS), May 2023, https://www.bls.gov/oes/current/oes_la.htm","Louisiana does not license individual journeymen or master electricians at the state level, delegating individual trade licensing to local/parish authorities (such as the City of New Orleans). However, the Louisiana State Licensing Board for Contractors (LSLBC) requires a state-level Electrical Contractor license for any electrical project with total contract costs (labor and materials) exceeding $10,000.","Louisiana State Licensing Board for Contractors (LSLBC), 2024, https://lslbc.louisiana.gov/for-contractors"
electrical,Maine,ME,29.79,0.61,"U.S. Bureau of Labor Statistics (BLS), May 2023 OEWS State and National Estimates for SOC 47-2111 Electricians, published April 2024, https://www.bls.gov/oes/current/oes_me.htm and https://www.bls.gov/oes/current/oes472111.htm","State-level licensing is required in Maine, administered by the Electricians' Examining Board under the Office of Professional and Occupational Regulation (OPOR). License tiers include Master Electrician, Journeyman Electrician, Limited Electrician (in specialty categories such as house wiring or water pumps), Journeyman-in-Training Electrician, Apprentice Electrician, and Helper Electrician.","Maine Electricians' Examining Board, Office of Professional and Occupational Regulation (OPOR), Department of Professional and Financial Regulation, 2024, https://www.maine.gov/pfr/professionallicensing/professions/electricians"
electrical,Maryland,MD,30.3,2.33,"U.S. Bureau of Labor Statistics (BLS) Occupational Employment and Wage Statistics (OEWS), May 2023, https://www.bls.gov/oes/2023/may/oes_md.htm","Statewide licensing is required. The Maryland State Board of Electricians (under the Maryland Department of Labor Division of Occupational and Professional Licensing) issues statewide licenses. Tiers include Apprentice Electrician, Journeyperson Electrician, and Master Electrician. Local jurisdictions retain authority to require local permits, inspections, and local registrations.","Maryland Department of Labor, State Board of Electricians, 2023, https://www.dllr.state.md.us/license/elec"
electrical,Massachusetts,MA,39.02,31.78,"U.S. Bureau of Labor Statistics, May 2023 State Occupational Employment and Wage Estimates (Massachusetts) and May 2023 National Occupational Employment and Wage Estimates, 2024, https://www.bls.gov/oes/current/oes_ma.htm","A state-level license is required in Massachusetts and enforced by the Board of State Examiners of Electricians. Cities and towns cannot override state licensing authority. Main license tiers include Master Electrician (Certificate A), Journeyman Electrician (Certificate B), Systems Contractor (Certificate D), Systems Technician (Certificate C), and Registered Apprentice.","Massachusetts Board of State Examiners of Electricians, Commonwealth of Massachusetts, M.G.L. c. 141 and 237 CMR 13.00, 2024, https://www.mass.gov/orgs/board-of-state-examiners-of-electricians"
electrical,Michigan,MI,30.28,2.26,"U.S. Bureau of Labor Statistics (BLS) Occupational Employment and Wage Statistics (OEWS), May 2023, https://www.bls.gov/oes/2023/may/oes_mi.htm and https://www.bls.gov/oes/2023/may/oes472111.htm","State-level licensing is required in Michigan under the Skilled Trades Regulation Act (2016 PA 407), administered by the Michigan Department of Licensing and Regulatory Affairs (LARA) Bureau of Construction Codes. Licensing tiers comprise Apprentice Electrician registration, Electrical Journeyman, Master Electrician, and Electrical Contractor (business entity).","Michigan Department of Licensing and Regulatory Affairs (LARA) Bureau of Construction Codes, 2024, https://www.michigan.gov/lara/bureau-list/bcc and Michigan Skilled Trades Regulation Act (2016 PA 407), MCL 339.5701 et seq., https://legislature.mi.gov/doc.aspx?mcl-Act-407-of-2016"
electrical,Minnesota,MN,37.52,26.71,"U.S. Bureau of Labor Statistics (BLS) Occupational Employment and Wage Statistics (OEWS), 2023, https://www.bls.gov/oes/2023/may/oes_mn.htm","Statewide licensing is required by the Minnesota Department of Labor and Industry (DLI). Individual credentials include Registered Unlicensed Electrician, Class A Journeyman Electrician, and Class A Master Electrician. Electrical contracting businesses must hold an Electrical Contractor license and designate a Class A Master Electrician as the Responsible Licensed Individual (RLI).","Minnesota Department of Labor and Industry (DLI), 2024"
electrical,Mississippi,MS,28.16,-4.9,"U.S. Bureau of Labor Statistics, May 2023 OEWS, https://www.bls.gov/oes/current/oes_ms.htm and https://www.bls.gov/oes/current/oes472111.htm","Mississippi uses a hybrid licensing system. At the state level, the Mississippi State Board of Contractors (MSBOC) regulates electrical contractor licenses (Certificates of Responsibility) for commercial projects valued at $50,000 or more, residential remodeling at $10,000 or more, or new residential construction at $50,000 or more. Individual trade licensing (journeyman and master electrician) for work below these state thresholds is administered at the local city and county level.","Mississippi State Board of Contractors (MSBOC), 2024, https://www.msboc.us"
electrical,Missouri,MO,30.11,1.69,"U.S. Bureau of Labor Statistics (BLS) Occupational Employment and Wage Statistics (OEWS), May 2023, https://www.bls.gov/oes/2023/may/oes_mo.htm","Missouri operates primarily under local city/county jurisdiction ('home rule') for individual trade licensing (Apprentice, Journeyman, Master Electrician). The state offers an optional statewide Electrical Contractor license issued by the Office of Statewide Electrical Contractors for contractors working across multiple jurisdictions.","Missouri Division of Professional Registration, Office of Statewide Electrical Contractors, 2023, https://pr.mo.gov/electricalcontractors.asp"
electrical,Montana,MT,31.05,4.86,"U.S. Bureau of Labor Statistics (BLS) OEWS, May 2023, https://www.bls.gov/oes/2023/may/oes_mt.htm","Statewide license required. Administered at the state level by the Montana State Electrical Board under the Department of Labor and Industry. Credential tiers include Residential Electrician, Journeyman Electrician, Master Electrician, Limited Electrical Contractor (limited to residential construction of 5 or fewer units), and Unlimited Electrical Contractor (requires a full-time licensed Master Electrician).","Montana State Electrical Board, Department of Labor and Industry, 2024"
electrical,Nebraska,NE,28.68,-3.14,"U.S. Bureau of Labor Statistics, May 2023 State Occupational Employment and Wage Estimates - Nebraska (SOC 47-2111 Electricians), published April 2024, https://www.bls.gov/oes/current/oes_ne.htm","State-level licensing is required for electrical work in Nebraska, administered by the Nebraska State Electrical Division under the Nebraska State Electrical Act. State license tiers include Electrical Contractor, Journeyman Electrician, Residential Journeyman Electrician, Fire Alarm Installer, and Apprentice Electrician (registration required).","Nebraska State Electrical Division / Nebraska State Electrical Act, 2024, https://electrical.nebraska.gov"
electrical,Nevada,NV,29.07,-1.82,"U.S. Bureau of Labor Statistics (BLS) OEWS, May 2023 (State: https://www.bls.gov/oes/current/oes_nv.htm ; National: https://www.bls.gov/oes/current/oes472111.htm)","In Nevada, a state-level contractor license is required for electrical contracting work, issued by the Nevada State Contractors Board (NSCB) under Classification C-2 Electrical Contracting. Subclassifications include C-2a (Electrical Wiring), C-2b (Integrated Ceilings), C-2c (Fire Detection), C-2d (Low Voltage Systems), C-2e (Lines to Transmit Electricity), C-2f (Residential Wiring), and C-2g (Photovoltaics). While local jurisdictions (counties and cities like Reno or Clark County) may issue journeyman certificates or master electrician cards, contractor licensing for trade operations is mandated statewide by the NSCB.","Nevada State Contractors Board (NSCB), 2024"
electrical,New Hampshire,NH,29.22,-1.32,"U.S. Bureau of Labor Statistics (BLS) Occupational Employment and Wage Statistics, 2023, https://www.bls.gov/oes/current/oes_nh.htm","A state-level license is required in New Hampshire to perform electrical work operating at 30 volts or higher, governed by the Electricians' Board under the Office of Professional Licensure and Certification (OPLC) pursuant to RSA 319-C. Municipalities do not issue separate trade licenses. License tiers consist of Apprentice Electrician (registration), Journeyman Electrician, Master Electrician, and High/Medium Voltage Electrician.","New Hampshire Office of Professional Licensure and Certification (OPLC) Electricians' Board, 2024"
electrical,New Jersey,NJ,32.81,10.81,"U.S. Bureau of Labor Statistics (BLS) Occupational Employment and Wage Statistics (OEWS), May 2023, https://www.bls.gov/oes/current/oes_nj.htm",A state-level license and business permit are required in New Jersey to perform electrical contracting work. Licensing is regulated statewide by the New Jersey Board of Examiners of Electrical Contractors (Division of Consumer Affairs) rather than local municipalities. License/qualification tiers include Qualified Journeyman Electrician and Licensed Electrical Contractor (holds an individual license and business permit).,"New Jersey Board of Examiners of Electrical Contractors, New Jersey Division of Consumer Affairs, 2025, https://www.njconsumeraffairs.gov/elec"
electrical,New Mexico,NM,26.92,-9.08,"U.S. Bureau of Labor Statistics (BLS) Occupational Employment and Wage Statistics (OEWS), May 2023, https://www.bls.gov/oes/current/oes_nm.htm","State-level licensing is required in New Mexico, administered by the Construction Industries Division (CID) of the New Mexico Regulation and Licensing Department (RLD); local cities/counties do not issue separate trade licenses. Licensing consists of individual Journeyman Certificates of Competence (e.g., EE-98J Residential and Commercial Electrical requiring 4 years/8,000 hours of experience; ER-1J Residential requiring 2 years experience) and Electrical Contractor classifications (e.g., EE-98 Residential and Commercial Electrical Contractor operating at 5,000V or less, requiring a qualifying party with journeyman status).","New Mexico Regulation and Licensing Department (RLD), Construction Industries Division (CID), 2024, https://www.rld.nm.gov/construction"
electrical,New York,NY,37.23,25.73,"U.S. Bureau of Labor Statistics (BLS) Occupational Employment and Wage Statistics (OEWS), May 2023, https://www.bls.gov/oes/current/oes_ny.htm","No statewide electrician or electrical contractor license is required in the State of New York; licensing authority is decentralized and governed entirely at the local (city, town, or county) level. Licensing structures vary by municipality; for example, the New York City Department of Buildings (DOB) licenses Master Electricians and Special Electricians (no NYC journeyman tier), whereas other cities like Buffalo issue Journeyman and Master Electrician licenses.","New York City Department of Buildings (NYC DOB), 2024"
electrical,North Carolina,NC,24.49,-17.29,"U.S. Bureau of Labor Statistics, Occupational Employment and Wage Statistics (OEWS), May 2023, https://www.bls.gov/oes/current/oes_nc.htm","State-level electrical contractor license is required across North Carolina, governed by the North Carolina State Board of Examiners of Electrical Contractors (NCBEEC) pursuant to N.C.G.S. Chapter 87, Article 4. Primary license tiers include Limited (projects up to $60,000 and <=600 volts), Intermediate (projects up to $150,000), and Unlimited (no project dollar value or voltage limits). The board also issues several Special Restricted licenses (e.g., Single-Family Dwelling, Fire Alarm/Low Voltage, Elevator, Electric Sign, Swimming Pool).","North Carolina State Board of Examiners of Electrical Contractors (NCBEEC), 2023, https://www.ncbeec.org"
electrical,North Dakota,ND,36.6,23.61,"U.S. Bureau of Labor Statistics (BLS) Occupational Employment and Wage Statistics (OEWS), May 2023, https://www.bls.gov/oes/current/oes_nd.htm","A state-level license is mandatory for electrical work in North Dakota, governed statewide by the North Dakota State Electrical Board (NDSEB). License tiers include Master Electrician (Contracting Master, Master of Record, Non-Contracting Master), Journeyman Electrician, Class B Electrician, Apprentice Electrician, and Power-Limited Electrician.","North Dakota State Electrical Board (NDSEB), 2024, https://www.ndseb.com"
electrical,Ohio,OH,30.46,2.87,"U.S. Bureau of Labor Statistics (BLS) Occupational Employment and Wage Statistics (OEWS), May 2023, https://www.bls.gov/oes/current/oes_oh.htm and https://www.bls.gov/oes/current/oes_nat.htm","State-level licensing is required for commercial electrical contractors, governed by the Ohio Construction Industry Licensing Board (OCILB) under Ohio Revised Code Chapter 4740. State license classifications include Electrical Contractor (EC) and Electrical Contractor Residential (ECR). Journeyman electrician credentials and general contractor registrations are administered locally by individual municipalities rather than at the state level.","Ohio Construction Industry Licensing Board (OCILB), Ohio Department of Commerce, 2024, https://com.ohio.gov/divisions-and-programs/industrial-compliance/boards/ohio-construction-industry-licensing-board"
electrical,Oklahoma,OK,27.76,-6.25,"U.S. Bureau of Labor Statistics (BLS) Occupational Employment and Wage Statistics (OEWS), May 2023 (published April 2024), https://www.bls.gov/oes/current/oes_ok.htm and https://www.bls.gov/oes/current/oes472111.htm","A state-level license is required in Oklahoma to perform electrical work or operate an electrical contracting business, administered by the Oklahoma Construction Industries Board (CIB) under the Oklahoma Electrical License Act (59 O.S. § 1680 et seq.). State licensing tiers include Apprentice Electrician (registration), Journeyman Electrician (Unlimited or Residential), Master Electrician, and Electrical Contractor (Unlimited, Residential, or Limited).","Oklahoma Construction Industries Board (CIB), 2024, https://oklahoma.gov/cib.html"
electrical,Oregon,OR,42.68,44.14,"U.S. Bureau of Labor Statistics (BLS) Occupational Employment and Wage Statistics (OEWS), May 2023 (published April 2024), https://www.bls.gov/oes/current/oes_or.htm","Mandatory statewide licensing. Individual electricians are licensed by the Oregon Building Codes Division (BCD) under ORS Chapter 479 and OAR Chapter 918. Individual license tiers include General Journeyman Electrician (Class A), General Supervising Electrician, Limited Residential Electrician (LR), Limited Energy Technician (Class A/B LEA/LEB), Limited Maintenance Electrician (LME), and Limited Renewable Energy Technician. Electrical contracting businesses must additionally hold an Electrical Specialty Contractor license issued by the Oregon Construction Contractors Board (CCB) under ORS Chapter 701 and designate a licensed General Supervising Electrician.","Oregon Building Codes Division (BCD), 2024, and Oregon Construction Contractors Board (CCB), 2024, https://www.oregon.gov/ccb/Pages/index.aspx"
electrical,Pennsylvania,PA,31.59,6.69,"U.S. Bureau of Labor Statistics, May 2023 OEWS State Occupational Employment and Wage Estimates - Pennsylvania, https://www.bls.gov/oes/current/oes_pa.htm","No statewide electrician or electrical contractor license is issued by the Commonwealth of Pennsylvania; electrical trade licensing is governed locally by individual municipalities (e.g., Philadelphia, Pittsburgh). Statewide, contractors performing $5,000 or more annually in residential home improvement work must register with the state under the Home Improvement Consumer Protection Act (HICPA).","Pennsylvania Office of Attorney General, Home Improvement Consumer Protection Act (HICPA), 2024"
electrical,Rhode Island,RI,31.85,7.57,"U.S. Bureau of Labor Statistics, Occupational Employment and Wage Statistics (OEWS), May 2023, https://www.bls.gov/oes/current/oes_ri.htm","Statewide licensing is required in Rhode Island and administered at the state level by the Rhode Island Department of Labor and Training (DLT) Board of Examiners of Electricians (local city/county licenses do not replace state licensure). Primary license tiers include Registered Apprentice, Certificate B (Journeyperson Electrician - requiring 8,000 hours/4 years of supervised OJT and 576 classroom hours), and Certificate A (Electrical Contractor / Master Electrician - requiring 12,000 hours/6 years total experience including 2 years as a licensed journeyperson). Specialty licenses also exist for fire alarm, electric sign, and oil burner systems.","Rhode Island Department of Labor and Training, Board of Examiners of Electricians, 2024, https://dlt.ri.gov"
electrical,South Carolina,SC,24.98,-15.64,"U.S. Bureau of Labor Statistics (BLS) OEWS, May 2023, https://www.bls.gov/oes/current/oes_sc.htm","State-level licensing is required in South Carolina through the Department of Labor, Licensing and Regulation (LLR). Commercial electrical work is licensed by the South Carolina Contractors' Licensing Board (CLB) under a Mechanical Contractor license (Electrical classification), tiered into Groups 1 through 5 based on per-project valuation limits. Residential electrical work on projects exceeding $5,000 is licensed by the South Carolina Residential Builders Commission (RBC) as a Licensed Residential Specialty Contractor (Electrical).","South Carolina Department of Labor, Licensing and Regulation (LLR) - Contractors' Licensing Board, 2024, https://llr.sc.gov/clb"
electrical,South Dakota,SD,27.76,-6.25,"U.S. Bureau of Labor Statistics (BLS) Occupational Employment and Wage Statistics (OEWS), May 2023, https://www.bls.gov/oes/current/oes_sd.htm","Statewide licensing is required for the electrical trade in South Dakota under the South Dakota Electrical Commission (SDCL Chapter 36-16). License tiers include Electrical Contractor, Journeyman Electrician, Class B Electrician, Apprentice Electrician, Maintenance Electrician, and Electrical Inspector.","South Dakota Electrical Commission / South Dakota State Legislature, 2023, https://sdlegislature.gov/Statutes/Codified_Laws/2056073"
electrical,Tennessee,TN,26.62,-10.1,"U.S. Bureau of Labor Statistics (BLS) OEWS, May 2023, https://www.bls.gov/oes/current/oes_tn.htm","Tennessee regulates electrical contracting at the state level via the Board for Licensing Contractors. A state Electrical Contractor (CE) license is required for any project costing $25,000 or more (materials + labor), which is valid statewide. For electrical work under $25,000, the state issues a Limited Licensed Electrician (LLE) license in municipalities utilizing the State Fire Marshal's Office for inspections; however, major cities and counties (e.g., Davidson, Shelby, Knox, Hamilton) enforce local master/journeyman licensing for under-$25,000 projects.","Tennessee Board for Licensing Contractors, 2024, https://www.tn.gov/commerce/regboards/contractors.html"
electrical,Texas,TX,26.87,-9.25,"U.S. Bureau of Labor Statistics (BLS) Occupational Employment and Wage Statistics (OEWS), May 2023, https://www.bls.gov/oes/2023/may/oes472111.htm","State-level licensing is required in Texas and is administered statewide by the Texas Department of Licensing and Regulation (TDLR) under Texas Occupations Code Chapter 1305 (Texas Electrical Safety and Licensing Act); local municipalities cannot issue separate trade licenses, though they may require local contractor registration for permits. License tiers include Electrical Apprentice, Residential Wireman, Journeyman Electrician, Journeyman Industrial Electrician, Master Electrician, Master Sign Electrician, Residential Appliance Installer, and Electrical Contractor (business entity).","Texas Department of Licensing and Regulation (TDLR), 2023, https://www.tdlr.texas.gov/electricians"
electrical,Utah,UT,28.79,-2.77,"U.S. Bureau of Labor Statistics, May 2023 OEWS State Occupational Employment and Wage Estimates: Utah & National (SOC 47-2111 Electricians), 2024, https://www.bls.gov/oes/current/oes_ut.htm","State-level licensure is mandatory in Utah through the Division of Professional Licensing (DOPL) within the Utah Department of Commerce under the Construction Trades Licensing Act (Utah Code Title 58 Chapter 55); local municipalities cannot override state trade licensing standards. Individual trade license tiers comprise Apprentice Electrician, Journeyman Electrician, Residential Journeyman Electrician, Master Electrician, and Residential Master Electrician. Electrical contracting businesses must hold a specialty contractor license under General Electrical Contractor (S200) or Residential Electrical Contractor (S201) classifications.","Utah Division of Professional Licensing (DOPL), Utah Department of Commerce, 2024, https://dopl.utah.gov/contractor"
electrical,Vermont,VT,27.02,-8.75,"U.S. Bureau of Labor Statistics, Occupational Employment and Wage Statistics (OEWS), May 2023, https://www.bls.gov/oes/current/oes_vt.htm","State-level license is required in Vermont administered by the Electricians' Licensing Board under the Department of Public Safety Division of Fire Safety (26 V.S.A. Chapter 15). Individual licensing tiers include Apprentice Electrician, Journeyman Electrician, Master Electrician, and Type-S (Specialty) Journeyman/Master Electrician, along with Electrical Contractor business registration.","Vermont Department of Public Safety, Division of Fire Safety, Electricians' Licensing Board, 2025"
electrical,Virginia,VA,29,-2.06,"U.S. Bureau of Labor Statistics, Occupational Employment and Wage Statistics (OEWS), May 2023, https://www.bls.gov/oes/current/oes_va.htm","State-level licensing is required in Virginia. The Virginia Department of Professional and Occupational Regulation (DPOR) Board for Contractors issues contractor licenses to business entities across three classes based on project size and annual volume thresholds: Class C (projects $1,000 to $30,000; up to $250,000 annually), Class B (projects $30,000 to $150,000; $250,000 to $1,000,000 annually), and Class A (projects $150,000 or more; $1,000,000 or more annually). Contracting entities must designate a Qualified Individual (such as a licensed Master Electrician). Individual tradesmen (Journeyman and Master Electricians) are also certified at the state level.","Virginia Department of Professional and Occupational Regulation (DPOR) Board for Contractors, 2025, https://www.dpor.virginia.gov/Boards/Contractors"
electrical,Washington,WA,39.44,33.2,"U.S. Bureau of Labor Statistics, Occupational Employment and Wage Statistics (OEWS), May 2023, https://www.bls.gov/oes/2023/may/oes_wa.htm","In Washington State, electrical licensing is required at the state level and administered by the Department of Labor & Industries (L&I) under RCW 19.28; local cities or counties cannot supersede or substitute state licensing requirements. Individual credential tiers include Electrical Trainee, General Journey Level Electrician (01), Specialty Electrician (e.g., Residential 02, Pump/Irrigation 03, Limited Energy 06), Master General Journey Level Electrician (01), and Electrical Administrator (General AD01 and 14 Specialties). Contracting entities must obtain a General or Specialty Electrical Contractor License and designate a Master Electrician or Electrical Administrator.","Washington State Department of Labor & Industries (L&I), Electrical Program, 2024"
electrical,West Virginia,WV,30.34,2.47,"U.S. Bureau of Labor Statistics (BLS) Occupational Employment and Wage Statistics (OEWS), May 2023, https://www.bls.gov/oes/current/oes_wv.htm","Statewide licensing is required in West Virginia. Individual electrician credentials (Apprentice, Journeyman, Master, and Specialty) are issued by the West Virginia Office of the State Fire Marshal under W. Va. Code § 29-3B. Electrical contracting businesses performing work exceeding $1,000 must also obtain a Specialty Electrical Contractor license from the West Virginia Contractor Licensing Board (WV Division of Labor) under W. Va. Code § 21-11.","West Virginia State Fire Marshal & West Virginia Contractor Licensing Board, 2026"
electrical,Wisconsin,WI,35.89,21.21,"U.S. Bureau of Labor Statistics (BLS) Occupational Employment and Wage Statistics (OEWS), May 2023 (released April 2024), https://www.bls.gov/oes/current/oes_wi.htm","Statewide licensing is required for electrical work in Wisconsin, administered by the Wisconsin Department of Safety and Professional Services (DSPS) under Wis. Stat. § 101.862 and Wis. Admin. Code SPS 305, preempting local trade licensing. Tiers include Registered Electrical Apprentice, Registered Electrician, Journeyman Electrician (including Residential Journeyman and Industrial Journeyman), Master Electrician (including Residential Master), and Electrical Contractor (business entity credential requiring an active Master Electrician as qualifying agent).","Wisconsin Department of Safety and Professional Services (DSPS), 2024, https://dsps.wi.gov/Pages/Professions/ElectricalContractor/Default.aspx"
electrical,Wyoming,WY,30.98,4.63,"U.S. Bureau of Labor Statistics (BLS) Occupational Employment and Wage Statistics (OEWS), May 2023, https://www.bls.gov/oes/current/oes_wy.htm","A state-level license is required in Wyoming for electrical work, making electrical contracting the only construction trade regulated at the state level rather than locally (W.S. 35-9-125). Licensing tiers include Apprentice Electrician, Journeyman Electrician, Master Electrician, Electrical Contractor (must employ a full-time Master Electrician of record), and Low Voltage / Limited Technician / Electrical Contractor.","Wyoming Department of Fire Prevention and Electrical Safety, 2024, https://wsfm.wyo.gov"
roofing,Alabama,AL,21.33,-11.31,"U.S. Bureau of Labor Statistics (BLS) Occupational Employment and Wage Statistics (OEWS), May 2023, https://www.bls.gov/oes/2023/may/oes_al.htm","Alabama requires state-level licensing for roofing contractors. Residential roofing contractors undertaking jobs of $2,500 or more must be licensed by the Alabama Home Builders Licensure Board (HBLB) under the Residential Roofer tier, which requires holding a local municipal or county contractor license for at least one year. For commercial or public construction projects valued at $100,000 or more, contractors must be licensed by the Alabama Licensing Board for General Contractors (LBGC) under the Roofing and Sheet Metal Specialty classification.","Alabama Home Builders Licensure Board (HBLB) and Alabama Licensing Board for General Contractors (LBGC), 2024, https://hblb.alabama.gov"
roofing,Alaska,AK,30.64,27.4,"U.S. Bureau of Labor Statistics, Occupational Employment and Wage Statistics (OEWS) May 2023, https://www.bls.gov/oes/current/oes_ak.htm","A state-level license is required in Alaska to operate as a roofing contractor. Licenses are issued statewide by the Division of Corporations, Business and Professional Licensing (DCBPL). Roofers are licensed as Specialty Contractors (Roofing specialty). Contractors performing work on residential structures (one- and two-family dwellings) must additionally obtain a Residential Contractor Endorsement under AS 08.18.025, which requires completing a 16-hour Arctic Engineering / Cold Climate coursework.","Alaska Department of Commerce, Community, and Economic Development - Division of Corporations, Business and Professional Licensing, 2024, https://www.commerce.alaska.gov/web/cbpl/ProfessionalLicensing/ConstructionContractors.aspx"
roofing,Arizona,AZ,24.01,-0.17,"U.S. Bureau of Labor Statistics (BLS) Occupational Employment and Wage Statistics (OEWS), May 2023, https://www.bls.gov/oes/2023/may/oes_az.htm","Arizona requires a state-level contractor license administered by the Arizona Registrar of Contractors (AZ ROC) under A.R.S. Title 32, Chapter 10 for any roofing project totaling $1,000 or more in labor and materials. License classifications/tiers for roofing include Residential Roofing (R-42), Commercial Roofing (C-42), and Dual Commercial/Residential Roofing (CR-42 / KA-42). Local cities and counties do not issue separate trade licenses, though local building permits are required.","Arizona Registrar of Contractors (AZ ROC), 2024, https://roc.az.gov"
roofing,Arkansas,AR,21.94,-8.77,"BLS OEWS, 2023, https://www.bls.gov/oes/2023/may/oes_ar.htm","State-level regulation is required. The Arkansas Contractors Licensing Board (ACLB) under the Department of Labor and Licensing regulates contractors statewide. Performing residential roofing work over $2,000 (labor and materials) requires a Residential Roofer Registration or Home Improvement Specialty / Residential Remodeler / Builder License. Commercial roofing projects valued at $50,000 or more require a Commercial Contractor License (Restricted for projects up to $750,000, Unrestricted for any value).","Arkansas Contractors Licensing Board, 2024, https://www.labor.arkansas.gov/licensing/contractors-licensing-board"
roofing,California,CA,30.43,26.53,"U.S. Bureau of Labor Statistics (BLS) Occupational Employment and Wage Statistics (OEWS), May 2023, https://www.bls.gov/oes/current/oes_ca.htm and https://www.bls.gov/oes/current/oes472181.htm","A state-level license is required in California for any roofing project with combined labor and material costs exceeding $500. Licensing is administered statewide by the Contractors State License Board (CSLB) rather than local counties or cities. Roofing contractors fall under the Class C Specialty Contractor category, specifically the C-39 Roofing Contractor classification. Applicants must document at least 4 years of journey-level experience within the last 10 years and pass both the California Law and Business Exam and the C-39 Trade Exam.","California Contractors State License Board (CSLB), 2024, https://www.cslb.ca.gov"
roofing,Colorado,CO,25.01,3.99,"U.S. Bureau of Labor Statistics (BLS), May 2023 OEWS State Occupational Employment and Wage Estimates - Colorado (https://www.bls.gov/oes/current/oes_co.htm) and May 2023 National Occupational Employment and Wage Estimates for SOC 47-2181 Roofers (https://www.bls.gov/oes/current/oes472181.htm)","No state-level contractor license or registration is required for roofing in Colorado. Licensing for general contractors and specialty roofing trades is managed entirely at the local municipal or county level (such as Denver, Aurora, or Boulder). State-level trade licensing under DORA is limited to electrical and plumbing trades.","Colorado Department of Regulatory Agencies (DORA), 2024, https://dora.colorado.gov"
roofing,Connecticut,CT,29.62,23.16,"U.S. Bureau of Labor Statistics (BLS) Occupational Employment and Wage Statistics (OEWS), May 2023, https://www.bls.gov/oes/current/oes_ct.htm (Connecticut) and https://www.bls.gov/oes/current/oes472181.htm (National)","Connecticut does not issue a roofing-specific trade license at the state level. However, statewide registration with the Connecticut Department of Consumer Protection (DCP) is required: contractors performing residential roofing projects exceeding $200 must register as Home Improvement Contractors (HIC), while contractors performing structural work on commercial/large-scale buildings exceeding statutory threshold limits (e.g., 4+ stories, 60 ft height, or 150,000 sq ft) must register as Major Contractors.","Connecticut Department of Consumer Protection (DCP), 2024, https://portal.ct.gov/dcp/trade-practices-division/home-improvement-for-consumers"
roofing,Delaware,DE,24.94,3.7,"U.S. Bureau of Labor Statistics (BLS) Occupational Employment and Wage Statistics (OEWS), May 2023, https://www.bls.gov/oes/current/oes_de.htm","Delaware does not issue a state-level specialty trade license for roofing contractors. Instead, roofing contractors are regulated under Delaware's general contractor registration system, requiring registration with the Delaware Department of Labor Office of Contractor Registration and a business license from the Delaware Division of Revenue. Registration tiers are categorized by residency status (Resident Contractor vs. Non-Resident Contractor) and whether the contractor bids on state contracts.","Delaware Department of Labor & Division of Revenue, 2024, https://revenue.delaware.gov/contractors-resident-and-non-resident"
roofing,Florida,FL,22.42,-6.78,"U.S. Bureau of Labor Statistics (BLS) Occupational Employment and Wage Statistics (OEWS), May 2023 State Occupational Employment and Wage Estimates - Florida, https://www.bls.gov/oes/current/oes_fl.htm","A state-level license is required in Florida to perform roofing contracting work, governed by the Department of Business and Professional Regulation (DBPR) Construction Industry Licensing Board. Licensing tiers consist of Certified Roofing Contractor (CCC, which permits statewide practice in any Florida county) and Registered Roofing Contractor (RG, which limits practice to specific local city/county jurisdictions where a local certificate of competency is held).","Florida Department of Business and Professional Regulation (DBPR), Construction Industry Licensing Board, 2024"
roofing,Georgia,GA,22.82,-6.9,"U.S. Bureau of Labor Statistics Occupational Employment and Wage Statistics (OEWS), 2024, https://www.bls.gov/oes","Georgia does not require a statewide trade license specifically for roofing contractors. Roofing is treated as an exempt specialty trade at the state level, though local city or county business licenses and building permits are required. Roofers may optionally obtain a Residential Basic, Residential Light Commercial, or General Contractor license through the state board.","Georgia State Licensing Board for Residential and General Contractors, 2024, https://sos.ga.gov/georgia-state-licensing-board-residential-and-general-contractors"
roofing,Hawaii,HI,28.51,18.55,"U.S. Bureau of Labor Statistics, May 2023 OEWS State and National Occupational Employment and Wage Estimates, 2024, https://www.bls.gov/oes/current/oes_hi.htm","Hawaii requires a state-level contractor license for roofing work where total project costs (labor and materials combined) exceed $1,500, administered statewide by the Hawaii Department of Commerce and Consumer Affairs (DCCA) Contractors License Board under Hawaii Revised Statutes (HRS) Chapter 444. There are no county or municipal trade license tiers. Roofing is classified as a Specialty Contractor Class C license, specifically C-42 (Roofing Contractor), with specialized sub-classifications including C-42a (Aluminum and other metal shingles), C-42b (Wood shingles and shakes), C-42c (Concrete and clay tile), C-42e (Urethane foam), and C-42g (Roof coatings).","Hawaii Department of Commerce and Consumer Affairs (DCCA), Professional and Vocational Licensing Division, Contractors License Board, 2024, https://cca.hawaii.gov/pvl/boards/contractors"
roofing,Idaho,ID,22.23,-7.57,"U.S. Bureau of Labor Statistics (BLS), May 2023 State Occupational Employment and Wage Estimates - Idaho, https://www.bls.gov/oes/current/oes_id.htm","Idaho does not require a state-level trade license for roofing contractors. Instead, under the Idaho Contractor Registration Act (Idaho Code § 54-5201 et seq.), any contractor undertaking construction or roofing work exceeding $2,000 in labor and materials must register with the Idaho Contractors Board within the Division of Occupational and Professional Licenses (DOPL). No state trade exam or specialty licensing tiers exist for roofers, though local city or county jurisdictions may require local permits or licenses.","Idaho Division of Occupational and Professional Licenses (DOPL), Idaho Contractors Board, 2024, https://dopl.idaho.gov/con"
roofing,Illinois,IL,30.51,26.86,"U.S. Bureau of Labor Statistics (BLS) Occupational Employment and Wage Statistics (OEWS), May 2023, https://www.bls.gov/oes/current/oes_il.htm","A state-level license issued by the Illinois Department of Financial and Professional Regulation (IDFPR) is required under the Illinois Roofing Industry Licensing Act (225 ILCS 335). Tiers consist of: 1) Limited Roofing License (residential roofing on structures with 8 units or fewer) and 2) Unlimited Roofing License (residential, commercial, and industrial roofing). Applicants must designate a qualifying party who passes the state exam.","Illinois Department of Financial and Professional Regulation (IDFPR), 2024, https://idfpr.illinois.gov"
roofing,Indiana,IN,23.93,-0.5,"U.S. Bureau of Labor Statistics, Occupational Employment and Wage Statistics (OEWS), May 2023, https://www.bls.gov/oes/current/oes_in.htm","No state-level license is required for roofing contractors in Indiana. Roofing contractor licensing and contractor registration are administered strictly at the local city and county level (e.g., Indianapolis/Marion County or Fort Wayne/Allen County).","Indiana Professional Licensing Agency (IPLA) / Indiana Contractor Authority, 2024, https://indianacontractorauthority.com"
roofing,Iowa,IA,22.98,-4.45,"U.S. Bureau of Labor Statistics (BLS) Occupational Employment and Wage Statistics (OEWS), May 2023, https://www.bls.gov/oes/current/oes_ia.htm","Iowa does not issue a specific state trade license or require exams for roofers. Under Iowa Code Chapter 91C, any individual or business performing construction work (including roofing) who earns $2,000 or more per year must register as a Construction Contractor with the Iowa Department of Inspections, Appeals, and Licensing (DIAL). No state trade tiers exist for roofing; registration is a single general category. Municipalities (e.g., Des Moines, Cedar Rapids) may enforce local licensing or permitting requirements.","Iowa Department of Inspections, Appeals, and Licensing (DIAL) / Iowa Code Chapter 91C, 2024, https://dia.iowa.gov"
roofing,Kansas,KS,22.83,-5.07,"U.S. Bureau of Labor Statistics (BLS) May 2023 State Occupational Employment and Wage Estimates - Kansas, 2023, https://www.bls.gov/oes/2023/may/oes_ks.htm","Kansas does not issue a statewide occupational trade license for roofers; instead, under the Kansas Roofing Registration Act (K.S.A. 50-6,121 et seq.), all contractors offering commercial or residential roofing services for a fee must obtain a statewide Roofing Contractor Registration Certificate from the Office of the Kansas Attorney General. General contractors meeting specific statutory criteria are exempt. Trade licenses and competency exams are regulated at the local city or county level (e.g., Johnson County Class DR, Lawrence Class D, Wichita/Sedgwick County).","Office of the Kansas Attorney General, Kansas Roofing Registration Act (K.S.A. 50-6,121 et seq.), 2023"
roofing,Kentucky,KY,22.56,-6.2,"U.S. Bureau of Labor Statistics (BLS) Occupational Employment and Wage Statistics (OEWS), May 2023 (https://www.bls.gov/oes/2023/may/oes_ky.htm)","Kentucky does not require a state-level license for roofing contractors. State trade licensing under the Department of Housing, Buildings and Construction (DHBC) is restricted to specific trades such as electrical, plumbing, and HVAC. General contracting and roofing regulation is handled at the local city and county level (e.g., Louisville Metro contractor registration). The Kentucky Roofing Contractors Association (KRCA) provides a voluntary statewide certification tier.","Kentucky Department of Housing, Buildings and Construction (DHBC), 2026 (https://dhbc.ky.gov)"
roofing,Louisiana,LA,20.82,-13.43,"U.S. Bureau of Labor Statistics (BLS) Occupational Employment and Wage Statistics (OEWS), May 2023, https://www.bls.gov/oes/current/oes_la.htm","State-level licensing is required in Louisiana, administered by the Louisiana State Licensing Board for Contractors (LSLBC). Tiers include Commercial License (required for commercial projects of $50,000 or more), Residential License (required for residential building/roofing projects exceeding $50,000), and Home Improvement Registration (required for residential home improvement/roofing projects valued between $7,500 and $50,000).","Louisiana State Licensing Board for Contractors (LSLBC), 2024, https://www.lslbc.louisiana.gov"
roofing,Maine,ME,23.05,-4.16,"U.S. Bureau of Labor Statistics (BLS) Occupational Employment and Wage Statistics (OEWS), May 2023 (https://www.bls.gov/oes/current/oes23_me.htm and https://www.bls.gov/oes/current/oes23_nat.htm)","No statewide roofing contractor license is required in Maine. Roofing and general construction contractors are not licensed at the state level, though local municipal business licenses or permits may be required by individual cities (such as Portland and Bangor). Under Maine Title 10, Section 1487, written contracts are required for home construction/remodeling projects exceeding $3,000.","Maine Office of Professional and Occupational Regulation (OPOR) / Department of Professional and Financial Regulation, 2026 (https://www.maine.gov/pfr/professionallicensing)"
roofing,Maryland,MD,26.54,10.35,"U.S. Bureau of Labor Statistics (BLS) Occupational Employment and Wage Statistics (OEWS), May 2023, https://www.bls.gov/oes/current/oes_md.htm","State-level licensing is required for residential roofing work through the Maryland Home Improvement Commission (MHIC), a division of the Maryland Department of Labor. Anyone contracting directly with residential property owners for home improvements over $500 must hold an MHIC Contractor License, which requires passing an exam and showing two years of experience. Subcontractor licenses were eliminated in 2016, so subcontractors working under licensed MHIC contractors do not require separate state trade licenses. Commercial roofing is not regulated by a statewide trade license.","Maryland Home Improvement Commission (MHIC), Maryland Department of Labor, 2024, https://www.labor.maryland.gov/license/mhic"
roofing,Massachusetts,MA,33.32,38.54,"U.S. Bureau of Labor Statistics, Occupational Employment and Wage Statistics (OEWS), May 2023, https://www.bls.gov/oes/2023/may/oes_ma.htm","Massachusetts regulates roofing at the state level through a dual track. Contractors performing home improvement or roofing work exceeding $1,000 on owner-occupied 1-to-4 unit residential properties must obtain a Home Improvement Contractor (HIC) registration with the Office of Consumer Affairs and Business Regulation (OCABR). Supervisory authority and structural roofing work require a Construction Supervisor License (CSL) issued by the Board of Building Regulations and Standards (BBRS) / Office of Public Safety and Inspections (OPSI). CSL license tiers include Unrestricted CSL (structures under 35,000 cu ft), Restricted CSL (1- and 2-family dwellings), and Specialty CSL (Roof Covering).","Massachusetts Office of Consumer Affairs and Business Regulation (OCABR) / Board of Building Regulations and Standards (BBRS), 2024, https://www.mass.gov/orgs/office-of-consumer-affairs-and-business-regulation"
roofing,Michigan,MI,24.79,3.08,"U.S. Bureau of Labor Statistics (BLS) Occupational Employment and Wage Statistics (OEWS), May 2023, https://www.bls.gov/oes/current/oes_mi.htm","State-level licensing is required for residential roofing work on projects valued at $600 or more. The state offers two primary license tiers administered by LARA's Bureau of Construction Codes: (1) Residential Maintenance & Alteration (M&A) Contractor License with a specific Roofing trade classification, and (2) Residential Builder License (covering general residential construction and remodeling). Standalone commercial roofing is not licensed at the state level but is regulated via local building permits and codes.","Michigan Department of Licensing and Regulatory Affairs (LARA) / Bureau of Construction Codes, 2024, https://www.michigan.gov/lara"
roofing,Minnesota,MN,30.29,25.95,"U.S. Bureau of Labor Statistics, Occupational Employment and Wage Statistics (OEWS), May 2023, https://www.bls.gov/oes/current/oes_mn.htm","State-level licensing is required for residential roofing contractors in Minnesota under Minn. Stat. § 326B.802, administered by the Minnesota Department of Labor and Industry (DLI). License tiers include Residential Roofer, Residential Building Contractor, and Residential Remodeler. Each licensed entity must employ a designated Qualifying Person who passes the DLI prelicensing examination. Contractors earning under $15,000 in annual gross residential contracting receipts are exempt.","Minnesota Department of Labor and Industry, 2024, https://www.dli.mn.gov/business/residential-contractors/who-needs-roofer-license"
roofing,Mississippi,MS,18.47,-23.2,"U.S. Bureau of Labor Statistics (BLS) Occupational Employment and Wage Statistics (OEWS), May 2023, https://www.bls.gov/oes/current/oes_ms.htm","State-level licensing is required by the Mississippi State Board of Contractors (MSBOC). State licensure is required for residential roofing projects exceeding $10,000 and commercial roofing projects exceeding $50,000. License tiers include Residential Roofing License and Commercial Roofing Specialty License (or major Building classification).","Mississippi State Board of Contractors (MSBOC), 2024, https://www.msboc.us"
roofing,Missouri,MO,23.04,-4.2,"U.S. Bureau of Labor Statistics (BLS) May 2023 Occupational Employment and Wage Statistics (OEWS), 2024, https://www.bls.gov/oes/current/oes_mo.htm",Missouri does not require or issue a statewide roofing contractor license or general contractor license. Licensing and contractor registration are administered locally at the municipal and county levels (such as in Kansas City and St. Louis). Businesses operating as LLCs or corporations must register with the Missouri Secretary of State.,"Missouri Division of Professional Registration, 2026, https://pr.mo.gov"
roofing,Montana,MT,23.4,-2.7,"U.S. Bureau of Labor Statistics OEWS, 2023, https://www.bls.gov/oes/current/oes_mt.htm","Montana does not require a trade-specific state license or competency exam for roofing contractors. However, any construction contractor with employees must register with the Montana Department of Labor and Industry (DLI) under the Construction Contractor Registration (CCR) program ($70 fee, renewed biennially). Sole proprietors working without employees must instead hold an Independent Contractor Exemption Certificate (ICEC) ($125 fee). Local city or county jurisdictions may require separate municipal licenses or permits.","Montana Department of Labor and Industry, 2024"
roofing,Nebraska,NE,22.09,-8.15,"U.S. Bureau of Labor Statistics (BLS) Occupational Employment and Wage Statistics (OEWS), May 2023, https://www.bls.gov/oes/current/oes_ne.htm","Nebraska does not require or issue a state-level trade license for roofing contractors. Instead, under the Nebraska Contractor Registration Act, any general contractor or subcontractor performing construction work (including roofing) and earning $2,000 or more annually must register with the Nebraska Department of Labor (NDOL). State registration is an administrative compliance measure rather than a trade competency license. Trade licensing, examinations, and permits are regulated locally by individual municipal and county building departments (e.g., Omaha, Lincoln).","Nebraska Department of Labor, Contractor Registration, 2025, https://dol.nebraska.gov/conreg"
roofing,Nevada,NV,25.4,5.61,"U.S. Bureau of Labor Statistics, May 2023 OEWS (published April 2024), https://www.bls.gov/oes/current/oes_nv.htm","A state-level license is required across Nevada under NRS Chapter 624 administered by the Nevada State Contractors Board (NSCB). Roofing falls under Specialty License Class C-15 (Roofing and Siding) or subclassification C-15a (Roofing). Licenses are assigned monetary limits by the board based on financial strength, experience, and project scope.","Nevada State Contractors Board (NSCB), 2024, https://www.nvcontractorsboard.com"
roofing,New Hampshire,NH,24.16,-1.43,"U.S. Bureau of Labor Statistics & New Hampshire Employment Security, May 2024 OEWS","New Hampshire does not require a state-level license for roofing contractors or roofers. Contractor licensing and building permits are handled at the municipal level, along with standard business registration through the New Hampshire Secretary of State.","New Hampshire Office of Professional Licensure and Certification (OPLC), 2024 (https://www.oplc.nh.gov)"
roofing,New Jersey,NJ,29.54,22.83,"U.S. Bureau of Labor Statistics (BLS) State Occupational Employment and Wage Statistics (OEWS), 2023, https://www.bls.gov/oes/2023/may/oes_nj.htm","In New Jersey, roofing contractors performing residential work over $500 must register statewide as Home Improvement Contractor Businesses (HICBs) with the New Jersey Division of Consumer Affairs under the Contractors' Business Registration Act (N.J.S.A. 56:8-136 et seq. and P.L. 2023, c. 237). New Jersey does not issue a distinct trade-specific license for roofing at the state level, though local municipal licensing and building code permits may apply.","New Jersey Division of Consumer Affairs, 2025, https://www.njconsumeraffairs.gov"
roofing,New Mexico,NM,20.14,-16.26,"U.S. Bureau of Labor Statistics, May 2023 OEWS State Occupational Employment and Wage Estimates - New Mexico, 2024, https://www.bls.gov/oes/current/oes_nm.htm","State-level contractor licensing is required in New Mexico, administered by the Construction Industries Division (CID) under the Construction Industries Licensing Act (NMSA 1978, § 60-13-1 et seq.). The primary trade classification for roofing is GS-21 (Roofing), though general building licenses (GB-2 Residential and GB-98 General Building) also cover roofing work within broader project scopes. Obtaining a GS-21 license requires a designated Qualifying Party with at least 2 years (4,000 hours) of foreman-level practical experience, passing both the GS-21 trade exam and the New Mexico Business and Law exam, and state approval.","New Mexico Construction Industries Division (CID) / 14.6.6 NMAC, 2022"
roofing,New York,NY,29.13,21.12,"U.S. Bureau of Labor Statistics (BLS) Occupational Employment and Wage Statistics (OEWS), May 2023, https://www.bls.gov/oes/2023/may/oes_ny.htm","No statewide roofing contractor or general contractor license is required in New York. Trade licensing is decentralized and administered at the city and county levels (e.g., Home Improvement Contractor licenses issued by New York City DCWP, Buffalo, Nassau, Suffolk, Westchester, Rockland, and Putnam counties). State-level statutory consumer standards for residential home improvement contracts are set under New York General Business Law Article 36-A.","New York State Office of the Attorney General, General Business Law Article 36-A, 2023"
roofing,North Carolina,NC,22.46,-6.61,"U.S. Bureau of Labor Statistics, Occupational Employment and Wage Statistics (OEWS), May 2023 (released April 2024), https://www.bls.gov/oes/current/oes_nc.htm","In North Carolina, roofing contractors are not subject to a standalone trade license board; however, any construction or roofing work valued at $30,000 or more in total cost (labor and materials) requires a state General Contractor license issued by the North Carolina Licensing Board for General Contractors (NCLBGC) under the Specialty Contractor - Roofing classification or General/Residential classifications. Projects under $30,000 do not require a state-level contractor license (though local permits apply). NCLBGC licenses are issued across three project-value tiers: Limited License (projects up to $750,000), Intermediate License (projects up to $1,500,000), and Unlimited License (no dollar limit).","North Carolina Licensing Board for General Contractors (NCLBGC), N.C. General Statutes Chapter 87, Article 1, 2024, https://www.nclbgc.org"
roofing,North Dakota,ND,23.3,-3.12,"U.S. Bureau of Labor Statistics (BLS) Occupational Employment and Wage Statistics (OEWS), May 2023 (published April 2024), https://www.bls.gov/oes/current/oes_nd.htm and https://www.bls.gov/oes/current/oes_nat.htm","A state-level contractor license is required for any roofing project exceeding $4,000 pursuant to North Dakota Century Code Chapter 43-07, administered by the North Dakota Secretary of State. Roofing contractors hold a general contractor license as there is no separate state-level trade license for roofing. Licenses are tiered into four classes based on per-job contract limits: Class A (contracts over $500,000), Class B (contracts up to $500,000), Class C (contracts up to $300,000), and Class D (contracts up to $100,000).","North Dakota Secretary of State, Contractor Licensing / NDCC Chapter 43-07, 2024"
roofing,Ohio,OH,24.53,2,"U.S. Bureau of Labor Statistics, OEWS May 2023, https://www.bls.gov/oes/2023/may/oes_oh.htm","Ohio does not require or issue a statewide license for roofing contractors. The Ohio Construction Industry Licensing Board (OCILB) regulates specific trades (electrical, HVAC, plumbing, hydronics, and refrigeration), but standalone roofing is regulated and licensed at the local municipal and county levels (e.g., Columbus, Cleveland, Cincinnati). Residential home improvement work exceeding $25 in labor and materials triggers registration with the Ohio Attorney General under ORC Chapter 4722.","Ohio Department of Commerce, Ohio Construction Industry Licensing Board (OCILB), 2026, https://com.ohio.gov/divisions-and-programs/industrial-compliance/boards/ohio-construction-industry-licensing-board"
roofing,Oklahoma,OK,19.71,-18.05,"U.S. Bureau of Labor Statistics (BLS) Occupational Employment and Wage Statistics (OEWS), May 2023 (published April 2024), https://www.bls.gov/oes/current/oes_ok.htm","Statewide registration is required in Oklahoma for all roofing contractors under the Roofing Contractor Registration Act (RCRA), administered by the Oklahoma Construction Industries Board (CIB). Registration tiers include standard Residential Roofing Contractor Registration and a Commercial Roofing Contractor Endorsement (which requires passing a trade examination).","Oklahoma Construction Industries Board (CIB), Roofing Contractor Registration Act Regulations, 2024"
roofing,Oregon,OR,23.54,-2.12,"U.S. Bureau of Labor Statistics, May 2023 State Occupational Employment and Wage Estimates - Oregon, 2024, https://www.bls.gov/oes/current/oes_or.htm","State-level license required. In Oregon, anyone performing construction work for compensation must hold a state license issued by the Oregon Construction Contractors Board (CCB) under ORS Chapter 701. Licensees select structure-based endorsements including Residential Specialty Contractor (RSC), Residential General Contractor (RGC), Commercial Specialty Contractor (CSC Level 1 and Level 2), and Commercial General Contractor (CGC Level 1 and Level 2).","Oregon Construction Contractors Board (CCB), Endorsement Categories & ORS Chapter 701, 2024"
roofing,Pennsylvania,PA,23.24,-3.37,"U.S. Bureau of Labor Statistics, Occupational Employment and Wage Statistics (OEWS), May 2023, https://www.bls.gov/oes/2023/may/oes_pa.htm","Pennsylvania does not require a state-level trade license specifically for roofers. However, contractors performing $5,000 or more in residential home improvement work (including residential roofing) annually must register as a Home Improvement Contractor (HIC) with the Pennsylvania Office of Attorney General under the Home Improvement Consumer Protection Act (HICPA, 73 P.S. § 517.1 et seq.). Commercial roofing and trade permits are governed at the local municipal level. There are no state license tiers, as registration is a consumer protection filing rather than a trade credential.","Pennsylvania Office of Attorney General, Bureau of Consumer Protection, Home Improvement Consumer Protection Act (HICPA), 2024"
roofing,Rhode Island,RI,28.13,16.96,"U.S. Bureau of Labor Statistics & Rhode Island Department of Labor and Training, Occupational Employment and Wage Statistics (OEWS), May 2023, https://dlt.ri.gov/lmi",Rhode Island requires state-level licensing and registration administered by the Contractors' Registration and Licensing Board (CRLB). Residential roofing work requires a general Contractor Registration (requiring 5 hours of pre-education). Commercial and industrial roofing work on non-residential structures or multi-family buildings requires a specialized Commercial Roofing Contractor License (requiring a PSI trade examination and a 10-hour OSHA safety certification).,"Rhode Island Contractors' Registration and Licensing Board (CRLB), 2024, https://crb.ri.gov"
roofing,South Carolina,SC,19.92,-17.17,"U.S. Bureau of Labor Statistics (BLS) OEWS, 2023, https://www.bls.gov/oes/2023/may/oes_sc.htm","State-level licensure and registration are required in South Carolina. Commercial or general roofing work valued over $10,000 requires a General Contractor license with a Roofing subclassification issued by the SC Contractors' Licensing Board (classified into Groups 1 through 5 based on job value limits). Residential roofing work exceeding $500 requires registration as a Residential Specialty Contractor with the SC Residential Builders Commission.","South Carolina Department of Labor, Licensing and Regulation (LLR), 2024, https://llr.sc.gov"
roofing,South Dakota,SD,18.49,-23.12,"U.S. Bureau of Labor Statistics (BLS) Occupational Employment and Wage Statistics (OEWS), May 2023, https://www.bls.gov/oes/current/oes_sd.htm",South Dakota does not require or issue a statewide occupational license for roofing contractors. Statewide licensing is required only for electricians and plumbers via trade commissions under the Department of Labor and Regulation. All construction contractors operating in the state must register for a Contractor's Excise Tax License with the South Dakota Department of Revenue. Roofing contractor licensing and permits are governed locally by individual cities and counties.,"South Dakota Department of Revenue, 2025, https://dor.sd.gov"
roofing,Tennessee,TN,20.72,-13.85,"U.S. Bureau of Labor Statistics (BLS) Occupational Employment and Wage Statistics (OEWS), 2023, https://www.bls.gov/oes/current/oes_tn.htm","Tennessee requires a state-level Prime Contractor License with a Roofing classification (BC-21 or General Building BC/BC-B) from the Board for Licensing Contractors for any roofing projects valued at $25,000 or more. For residential home improvement/roofing projects between $3,000 and $24,999 in nine designated counties (Bradley, Davidson, Hamilton, Haywood, Knox, Marion, Robertson, Rutherford, and Shelby), a state Home Improvement License is required. Projects under $25,000 in non-designated counties are governed at the local city/county level.","Tennessee Department of Commerce and Insurance, Board for Licensing Contractors, 2024, https://www.tn.gov/commerce/regboards/contractors.html"
roofing,Texas,TX,21.7,-9.77,"U.S. Bureau of Labor Statistics (BLS), May 2023 State Occupational Employment and Wage Estimates - Texas (https://www.bls.gov/oes/current/oes_tx.htm) and May 2023 National Occupational Employment and Wage Estimates for Roofers SOC 47-2181 (https://www.bls.gov/oes/current/oes472181.htm), 2024","Texas does not require a state-level license for roofing contractors (SOC 47-2181). The trade is not regulated at the state level by the Texas Department of Licensing and Regulation (TDLR), and there are no state license tiers. Licensing, contractor registration, and building permits are enforced at the city and county municipal levels (e.g., Austin, Dallas, San Antonio). Voluntary private certification is offered by the Roofing Contractors Association of Texas (RCAT).","Texas Department of Licensing and Regulation (TDLR), 2025, https://www.tdlr.texas.gov"
roofing,Utah,UT,23.46,-2.45,"U.S. Bureau of Labor Statistics (BLS) Occupational Employment and Wage Statistics (OEWS), May 2023, https://www.bls.gov/oes/current/oes_ut.htm","State-level licensing is required in Utah. Roofing contractors must hold an S280 Roofing Contractor specialty license issued by the Utah Division of Occupational and Professional Licensing (DOPL) under Utah Code Title 58 Chapter 55. Requirements include completing a 25-hour approved pre-license education course and demonstrating 2 years (4,000 hours) of construction experience. General building contractor licenses (B100/R100) also permit roofing as part of broader building projects.","Utah Department of Commerce Division of Occupational and Professional Licensing (DOPL), 2024, https://dopl.utah.gov/contractor"
roofing,Vermont,VT,24.82,3.2,"U.S. Bureau of Labor Statistics (BLS), May 2023 State Occupational Employment and Wage Estimates - Vermont, 2024, https://www.bls.gov/oes/2023/may/oes_vt.htm (National baseline: U.S. Bureau of Labor Statistics, May 2023 National Occupational Employment and Wage Estimates, 2024, https://www.bls.gov/oes/2023/may/oes472181.htm)","Vermont does not issue a state-level trade license for roofing contractors or general contractors. However, under 26 V.S.A. Chapter 105 (Act 182), effective April 1, 2023, residential contractors performing residential construction, renovation, or roofing work on 1-4 unit residential properties where project value exceeds $10,000 (labor and materials) must register statewide with the Vermont Secretary of State Office of Professional Regulation (OPR). Subcontractors and purely commercial contractors are exempt. Registration tiers consist of Individual Registration (for self-employed contractors with no employees) and Business Registration (for contractors with employees). Local municipal permitting may apply.","Vermont Secretary of State Office of Professional Regulation (OPR), Residential Contractors, 2023, https://sos.vermont.gov/residential-contractors"
roofing,Virginia,VA,22.84,-5.03,"U.S. Bureau of Labor Statistics (BLS) Occupational Employment and Wage Statistics (OEWS), May 2023, https://www.bls.gov/oes/current/oes_va.htm","A state-level contractor license is required in Virginia. The Department of Professional and Occupational Regulation (DPOR) Board for Contractors licenses business entities across three main tiers based on contract monetary limits: Class A (no project or annual contract dollar limit), Class B (projects between $10,000 and $120,000, or up to $750,000 annually), and Class C (projects between $1,000 and $10,000, or up to $150,000 annually). Roofing work requires a specialty contractor classification, with a Qualified Individual meeting trade experience requirements (1 year for Class C, 3 years for Class B, 5 years for Class A).","Virginia Department of Professional and Occupational Regulation (DPOR) Board for Contractors, 2025, https://www.dpor.virginia.gov/Boards/Contractors"
roofing,Washington,WA,29.22,21.5,"U.S. Bureau of Labor Statistics (BLS) Occupational Employment and Wage Statistics (OEWS), May 2023 (released April 2024), https://www.bls.gov/oes/current/oes_wa.htm","State-level contractor registration is required in Washington under RCW 18.27, administered by the Washington State Department of Labor & Industries (L&I). Roofing contractors register as Specialty Contractors (restricted to roofing work) or General Contractors (allowed to perform multiple trades and hire subcontractors).","Washington State Department of Labor & Industries (L&I), 2024, https://www.lni.wa.gov/licensing-permits/contractors/register-as-a-contractor"
roofing,West Virginia,WV,17.67,-26.53,"U.S. Bureau of Labor Statistics (BLS) Occupational Employment and Wage Statistics (OEWS), 2023, https://www.bls.gov/oes/current/oes_wv.htm","A state-level contractor license issued by the West Virginia Contractor Licensing Board (West Virginia Division of Labor) is required for any commercial or residential contracting work (including roofing) where the total project value exceeds $2,500 for labor and materials. Roofing operations are covered under Specialty Contractor or General Building Contractor licensing tiers.","West Virginia Contractor Licensing Board / West Virginia Division of Labor, 2024, https://labor.wv.gov"
roofing,Wisconsin,WI,23.32,-3.04,"U.S. Bureau of Labor Statistics, OEWS May 2023 State Occupational Employment and Wage Estimates - Wisconsin, 2024, https://www.bls.gov/oes/2023/may/oes_wi.htm","Wisconsin does not issue a standalone trade-specific state license for roofers. However, under Wis. Stat. § 101.654 and Wis. Admin. Code § SPS 305.31, any contractor performing roofing or construction work on one- and two-family dwellings must hold a Dwelling Contractor or Dwelling Contractor Restricted certification from the Wisconsin Department of Safety and Professional Services (DSPS) and employ or be owned by a credentialed Dwelling Contractor Qualifier. Commercial roofing is governed through local municipal permits and the Wisconsin Commercial Building Code.","Wisconsin Department of Safety and Professional Services (DSPS), Dwelling Contractor & Qualifier Credentials, 2024, https://dsps.wi.gov/Pages/Professions/DwellingContractor/Default.aspx"
roofing,Wyoming,WY,18.61,-22.62,"U.S. Bureau of Labor Statistics (BLS) Occupational Employment and Wage Statistics (OEWS), May 2023, https://www.bls.gov/oes/current/oes_wy.htm",Wyoming does not require or issue a state-level license for roofing contractors. Construction contractor licensing (with the exception of electrical trades) is regulated exclusively at the local municipal or county level.,"Harbor Compliance, Wyoming Contractor License Overview, 2024"
glass-glazing,Alabama,AL,22.03,-10.34,"BLS OEWS, May 2023 State Occupational Employment and Wage Estimates - Alabama, U.S. Bureau of Labor Statistics, 2024, https://www.bls.gov/oes/2023/may/oes_al.htm","In Alabama, state-level licensing is required for commercial or non-residential glass and glazing work on projects valued at $50,000 or more, administered by the Alabama Licensing Board for General Contractors (ASLBGC) under the Specialty Construction sub-classification for Glass (BC-S). Residential glass installation on projects exceeding $10,000 is regulated by the Alabama Home Builders Licensure Board (AHBLB). Projects below state monetary thresholds are regulated at the county or municipal level through local trade and business licenses.","Alabama Licensing Board for General Contractors, 2024"
glass-glazing,Alaska,AK,22.09,-10.09,"U.S. Bureau of Labor Statistics (BLS) Occupational Employment and Wage Statistics (OEWS), May 2023 (https://www.bls.gov/oes/current/oes_ak.htm and https://www.bls.gov/oes/current/oes_nat.htm)","State-level licensing is required in Alaska through the Division of Corporations, Business and Professional Licensing. Glass and glazing contractors register as Specialty Contractors (limited to performing up to three specialty trades). Broader scopes of work require a General Contractor or Residential Contractor license.","Alaska Department of Commerce, Community, and Economic Development - Division of Corporations, Business and Professional Licensing, Construction Contractors Program, 2024 (https://professionallicense.alaska.gov/constructioncontractors)"
glass-glazing,Arizona,AZ,23.47,-4.48,"U.S. Bureau of Labor Statistics (BLS) Occupational Employment and Wage Statistics (OEWS), 2023, https://www.bls.gov/oes/current/oes_az.htm","A state-level license issued by the Arizona Registrar of Contractors (ROC) is required for any project exceeding $1,000 in labor and materials or requiring a permit. Arizona offers three specific glazing contractor license tiers/classifications: Specialty Commercial Glazing (C-65), Specialty Residential Glazing (R-65), and Dual Commercial/Residential Glazing (CR-65).","Arizona Registrar of Contractors (ROC), 2024, https://roc.az.gov/license-classifications"
glass-glazing,Arkansas,AR,18,-26.74,"U.S. Bureau of Labor Statistics, Occupational Employment and Wage Statistics (OEWS), May 2023, https://www.bls.gov/oes/current/oes_ar.htm","Contractor licensing in Arkansas is managed at the state level by the Arkansas Contractors Licensing Board (ACLB). Commercial projects valued at $50,000 or more (inclusive of labor and materials) require a Commercial Contractor License, which includes Specialty classifications such as Glass and Glazing. For residential work, a Residential Builder, Remodeler, or Home Improvement Specialty license is required for projects over $2,000. Subcontractors performing work under a licensed contractor may obtain a subcontractor certificate/registration from the board.","Arkansas Contractors Licensing Board, 2024, https://aclb.arkansas.gov"
glass-glazing,California,CA,29.75,21.08,"U.S. Bureau of Labor Statistics (BLS) Occupational Employment and Wage Statistics (OEWS), 2023, https://www.bls.gov/oes/current/oes_ca.htm","State-level license required for any glazing work where project labor and materials total $500 or more. Issued statewide by the Contractors State License Board (CSLB), part of the California Department of Consumer Affairs. Classification falls under Specialty Contractors (Class C), specifically Class C-17 Glazing Contractor.","California Contractors State License Board (CSLB), 2024, https://www.cslb.ca.gov"
glass-glazing,Colorado,CO,28.57,16.28,"U.S. Bureau of Labor Statistics (BLS) Occupational Employment and Wage Statistics (OEWS), May 2023, https://www.bls.gov/oes/current/oes_co.htm","No statewide contractor license is required for glaziers in Colorado. The Colorado Department of Regulatory Agencies (DORA) regulates specific trades statewide (such as electricians and plumbers), but specialty trade licensing for glass and glazing contractors is handled entirely at the local city and county level.","Colorado Department of Regulatory Agencies (DORA) Division of Professions and Occupations, 2024, https://dora.colorado.gov"
glass-glazing,Connecticut,CT,29.05,18.23,"BLS OEWS, May 2023, https://www.bls.gov/oes/current/oes_ct.htm","State-level licensing is required by the Department of Consumer Protection (DCP). License tiers include FG-1 (Glazier Contractor - Flat Glass), FG-2 (Glazier Journeyperson - Flat Glass), AG-1 (Auto Glass Technician Contractor), and AG-2 (Auto Glass Technician Journeyperson).","Connecticut Department of Consumer Protection, 2024"
glass-glazing,Delaware,DE,22.43,-8.71,"U.S. Bureau of Labor Statistics (BLS) OEWS, May 2023 State Occupational Employment and Wage Estimates - Delaware and National (2024) https://www.bls.gov/oes/current/oes_de.htm","Delaware does not require or issue a state-level trade license specifically for glass & glazing (glaziers). State trade licenses administered by the Division of Professional Regulation are restricted to electrical, plumbing, and HVACR. However, all contractors operating in Delaware must obtain a state contractor business license from the Delaware Division of Revenue and register with the Delaware Department of Labor Office of Contractor Registration under the Delaware Contractor Registration Act. Local municipalities (such as Wilmington or Dover) and counties may enforce local contractor permits or licensing.",Delaware Division of Professional Regulation and Delaware Department of Labor Office of Contractor Registration (2024) https://dpr.delaware.gov/ and https://labor.delaware.gov
glass-glazing,Florida,FL,22.16,-9.81,"U.S. Bureau of Labor Statistics (BLS) OEWS, 2024, https://www.bls.gov/oes/current/oes_fl.htm",State-level licensing is required in Florida for Glass & Glazing specialty contractors through the Department of Business and Professional Regulation (DBPR) Construction Industry Licensing Board (CILB) pursuant to Florida Statutes Chapter 489. License tiers include Certified Glass & Glazing Specialty Contractor (authorizing statewide practice) and Registered Specialty Contractor (restricted to specific county or municipal jurisdictions where local competency requirements are met).,"Florida Department of Business and Professional Regulation (DBPR) Construction Industry Licensing Board, 2024, https://www.myfloridalicense.com/DBPR/construction-industry"
glass-glazing,Georgia,GA,21.62,-7.69,"U.S. Bureau of Labor Statistics (BLS), May 2022 State Occupational Employment and Wage Estimates - Georgia, 2023, https://www.bls.gov/oes/2022/may/oes_ga.htm","No state-level specialty trade license is required for glass and glazing contractors in Georgia. Under O.C.G.A. § 43-41-17, specialty contractors performing trade work (including storefronts and glazing) are exempt from state general contractor licensing provided work stays within their trade scope. Licensing and occupational tax certificates are mandated at the local city or county level.","Georgia Secretary of State, State Licensing Board for Residential and General Contractors, 'Exempt Specialty Contractors', 2024, https://sos.ga.gov/page/residential-and-commercial-general-contractor-exemptions"
glass-glazing,Hawaii,HI,44.47,80.99,"U.S. Bureau of Labor Statistics, May 2023 State Occupational Employment and Wage Estimates: Hawaii, 2024, https://www.bls.gov/oes/current/oes_hi.htm","State-level contractor licensure is required in Hawaii for construction work exceeding $1,500 (labor and materials). Licensing is administered by the Contractors License Board within the Department of Commerce and Consumer Affairs (DCCA). Glass and glazing is classified as a Specialty Contractor license under Class C-22 (Glazing and tinting contractor) or C-22a (Glass tinting contractor). Tiers include Sole Proprietor, Entity, and Responsible Managing Employee (RME), requiring 4 years of supervisory experience within the past 10 years and passing a two-part licensing exam.","Hawaii Department of Commerce and Consumer Affairs (DCCA), Professional and Vocational Licensing Division, Contractors License Board, 2024, https://cca.hawaii.gov/pvl/boards/contractor"
glass-glazing,Idaho,ID,22.56,-8.18,"U.S. Bureau of Labor Statistics, May 2023 State Occupational Employment and Wage Estimates - Idaho (Idaho median $22.56/hr vs US national median $24.57/hr), https://www.bls.gov/oes/current/oes_id.htm","Idaho does not issue a specific state trade license for Glaziers. Instead, contractors performing construction projects exceeding $2,000 in labor and materials must register with the Idaho Contractors Board through the Division of Occupational and Professional Licenses (DOPL). Registration is administrative and requires no trade examination, although local jurisdictions (such as the City of Idaho Falls) may require local licensing or permitting.","Idaho Division of Occupational and Professional Licenses (DOPL), Idaho Contractors Board, 2024, https://dopl.idaho.gov"
glass-glazing,Illinois,IL,35.63,45.01,"U.S. Bureau of Labor Statistics (BLS) Occupational Employment and Wage Statistics (OEWS), May 2023, https://www.bls.gov/oes/current/oes_il.htm","Illinois does not mandate or issue a state-level contractor license for the Glass & Glazing trade (SOC 47-2121). The Illinois Department of Financial and Professional Regulation (IDFPR) regulates specific specialty trades such as roofing and plumbing at the state level, while glazing contractor licensing and registration are handled at the local municipal or county level (e.g., City of Chicago Department of Buildings).","Illinois Department of Financial and Professional Regulation (IDFPR), 2024, https://idfpr.illinois.gov"
glass-glazing,Indiana,IN,24.38,-0.77,"U.S. Bureau of Labor Statistics (BLS) OEWS, May 2023 State Occupational Employment and Wage Estimates - Indiana, released April 2024, https://www.bls.gov/oes/current/oes_in.htm","Indiana does not require or issue a state-level contractor license for glaziers or general contractors. Plumbing is the only construction trade licensed at the state level. Glazing contractors are regulated and registered at the local city or county level (e.g., Indianapolis/Marion County Department of Business and Neighborhood Services, Allen County Building Department).","Indiana Professional Licensing Agency (IPLA), 2026, https://www.in.gov/pla"
glass-glazing,Iowa,IA,25.18,2.48,"U.S. Bureau of Labor Statistics (BLS) Occupational Employment and Wage Statistics (OEWS), 2023, https://www.bls.gov/oes/current/oes_ia.htm","No state-level trade license is required specifically for Glaziers in Iowa. However, under Iowa Code Chapter 91C, any contractor performing construction work who earns $2,000 or more annually must register with the Iowa Department of Inspections, Appeals, and Licensing (DIAL). No state-level trade examination or licensing tiers exist for glaziers, though municipal or county permits and registrations may apply locally.","Iowa Department of Inspections, Appeals, and Licensing (DIAL) / Iowa Code Chapter 91C, 2024"
glass-glazing,Kansas,KS,22.82,-7.12,"U.S. Bureau of Labor Statistics (BLS), May 2023 State Occupational Employment and Wage Statistics (OEWS), https://www.bls.gov/oes/current/oes_ks.htm","The State of Kansas does not maintain or require a state-level contractor license for glaziers or specialty trade contractors; contractor licensing and regulation are administered entirely at the local city and county level (e.g., Johnson County and Wichita-Sedgwick County Metropolitan Area Building and Construction Department).","Kansas Contractor Regulatory Agencies Framework / Sedgwick County Metropolitan Area Building and Construction Department (MABCD), 2025, https://www.sedgwickcounty.org/mabcd/contractor-licensing"
glass-glazing,Kentucky,KY,23.73,-3.42,"U.S. Bureau of Labor Statistics, May 2023 OEWS State Occupational Employment and Wage Estimates - Kentucky, 2024, https://www.bls.gov/oes/current/oes_ky.htm","No state-level contractor license is required for glass and glazing in Kentucky. The Kentucky Department of Housing, Buildings and Construction (DHBC) regulates only specific specialty trades at the state level (electrical, plumbing, HVAC, boilers, and fire protection). Glass and glazing contractors are regulated at the local city and county level.","Kentucky Department of Housing, Buildings and Construction (DHBC), 2024, https://dhbc.ky.gov"
glass-glazing,Louisiana,LA,21.07,-14.24,"U.S. Bureau of Labor Statistics (BLS) Occupational Employment and Wage Statistics (OEWS), May 2023, https://www.bls.gov/oes/current/oes_la.htm","In Louisiana, a state-level contractor license issued by the Louisiana State Licensing Board for Contractors (LSLBC) is required for commercial projects valued at $50,000 or more (under the specialty classification 'Glass, Glazing, Store Fronts, Metal Partitions, Panels and Siding' or 'Building Construction') and for new residential construction valued at $50,000 or more. Home improvement work on existing residential structures valued between $7,500 and $50,000 requires a Home Improvement Registration. Work below these state thresholds is subject to local parish/city rules or does not require state licensing. License tiers include Commercial Contractor License, Residential Contractor License, Home Improvement Registration, and a Labor Only subclassification.","Louisiana State Licensing Board for Contractors (LSLBC), 2024, https://lslbc.gov"
glass-glazing,Maine,ME,23.69,-3.58,"U.S. Bureau of Labor Statistics, Occupational Employment and Wage Statistics (OEWS), May 2023 (released April 2024), https://www.bls.gov/oes/current/oes_me.htm","No statewide license is required for the Glass & Glazing trade (glaziers) in Maine. State-level trade licensing is limited to electricians, plumbers, and fuel technicians administered by the Office of Professional and Occupational Regulation (OPOR). Glazing contractors are regulated at the municipal level via local business licenses and building permits.","Maine Department of Professional and Financial Regulation (DPFR), Office of Professional and Occupational Regulation (OPOR), 2024, https://www.maine.gov/pfr/professionallicensing"
glass-glazing,Maryland,MD,28.86,17.46,"U.S. Bureau of Labor Statistics (BLS), May 2023 Occupational Employment and Wage Statistics (OEWS), https://www.bls.gov/oes/current/oes_md.htm",State-level licensing is required for residential glazing and home improvement work through the Maryland Home Improvement Commission (MHIC) under the Maryland Department of Labor for projects of $500 or more. Commercial glazing contractors are not licensed at the state level; commercial work is regulated locally at the county level by the Clerk of the Circuit Court. Independent subcontractors performing work solely under a licensed MHIC contractor do not need a separate subcontractor license.,"Maryland Department of Labor, Maryland Home Improvement Commission (MHIC), 2024, https://www.labor.maryland.gov/license/mhic"
glass-glazing,Massachusetts,MA,30.43,23.85,"U.S. Bureau of Labor Statistics (BLS) Occupational Employment and Wage Statistics (OEWS), May 2023, https://www.bls.gov/oes/current/oes_ma.htm","Massachusetts does not issue a standalone state-level glazier trade license. Regulation occurs at the state level under the Board of Building Regulations and Standards (BBRS) and the Office of Consumer Affairs and Business Regulation (OCABR): supervisory work on structural installations (including window/wall systems) requires a Construction Supervisor License (CSL; available as Unrestricted, Restricted, or Specialty Window and Siding CSL), and contractors performing residential work on 1-to-4 family dwellings must register as a Home Improvement Contractor (HIC).","Massachusetts Board of Building Regulations and Standards (BBRS) / Office of Consumer Affairs and Business Regulation (OCABR), 2024, https://www.mass.gov/orgs/board-of-building-regulations-and-standards"
glass-glazing,Michigan,MI,24.61,0.16,"U.S. Bureau of Labor Statistics, May 2023 OEWS State and National Occupational Employment and Wage Estimates, 2024, https://www.bls.gov/oes/current/oes_mi.htm","In Michigan, state-level licensing is required for residential glazing and glass installation projects valued over $600 through the Department of Licensing and Regulatory Affairs (LARA). Applicants must obtain either a Residential Builder license or a Residential Maintenance & Alteration (M&A) Contractor license. Commercial glazing is not licensed at the state level.","Michigan Department of Licensing and Regulatory Affairs (LARA), Bureau of Construction Codes, Act 299 of 1980 (Michigan Occupational Code), 2024, https://www.michigan.gov/lara"
glass-glazing,Minnesota,MN,37.09,50.96,"U.S. Bureau of Labor Statistics (BLS) Occupational Employment and Wage Statistics (OEWS), May 2023, https://www.bls.gov/oes/current/oes_mn.htm (State) and https://www.bls.gov/oes/current/oes472121.htm (National)",No state-level trade license is required specifically for glaziers in Minnesota. Specialty contractors providing only one specialty skill (such as glazing) are exempt from state residential building contractor licensing unless they contract directly with homeowners on residential projects involving multiple skills or act as general residential building contractors/remodelers. Unlicensed specialty contractors and commercial subcontractors must register with the state through the Construction Contractor Registration Program. Local municipalities (such as the City of Minneapolis) may require local specialty contractor licensing.,"Minnesota Department of Labor and Industry (DLI), 2024"
glass-glazing,Mississippi,MS,18.33,-25.4,"U.S. Bureau of Labor Statistics (BLS) Occupational Employment and Wage Statistics (OEWS), 2023 (published April 2024), https://www.bls.gov/oes/current/oes_ms.htm","At the state level, the Mississippi State Board of Contractors (MSBOC) requires a commercial contractor license under the specialty classification 'Glass, Glazing, Windows and Skylights' for commercial projects valued at over $50,000. Residential work exceeding $50,000 for new construction or $10,000 for remodeling requires a residential contractor license. Local municipalities may also enforce additional permit or license requirements.","Mississippi State Board of Contractors (MSBOC), 2024, https://www.msboc.us"
glass-glazing,Missouri,MO,24.97,1.63,"U.S. Bureau of Labor Statistics (BLS) Occupational Employment and Wage Statistics (OEWS), May 2023, https://www.bls.gov/oes/current/oes_mo.htm","Missouri does not issue or require a contractor license at the state level for general contracting or specialty trades like glass and glazing (SOC 47-2121). Contracting licenses, trade exams, and business registrations are regulated entirely at the municipal and county levels (e.g., Kansas City, St. Louis).","Missouri Division of Professional Registration, 2026, https://pr.mo.gov"
glass-glazing,Montana,MT,23,-6.39,"U.S. Bureau of Labor Statistics (BLS) Occupational Employment and Wage Statistics (OEWS), May 2023, https://www.bls.gov/oes/current/oes_mt.htm","No trade-specific state license is required for glaziers in Montana. However, under Montana Code Annotated (MCA) Title 39, Chapter 9, construction contractors with employees must register with the Montana Department of Labor & Industry (DLI) via Construction Contractor Registration (CCR), while sole proprietors without employees must hold an Independent Contractor Exemption Certificate (ICEC). No trade competency exams or trade license tiers exist for glass and glazing at the state level.","Montana Department of Labor and Industry, Construction Contractor Registration, 2024, https://erd.dli.mt.gov/work-comp-regulations/montana-contractor/construction-contractor-registration"
glass-glazing,Nebraska,NE,26.29,7,"U.S. Bureau of Labor Statistics (BLS) State OEWS, 2023, https://www.bls.gov/oes/current/oes_ne.htm","Nebraska does not require a state-level trade license specifically for glaziers or glazing contractors. However, any contractor or subcontractor doing business in Nebraska who earns $2,000 or more annually from construction work must register administratively with the Nebraska Department of Labor under the Contractor Registration Act. There are no state-level trade exam, skill, or experience tiers. Specialty contractor licensing and trade regulation apply at the local city/county level (e.g., Omaha, Lincoln).","Nebraska Department of Labor, 2025 Contractor Registration Act, https://dol.nebraska.gov/conreg"
glass-glazing,Nevada,NV,23.84,-2.97,"U.S. Bureau of Labor Statistics OEWS, May 2023, https://www.bls.gov/oes/current/oes_nv.htm","In Nevada, glass and glazing contracting requires a state-level license issued by the Nevada State Contractors Board (NSCB) under Specialty License Classification C-8 (Glass and Glazing Contracting). Local city or county licenses are administrative only and do not replace state-level contractor licensing. License tiers exist in the form of board-established monetary limits, which restrict the dollar value of contracts a licensee may undertake based on financial standing and experience.","Nevada State Contractors Board, 2024, https://www.nvcontractorsboard.com"
glass-glazing,New Hampshire,NH,29.53,20.19,"U.S. Bureau of Labor Statistics (BLS) Occupational Employment and Wage Statistics (OEWS), May 2023, https://www.bls.gov/oes/current/oes_nh.htm",No state-level license is required to practice as a glazier or operate a glazing contracting business in New Hampshire. State trade licensing managed by OPLC is restricted to specific trades like electricians and plumbers; there are no state-level licensing tiers for glass and glazing contractors.,"New Hampshire Office of Professional Licensure and Certification (OPLC), 2024, https://www.oplc.nh.gov"
glass-glazing,New Jersey,NJ,42,70.94,"U.S. Bureau of Labor Statistics (BLS) Occupational Employment and Wage Statistics (OEWS), May 2023, https://www.bls.gov/oes/current/oes_nj.htm","New Jersey does not offer or require a trade-specific state license for Glaziers. However, under the Contractors' Business Registration Act (N.J.S.A. 56:8-136 et seq.) and the Home Improvement and Home Elevation Contractor Licensing Act (N.J.S.A. 45:5AAA-1 et seq., P.L. 2023, c. 237), contractors performing residential glass installation or home improvement work valued over $500 must register/be licensed as a Home Improvement Contractor Business (HICB) with the State Board of Home Improvement and Home Elevation Contractors under the New Jersey Division of Consumer Affairs. Commercial-only glazing work is exempt from HIC registration.","New Jersey Division of Consumer Affairs, 2024, https://www.njconsumeraffairs.gov"
glass-glazing,New Mexico,NM,24,-2.32,"U.S. Bureau of Labor Statistics, May 2023 OEWS, https://www.bls.gov/oes/current/oes_nm.htm","State-level licensure is required for construction work exceeding $7,200 annually, administered by the New Mexico Regulation and Licensing Department (NMRLD) Construction Industries Division (CID). Trade classifications covering glazing and window installation include specialty classification GS-14 (Windows, doors and skylights) as well as general building classifications GB-2 (Residential) and GB-98 (General Building).","New Mexico Regulation and Licensing Department, Construction Industries Division, 2024, https://www.rld.nm.gov/construction-industries"
glass-glazing,New York,NY,31.45,28,"U.S. Bureau of Labor Statistics (BLS) Occupational Employment and Wage Statistics (OEWS), May 2023, https://www.bls.gov/oes/current/oes_ny.htm","New York State does not require or issue a statewide license for Glaziers (SOC 47-2121) or general contractors. Construction trade contractor licensing and registration are regulated at the local municipality, city, and county level (e.g., NYC Department of Buildings and NYC Department of Consumer and Worker Protection).","New York State Department of State (NYSDOS) Division of Licensing Services, 2024, https://dos.ny.gov/licensing-services"
glass-glazing,North Carolina,NC,19.98,-18.68,"U.S. Bureau of Labor Statistics (BLS), Occupational Employment and Wage Statistics (OEWS), May 2023 State Occupational Employment and Wage Estimates: North Carolina (https://www.bls.gov/oes/current/oes_nc.htm) and May 2023 National Occupational Employment and Wage Estimates (https://www.bls.gov/oes/current/oes_nat.htm)","In North Carolina, no standalone state trade license is required specifically for glass and glazing on lower-value jobs, but any construction project (including glazing) valued at $30,000 or more requires a General Contractor license issued by the North Carolina Licensing Board for General Contractors (NCLBGC). The board offers three license tiers based on single-project financial limits: Limited (projects up to $750,000), Intermediate (projects up to $1,500,000), and Unlimited (no project cost limit).","North Carolina Licensing Board for General Contractors (NCLBGC) and N.C. Gen. Stat. § 87-1 et seq., 2023, https://nclbgc.org"
glass-glazing,North Dakota,ND,29.04,18.19,"U.S. Bureau of Labor Statistics (BLS) OEWS, May 2023, https://www.bls.gov/oes/current/oes_nd.htm","North Dakota requires a statewide contractor license administered by the North Dakota Secretary of State under N.D. Cent. Code Chapter 43-07 for any construction, alteration, or repair work (including specialty trades like glass and glazing) where a single project value exceeds $4,000. There is no separate trade-specific glazier license. The state issues licenses in four monetary class tiers based on single-project limits: Class A (unlimited contract value), Class B (up to $500,000), Class C (up to $300,000), and Class D (up to $100,000).","North Dakota Secretary of State, Contractor Licensing Division, 2024, https://sos.nd.gov"
glass-glazing,Ohio,OH,28.14,14.53,"U.S. Bureau of Labor Statistics (BLS), Occupational Employment and Wage Statistics (OEWS), May 2023, https://www.bls.gov/oes/current/oes_oh.htm","No state-level license is required for Glaziers in Ohio. The Ohio Construction Industry Licensing Board (OCILB) regulates only five commercial specialty trades at the state level (Electrical, HVAC, Hydronics, Plumbing, and Refrigeration). Glazing contractors are licensed or registered at the local municipal/county level (e.g., Columbus, Cleveland, Cincinnati). Additionally, contractors performing residential services exceeding $25,000 must register with the Ohio Attorney General under ORC Chapter 4722.","Ohio Department of Commerce, Division of Industrial Compliance, Ohio Construction Industry Licensing Board (OCILB), 2024, https://com.ohio.gov/divisions-and-programs/industrial-compliance/boards/ohio-construction-industry-licensing-board"
glass-glazing,Oklahoma,OK,20.01,-18.56,"U.S. Bureau of Labor Statistics OEWS, May 2023, https://www.bls.gov/oes/current/oes_ok.htm","No state-level trade license is required for glaziers in Oklahoma. The Oklahoma Construction Industries Board (CIB) regulates specific specialty trades (electrical, plumbing, mechanical/HVAC, and roofing), while general contractors and other specialty trade contractors including glaziers are regulated at the local municipal or county level.","Oklahoma Construction Industries Board, 2024, https://cib.ok.gov"
glass-glazing,Oregon,OR,29.23,18.97,"BLS State OEWS, May 2023, https://www.bls.gov/oes/current/oes_or.htm","State-level contractor licensing is required in Oregon through the Construction Contractors Board (CCB) for businesses performing glass and glazing construction. Oregon does not issue a separate trade-specific glazier license at the state level; instead, glazing work is performed under CCB contractor licenses. Endorsement tiers depend on project scope and structure type, including Residential endorsements (General, Specialty, or Limited) and Commercial endorsements (General Level 1 and Level 2, Specialty Level 1 and Level 2).","Oregon Construction Contractors Board (CCB), 2024, https://www.oregon.gov/ccb/pages/index.aspx"
glass-glazing,Pennsylvania,PA,26.56,8.1,"U.S. Bureau of Labor Statistics, May 2023 State Occupational Employment and Wage Estimates - Pennsylvania (published 2024), https://www.bls.gov/oes/current/oes_pa.htm; National comparison: U.S. Bureau of Labor Statistics, May 2023 National OEWS, https://www.bls.gov/oes/current/oes472121.htm","No state-level trade license is required specifically for glaziers in Pennsylvania; general construction and specialty trade licensing is managed at the local/municipal level. However, under the Home Improvement Consumer Protection Act (HICPA), contractors performing residential home improvement work valued at $500 or more annually must register with the Pennsylvania Office of Attorney General as Home Improvement Contractors. There are no state-level trade license tiers.","Pennsylvania Office of Attorney General, Home Improvement Consumer Protection Act (HICPA) Registration Program, 2024, https://www.attorneygeneral.gov/resources/home-improvement-contractor-registration"
glass-glazing,Rhode Island,RI,28.99,17.99,"U.S. Bureau of Labor Statistics (BLS) Occupational Employment and Wage Statistics (OEWS), May 2023, https://www.bls.gov/oes/current/oes_ri.htm","Rhode Island does not issue a standalone trade license specifically for glaziers. However, under R.I. Gen. Laws § 5-65, all residential and commercial contractors and subcontractors performing construction, remodeling, or alterations must register at the state level with the Rhode Island Contractors' Registration and Licensing Board (CRLB). Registration requirements include completion of a 5-hour pre-registration education course (exempt if working exclusively on commercial structures).","Rhode Island Contractors' Registration and Licensing Board (CRLB) / Department of Business Regulation (DBR), 2024, https://crb.ri.gov"
glass-glazing,South Carolina,SC,22.47,-8.55,"U.S. Bureau of Labor Statistics (BLS) Occupational Employment and Wage Statistics (OEWS), May 2023, https://www.bls.gov/oes/current/oes_sc.htm","In South Carolina, a state-level license is required for commercial Glass and Glazing work exceeding $10,000 in total project cost, administered by the South Carolina Contractors' Licensing Board as a General Contractor Specialty Subclassification (S.C. Code Ann. § 40-11-410). General Contractor licenses are categorized into 5 Groups based on project financial limits: Group 1 (up to $100,000), Group 2 (up to $400,000), Group 3 (up to $1,000,000), Group 4 (up to $3,000,000), and Group 5 (Unlimited). For residential glazing projects exceeding $5,000, licensing is regulated under the SC Residential Builders Commission.","South Carolina Department of Labor, Licensing and Regulation (LLR) - Contractors' Licensing Board, 2023, https://llr.sc.gov/clb"
glass-glazing,South Dakota,SD,22.99,-6.43,"U.S. Bureau of Labor Statistics (BLS) Occupational Employment and Wage Statistics (OEWS), May 2023, https://www.bls.gov/oes/current/oes_sd.htm","South Dakota does not require a state-level license for glazier contractors or general contractors; statewide specialty trade licensing is restricted to electricians and plumbers. All construction contractors operating in South Dakota must obtain a Contractor's Excise Tax License through the South Dakota Department of Revenue, while glazier licensing and permitting are regulated at the municipal or county level.","South Dakota Department of Revenue, 2024, https://dor.sd.gov"
glass-glazing,Tennessee,TN,19.45,-20.84,"U.S. Bureau of Labor Statistics (BLS), May 2023 State Occupational Employment and Wage Estimates - Tennessee, 2024, https://www.bls.gov/oes/current/oes_tn.htm","In Tennessee, contractor licensing is regulated at the state level by the Tennessee Board for Licensing Contractors (under the Department of Commerce and Insurance). A state contractor license is required for any project or subcontract valued at $25,000 or more (labor and materials combined); work under $25,000 is governed by local municipal/county permitting or Home Improvement licensing rules. Glass and glazing work is classified under specialty trade BC-6 (Glass, Window and Door Construction), or under broader general classifications such as BC (General Building) or BC-B (Commercial Construction). Specialty subcontractors are only required to hold a state contractor license if their portion of the project equals or exceeds $25,000. License tiers (monetary limits) are established based on verified financial statements (net worth/working capital) or surety bonds and set project value ceilings (e.g., up to $500,000; $500,001 to $1,500,000 for BC-b small commercial; and $1,500,001+ for unlimited).","Tennessee Department of Commerce and Insurance, Board for Licensing Contractors, 'Classification Outline with Trade Exam Requirements', 2024, https://www.tn.gov/commerce/regboards/contractors.html"
glass-glazing,Texas,TX,22.18,-9.73,"U.S. Bureau of Labor Statistics, May 2023 OEWS (published 2024), https://www.bls.gov/oes/current/oes_tx.htm","Texas does not require or issue a state-level contractor license for glaziers or specialty glass contractors. Contracting licensing, business registrations, and permits for glazing work are managed at the local municipal or county level.","Texas Department of Licensing and Regulation (TDLR), 2024, https://www.tdlr.texas.gov"
glass-glazing,Utah,UT,25.32,3.05,"U.S. Bureau of Labor Statistics (BLS) OEWS / Utah Department of Workforce Services, May 2023, https://www.bls.gov/oes/2023/may/oes_ut.htm","Utah requires a state-level contractor license administered by the Division of Professional Licensing (DOPL) under the Utah Construction Trades Licensing Act for construction or specialty glazing work valued at $7,000 or more (labor and materials). Glazing is licensed under specialty classification S240 (Glass and Glazing Contractor) or broader general contractor classifications (e.g., B100 General Building, R100 Residential/Small Commercial). Local jurisdictions issue local business licenses but cannot set separate contractor qualification standards.","Utah Division of Professional Licensing (DOPL), 2026, https://dopl.utah.gov/contracting"
glass-glazing,Vermont,VT,25.18,2.48,"U.S. Bureau of Labor Statistics, May 2023 State Occupational Employment and Wage Estimates - Vermont, 2024, https://www.bls.gov/oes/current/oes_vt.htm",No state-level trade license is required for glaziers or glass and glazing contractors in Vermont. Contractor licensing in Vermont is only required at the state level for specialized trades such as electricians and plumbers. General construction and glazing trades are managed via local building permits or municipal requirements.,"Vermont Secretary of State Office of Professional Regulation, 2024, https://sos.vermont.gov/opr"
glass-glazing,Virginia,VA,25.07,2.04,"U.S. Bureau of Labor Statistics (BLS) OEWS, 2023, https://www.bls.gov/oes/current/oes_va.htm","A state-level license issued by the Virginia Department of Professional and Occupational Regulation (DPOR) Board for Contractors is required for any contractor project valued at $1,000 or more. License tiers comprise Class C (projects from $1,000 to $10,000; up to $150,000 annually), Class B (projects from $10,000 to $120,000; up to $750,000 annually), and Class A (unlimited single-contract and annual monetary limits). Localities may require local business licenses, but trade contractor licensing is conducted at the state level.","Virginia Department of Professional and Occupational Regulation (DPOR) Board for Contractors, 2024, https://www.dpor.virginia.gov/Boards/Contractors"
glass-glazing,Washington,WA,31.01,26.21,"U.S. Bureau of Labor Statistics (BLS) May 2023 State Occupational Employment and Wage Estimates - Washington, 2024, https://www.bls.gov/oes/current/oes_wa.htm",State-level contractor registration is required in Washington under RCW 18.27. Glaziers operate as Specialty Contractors registered with the Washington State Department of Labor & Industries (L&I). The two registration tiers are General Contractor (can perform all types of construction work and hire subcontractors across specialties) and Specialty Contractor (restricted to work within their specified trade category and cannot hire subcontractors).,"Washington State Department of Labor & Industries (L&I), 2024, https://lni.wa.gov/licensing-permits/contractors/register-as-a-contractor"
glass-glazing,West Virginia,WV,18.6,-24.3,"U.S. Bureau of Labor Statistics (BLS) Occupational Employment and Wage Statistics (OEWS), 2023, https://www.bls.gov/oes/current/oes_wv.htm","West Virginia requires a state-level contractor license issued by the West Virginia Contractor Licensing Board (administered by the West Virginia Division of Labor) for any contracting work exceeding $2,500 for residential projects or $5,000 for commercial projects. Glazing contractors operate under Specialty Contractor or General Building classifications.","West Virginia Contractor Licensing Board / West Virginia Division of Labor, 2024, https://labor.wv.gov"
glass-glazing,Wisconsin,WI,34.71,41.27,"U.S. Bureau of Labor Statistics (BLS) OEWS, May 2023, https://www.bls.gov/oes/current/oes_wi.htm","Wisconsin does not issue a specific state-level trade license for Glaziers or Glass & Glazing contractors. However, contractors performing residential construction or remodeling work on one- and two-family dwellings that require building permits must hold a Dwelling Contractor Certification (for the business) and employ/designate a Dwelling Contractor Qualifier (for the individual) through the Department of Safety and Professional Services (DSPS). Commercial glazing work does not require a trade-specific state license, but is regulated through local municipal building codes and permitting processes.","Wisconsin Department of Safety and Professional Services (DSPS), 2024, https://dsps.wi.gov/Pages/Professions/DwellingContractor/Default.aspx"
glass-glazing,Wyoming,WY,23.67,-6.55,"U.S. Bureau of Labor Statistics, May 2023 State Occupational Employment and Wage Estimates: Wyoming (SOC 47-2121), 2024, https://www.bls.gov/oes/current/oes_wy.htm",Wyoming does not require a state-level contractor license for glass and glazing contractors. Contracting licenses for general construction and specialty trades (other than electrical) are regulated locally at the municipal or county level (such as in Cheyenne or Casper).,"Wyoming Department of Workforce Services, 2025 Directory of Licensed Occupations in Wyoming, 2025"
doors-access,Alabama,AL,21.39,-21.04,"U.S. Bureau of Labor Statistics, Occupational Employment and Wage Statistics (OEWS), May 2023, https://www.bls.gov/oes/current/oes472031.htm","Alabama does not issue a single trade license for door and access installation. Commercial construction projects valued at $100,000 or more require a General Contractor license from the Alabama Licensing Board for General Contractors (ALBGC). Residential construction or remodeling exceeding $10,000 requires a license from the Alabama Home Builders Licensure Board (AHBLB), which offers Unlimited, Limited, and Roofer tiers. Projects falling below these monetary thresholds are governed by local municipal or county business licensing and trade permitting requirements.","Alabama Licensing Board for General Contractors, 2026, https://genconbd.alabama.gov"
doors-access,Alaska,AK,29.9,10.37,"U.S. Bureau of Labor Statistics (BLS) Occupational Employment and Wage Statistics (OEWS), May 2023, https://www.bls.gov/oes/current/oes_ak.htm","State-level contractor registration is required in Alaska through the Department of Commerce, Community, and Economic Development (DCCED) Division of Corporations, Business and Professional Licensing. Door and access work falls under the Specialty Contractor registration (limited to a maximum of three trade categories), General Contractor registration, or Handyman Contractor registration (for projects with aggregate costs of $10,000 or less).","Alaska Department of Commerce, Community, and Economic Development (DCCED) Division of Corporations, Business and Professional Licensing, 2024, https://www.commerce.alaska.gov/web/cbpl/ProfessionalLicensing/ConstructionContractors.aspx"
doors-access,Arizona,AZ,24.12,-10.96,"U.S. Bureau of Labor Statistics, May 2023 OEWS State and National Occupational Employment and Wage Estimates, 2024, https://www.bls.gov/oes/current/oes_az.htm","A state-level license issued by the Arizona Registrar of Contractors (AZ ROC) is required for any construction, installation, or repair work exceeding $1,000 in value (or requiring a building permit). Arizona offers three primary licensing tiers: Commercial, Residential, and Dual (covering both commercial and residential). Doors & Access work falls under specialty classifications such as R-7 Carpentry (Residential), C-07 Carpentry (Commercial), or CR-7 Carpentry (Dual).","Arizona Registrar of Contractors (AZ ROC), 2026, https://roc.az.gov"
doors-access,Arkansas,AR,21.58,-20.34,"U.S. Bureau of Labor Statistics (BLS) Occupational Employment and Wage Statistics (OEWS), May 2023, https://www.bls.gov/oes/current/oes_ar.htm","State-level contractor licensing is required in Arkansas through the Arkansas Contractors Licensing Board (ACLB) for commercial projects valued at $50,000 or more and residential projects over $2,000. Tiers include Commercial Contractor, Residential Builder, Residential Remodeler (Limited under $50,000 and Unlimited), and Home Improvement Specialty License (Limited under $50,000 and Unlimited, covering specialty trade work such as doors, windows, and finish carpentry). Specialty home improvement licensees are exempt from the state Business & Law exam.","Arkansas Contractors Licensing Board (ACLB), Department of Labor and Licensing, 2024, https://aclb.arkansas.gov"
doors-access,California,CA,32.87,21.34,"U.S. Bureau of Labor Statistics (BLS) Occupational Employment and Wage Statistics (OEWS), May 2023, https://www.bls.gov/oes/current/oes_ca.htm","A state-level license issued by the California Contractors State License Board (CSLB) is required for any trade work where labor and materials total $500 or more. The specific classification for this trade is Class C-61 (Limited Specialty) with subclassification D-28 (Doors, Gates and Actuating Devices Contractor). Requirements include at least 4 years of journey-level experience and passing the CSLB Law and Business examination.","California Contractors State License Board (CSLB), 2024"
doors-access,Colorado,CO,27.78,2.55,"U.S. Bureau of Labor Statistics, May 2023 OEWS State Occupational Employment and Wage Estimates - Colorado (SOC 47-2031 Carpenters), 2024, https://www.bls.gov/oes/current/oes_co.htm","No state-level contractor license is required for carpenters or door & access trade contractors in Colorado. State-level licensing through the Colorado Department of Regulatory Agencies (DORA) is restricted to electrical and plumbing trades. Carpenter and specialty trade contractor licensing is administered locally at the city or county level (e.g., Denver Community Planning and Development Class A, B, C, or D licenses).","Colorado Department of Regulatory Agencies (DORA), 2024, https://dora.colorado.gov"
doors-access,Connecticut,CT,30.51,12.62,"U.S. Bureau of Labor Statistics (BLS) OEWS, May 2023 State Occupational Employment and Wage Estimates for Connecticut, https://www.bls.gov/oes/2023/may/oes_ct.htm and May 2023 National Occupational Employment and Wage Estimates, https://www.bls.gov/oes/2023/may/oes_nat.htm","Connecticut does not issue a standalone trade license specifically for general carpentry or door installation. However, state law requires contractors who perform residential improvements (including door installation) exceeding $200 per project or $1,000 annually to register as a Home Improvement Contractor (HIC) with the Department of Consumer Protection (DCP). Contractors undertaking large-scale commercial or institutional work register as Major Contractors with the DCP.","Connecticut Department of Consumer Protection (DCP), 2024"
doors-access,Delaware,DE,28.74,6.09,"U.S. Bureau of Labor Statistics (BLS) Occupational Employment and Wage Statistics (OEWS), May 2023, https://www.bls.gov/oes/2023/may/oes_de.htm","Delaware does not require a state-level occupational trade license for carpenters or door/access installers (SOC 47-2031). However, all contractors operating in the state must register and obtain a state contractor business license from the Delaware Division of Revenue, structured as either a Resident Contractor License or a Non-Resident Contractor License. Specific building permits and trade registration may be mandated locally at the county or municipal level.","Delaware Division of Revenue, 2024, https://revenue.delaware.gov"
doors-access,Florida,FL,22.85,-15.65,"U.S. Bureau of Labor Statistics (BLS) Occupational Employment and Wage Statistics (OEWS), May 2023, https://www.bls.gov/oes/current/oes_fl.htm","Contractor licensing is regulated at the state level by the Florida Department of Business and Professional Regulation (DBPR) Construction Industry Licensing Board (CILB) under Florida Statutes Chapter 489. Florida maintains a two-tiered licensing structure: Certified licenses allow contractors to operate statewide, while Registered licenses restrict practice to specific local county or city jurisdictions. Door and access work falls under certified specialty contractor categories (such as Window and Door Installation Specialty Contractor, Garage Door Installation Specialty Contractor, Specialty Structure Contractor, or Structural Carpentry) or broader General/Building/Residential Contractor licenses.","Florida Department of Business and Professional Regulation (DBPR) Construction Industry Licensing Board, 2024"
doors-access,Georgia,GA,23.43,-13.51,"U.S. Bureau of Labor Statistics (BLS) Occupational Employment and Wage Statistics (OEWS), May 2023 (released April 2024), https://www.bls.gov/oes/current/oes_ga.htm","At the state level, traditional specialty trade contractors (including door, window, and finish carpentry installers under SOC 47-2031) are exempt from general/residential contractor licensing under O.C.G.A. § 43-41-17, provided they perform work strictly within their specialty scope. However, state licensure via the Georgia State Licensing Board for Residential and General Contractors is required for project scopes over $2,500 involving residential or general contracting. State contractor license tiers include Residential Basic, Residential-Light Commercial, General Contractor Limited Tier, and General Contractor. Local municipal or county business licenses and permits may also apply.","Georgia State Licensing Board for Residential and General Contractors / Georgia Secretary of State, 2024, O.C.G.A. § 43-41-17, https://sos.ga.gov"
doors-access,Hawaii,HI,39.44,45.59,"U.S. Bureau of Labor Statistics (BLS) Occupational Employment and Wage Statistics (OEWS), May 2023, https://www.bls.gov/oes/current/oes_hi.htm","State-level contractor license required statewide under Hawaii Revised Statutes (HRS) Chapter 444, administered by the Hawaii Department of Commerce and Consumer Affairs (DCCA) Contractors License Board. Tradespersons and businesses operate under Class C Specialty Contractor classifications, specifically C-5a (Garage door and window shutters contractor) or C-5 (Cabinet, millwork, and carpentry remodeling and repairs contractor); Class B General Building contractors automatically hold C-5 rights.","Hawaii Department of Commerce and Consumer Affairs (DCCA) Contractors License Board, 2024, https://cca.hawaii.gov/pvl/boards/contractor"
doors-access,Idaho,ID,24.1,-11.04,"U.S. Bureau of Labor Statistics, May 2023 State Occupational Employment and Wage Estimates - Idaho (SOC 47-2031 Carpenters), https://www.bls.gov/oes/current/oes_id.htm","In Idaho, general construction and specialty carpentry trades (including doors and access installation) do not require a state-administered trade license or exam. However, state-level contractor registration with the Idaho Contractors Board (administered by the Division of Occupational and Professional Licenses - DOPL) is mandatory for any individual or business performing construction work where total labor and materials exceed $2,000 (Idaho Code § 54-5201 et seq.). State-level trade licensing with exam requirements is restricted to electrical, plumbing, and HVAC trades.","Idaho Division of Occupational and Professional Licenses (DOPL), Idaho Contractors Board, 2024"
doors-access,Illinois,IL,32.89,21.41,"U.S. Bureau of Labor Statistics, May 2023 State Occupational Employment and Wage Estimates (Illinois), 2024, https://www.bls.gov/oes/current/oes_il.htm","No state-level license is required in Illinois for general carpentry, door, or access installation. Illinois only licenses specific specialty trades (plumbing, roofing, electrical) at the state level. Licensing and registration for general contractors and carpenters are managed at the municipal or county level (e.g., the City of Chicago Department of Buildings requires a General Contractor License with Classes A through E based on project value thresholds).","Illinois Department of Financial and Professional Regulation (IDFPR), 2024, https://idfpr.illinois.gov"
doors-access,Indiana,IN,26.48,-2.25,"U.S. Bureau of Labor Statistics, Occupational Employment and Wage Statistics (May 2023), https://www.bls.gov/oes/current/oes_in.htm","No statewide contractor license is required for carpenters or door/access trade workers in Indiana. Statewide trade licensing is limited to plumbing under the Indiana Professional Licensing Agency (IPLA). All general contracting and specialty trade licensing or registrations are established at the local county or municipal level (e.g., Marion County/Indianapolis, Lake County), where local tiers like Residential and Commercial/Building Contractor exist.","Indiana Professional Licensing Agency (2024), https://www.in.gov/pla"
doors-access,Iowa,IA,23.48,-18.84,"U.S. Bureau of Labor Statistics (BLS) May 2023 State Occupational Employment and Wage Statistics (OEWS), https://www.bls.gov/oes/current/oes_ia.htm","Iowa does not require a state-level trade license specifically for general carpenters or door and access installers. However, under Iowa Code Chapter 91C, any contractor performing construction work who earns $2,000 or more per year must obtain state Construction Contractor Registration. Separate state licenses exist for specialty trades (plumbing, mechanical, electrical), and local municipalities may require additional local contractor licenses or permits.","Iowa Department of Inspections, Appeals, and Licensing (DIAL), Construction Contractor Registration Program (2024), https://dial.iowa.gov"
doors-access,Kansas,KS,23.33,-13.88,"U.S. Bureau of Labor Statistics (BLS) Occupational Employment and Wage Statistics (OEWS), May 2023 (https://www.bls.gov/oes/current/oes_ks.htm)",Kansas does not require or issue a state-level contractor license for carpenters or doors and access specialty contractors. Licensing is managed locally at the city or county level (such as Johnson County Planning and Codes Department or Sedgwick County Metropolitan Area Building and Construction Department). Corporate business entities operating in the state must register with the Kansas Secretary of State.,"Sedgwick County Metropolitan Area Building and Construction Department (MABCD), 2024 (https://www.sedgwickcounty.org/mabcd/)"
doors-access,Kentucky,KY,24.08,-11.11,"U.S. Bureau of Labor Statistics, OEWS May 2023, https://www.bls.gov/oes/current/oes_ky.htm","Kentucky does not issue or require a statewide contractor license for carpenters or doors and access installers (SOC 47-2031). Statewide trade licensing is restricted to electrical, plumbing, and HVAC trades via the Department of Housing, Buildings and Construction; carpentry and general contracting licensing or registration is managed exclusively at the city or county municipal level (e.g., Louisville, Lexington, Bowling Green).","Kentucky Department of Housing, Buildings and Construction, 2024, https://dhbc.ky.gov"
doors-access,Louisiana,LA,22.71,-16.17,"U.S. Bureau of Labor Statistics (BLS) Occupational Employment and Wage Statistics (OEWS), May 2023, https://www.bls.gov/oes/current/oes_la.htm","In Louisiana, contractor licensing is mandated and regulated at the state level by the Louisiana State Licensing Board for Contractors (LSLBC). Trades covering door and access installation fall under the Commercial Contractor License (or relevant specialty/subclassification) for commercial projects valued at $50,000 or more (labor and materials combined), the Residential Building Contractor License for new residential construction valued at $50,000 or more, or Home Improvement Registration for existing home repair/remodeling valued between $7,500 and $50,000. Subcontractors performing specialty trade work above these project monetary thresholds must hold the appropriate LSLBC credential, designate a qualifying party, and pass the Louisiana Business and Law course/exam.","Louisiana State Licensing Board for Contractors (LSLBC), 2024, https://lslbc.louisiana.gov"
doors-access,Maine,ME,26.41,-4.14,"U.S. Bureau of Labor Statistics (BLS), May 2023 State Occupational Employment and Wage Estimates, https://www.bls.gov/oes/current/oes_me.htm","Maine does not issue state-level contractor licenses for the doors & access trade or carpentry (BLS SOC 47-2031). State-level contractor licensing administered by the Office of Professional and Occupational Regulation (OPOR) is restricted to specific trades such as electricians, plumbers, and fuel technicians. General contractors and specialty sub-trades are regulated at the municipal level through local business licenses and local building code permits.","Maine Department of Professional and Financial Regulation (DPFR), Office of Professional and Occupational Regulation (OPOR), 2024, https://www.maine.gov/pfr/professionallicensing"
doors-access,Maryland,MD,27.54,1.66,U.S. Bureau of Labor Statistics (BLS) May 2023 State Occupational Employment and Wage Estimates - Maryland (https://www.bls.gov/oes/current/oes_md.htm) and U.S. Bureau of Labor Statistics (BLS) May 2023 National Occupational Employment and Wage Estimates (https://www.bls.gov/oes/current/oes472031.htm),"In Maryland, state-level licensing for door and access work (SOC 47-2031 / Carpenters) is required for residential home improvement projects through the Maryland Home Improvement Commission (MHIC), part of the Maryland Department of Labor. Any contractor performing residential home improvement work valued at $500 or more must hold an MHIC Home Improvement Contractor license. Maryland does not issue separate trade-specific sub-tier licenses for carpentry or doors, though separate state boards license mechanical/electrical/plumbing trades. For purely commercial work, there is no state-level contractor license; commercial contractors obtain local construction licenses through county Circuit Court clerks.","Maryland Home Improvement Commission (MHIC), Maryland Department of Labor, 2024, https://www.dllr.state.md.us/license/mhic"
doors-access,Massachusetts,MA,31.86,17.61,"U.S. Bureau of Labor Statistics, May 2023 OEWS, https://www.bls.gov/oes/2023/may/oes_ma.htm","In Massachusetts, licensing is governed at the state level by the Board of Building Regulations and Standards (BBRS) under the Division of Occupational Licensure. Door installation and structural carpentry work require a state-level Construction Supervisor License (CSL). License tiers include Unrestricted CSL (buildings under 35,000 cubic feet and 1-2 family dwellings), Restricted CSL (limited to 1- and 2-family dwellings), and Specialty CSL (including a dedicated 'Windows, Doors, and Siding' specialty tier). Additionally, contractors performing work on 1- to 4-unit residential properties must hold a Home Improvement Contractor (HIC) registration with the Office of Consumer Affairs and Business Regulation (OCABR). Local municipalities oversee building permits.","Massachusetts Board of Building Regulations and Standards, 2024, https://www.mass.gov/orgs/board-of-building-regulations-and-standards"
doors-access,Michigan,MI,28.01,3.4,"U.S. Bureau of Labor Statistics (BLS) Occupational Employment and Wage Statistics (OEWS), May 2023, https://www.bls.gov/oes/current/oes_mi.htm","In Michigan, state-level licensing through the Department of Licensing and Regulatory Affairs (LARA) Bureau of Construction Codes is required for residential construction or remodeling work valued at $600 or more (labor and materials combined). Licensing tiers include Residential Builder (full residential construction and general contracting) and Maintenance & Alteration (M&A) Contractor with a Carpentry (A) specialty endorsement (covering specialized installations like doors, windows, and framing). Commercial contracting is governed separately at local municipal levels.","Michigan Department of Licensing and Regulatory Affairs (LARA), Bureau of Construction Codes, 2024, https://www.michigan.gov/lara"
doors-access,Minnesota,MN,30.13,11.22,"U.S. Bureau of Labor Statistics (BLS) Occupational Employment and Wage Statistics (OEWS), May 2023, https://www.bls.gov/oes/current/oes_mn.htm","Minnesota requires state-level contractor licensing through the Department of Labor and Industry (DLI) for residential contractors. License tiers include Residential Building Contractor (RBC) and Residential Remodeler (RR). Single-specialty contractors operating in only one skill area (such as finish carpentry/doors) or commercial contractors do not require a state trade license, but must register via the state's Construction Contractor Registration program and comply with local municipal licensing rules.","Minnesota Department of Labor and Industry (DLI), 2024"
doors-access,Mississippi,MS,21.04,-22.33,"BLS OEWS, U.S. Bureau of Labor Statistics, May 2023, https://www.bls.gov/oes/current/oes_ms.htm","State-level licensing is mandated by the Mississippi State Board of Contractors (MSBOC) for commercial/specialty contracts exceeding $50,000 and residential remodeling exceeding $10,000. Commercial licenses feature monetary tier limits based on financial net worth: Class C (projects up to $150,000), Class B (projects up to $500,000), and Class A (unlimited limit).","Mississippi State Board of Contractors (MSBOC), 2024, https://www.msboc.us"
doors-access,Missouri,MO,28.38,4.76,"U.S. Bureau of Labor Statistics (BLS) OEWS, May 2023, https://www.bls.gov/oes/current/oes472031.htm",Missouri does not issue or require a statewide license for general contractors or carpentry/doors & access trades (SOC 47-2031). Contractor licensing and trade permitting are regulated at the local municipal or county level (such as Kansas City or the City of St. Louis).,"Missouri Division of Professional Registration, 2024, https://pr.mo.gov"
doors-access,Montana,MT,24.2,-10.67,"U.S. Bureau of Labor Statistics (BLS) Occupational Employment and Wage Statistics (OEWS), 2023, https://www.bls.gov/oes/current/oes_mt.htm","No trade-specific state license is required for carpenters or doors and access installers in Montana. However, under Montana law, any construction business with employees must obtain a Construction Contractor Registration (CCR) from the Montana Department of Labor and Industry (DLI). Solo operators with no employees must hold an Independent Contractor Exemption Certificate (ICEC). Municipalities (such as Missoula or Billings) may impose additional local permits or licensing.","Montana Department of Labor and Industry (DLI), 2024"
doors-access,Nebraska,NE,22.75,-16.02,"U.S. Bureau of Labor Statistics, May 2023 State Occupational Employment and Wage Estimates: Nebraska (2024), https://www.bls.gov/oes/2023/may/oes_ne.htm","In Nebraska, there is no state-level trade license required for doors and access contractors (BLS SOC 47-2031 Carpenters). Contractors and subcontractors performing construction or repair work on real property must register with the state via the Nebraska Department of Labor under the Nebraska Contractor Registration Act. Specialty trade licensing, exams, and contractor tiers are administered locally by individual cities and counties (such as Omaha and Lincoln) rather than at the state level.","Nebraska Department of Labor, Contractor Registration (2024)"
doors-access,Nevada,NV,30.1,11.11,"BLS OEWS, 2023, https://www.bls.gov/oes/current/oes_nv.htm","A state-level contractor license is required in Nevada, administered by the Nevada State Contractors Board (NSCB). Doors and access installation is licensed under Classification C-3 (Carpentry, Maintenance and Minor Repairs), which includes subclassification C-3d (Overhead Doors) for overhead garage doors, as well as C-3a (Carpentry and Repairs) and C-3b (Finish Carpentry) for door/window casings and frames. License tiers/monetary limits are established individually by the Board based on applicant financial statements, ranging from specific monetary caps up to an unlimited classification.","Nevada State Contractors Board / Nevada Administrative Code Chapter 624, 2024, https://www.nvcontractorsboard.com and https://www.leg.state.nv.us/nac/nac-624.html"
doors-access,New Hampshire,NH,28.32,4.54,"U.S. Bureau of Labor Statistics (BLS) Occupational Employment and Wage Statistics (OEWS), May 2023, https://www.bls.gov/oes/current/oes_nh.htm",New Hampshire does not require a state-level contractor license for general carpentry or door and access installation (SOC 47-2031). Licensing requirements exist primarily at the municipal level or for specialized trades (such as electrical and plumbing). Residential contractors performing home improvements register under RSA 332-A rather than holding a trade competency license.,"New Hampshire Office of Professional Licensure and Certification (OPLC), 2024, https://www.oplc.nh.gov"
doors-access,New Jersey,NJ,33.47,23.55,"U.S. Bureau of Labor Statistics (BLS) Occupational Employment and Wage Statistics (OEWS), May 2023 (released April 2024), https://www.bls.gov/oes/current/oes_nj.htm and https://www.bls.gov/oes/current/oes472031.htm",New Jersey requires state-level registration for residential door and carpentry work as a Home Improvement Contractor Business (HICB) or Home Elevation Contractor Business (HECB) through the Division of Consumer Affairs; no state trade exam is required. Commercial contracting is not regulated or licensed at the state level and is subject to local municipal building rules.,"New Jersey Division of Consumer Affairs, Contractors' Business Registration Act (N.J.S.A. 56:8-136 et seq.), 2025, https://www.njconsumeraffairs.gov"
doors-access,New Mexico,NM,22.59,-16.61,"U.S. Bureau of Labor Statistics, May 2023 OEWS State and National Occupational Employment and Wage Estimates, 2024, https://www.bls.gov/oes/current/oes_nm.htm","State-level contractor licensing is required in New Mexico for construction work exceeding $7,200 in annual revenue. Licensing is administered statewide by the Construction Industries Division (CID) of the New Mexico Regulation and Licensing Department. Relevant license classifications include specialty classifications GS-14 (Windows, doors and skylights, requiring 2 years of experience) and GS-13 (Framing), as well as general construction classifications GB-2 (Residential Building) and GB-98 (General Building - Residential and Commercial), which encompass door/window specialty scopes.","New Mexico Regulation and Licensing Department, Construction Industries Division (CID), N.M. Admin. Code § 14.6.6.9 and NMSA 1978 § 60-13-3, 2022, https://www.rld.nm.gov/construction-industries"
doors-access,New York,NY,28.77,6.2,"U.S. Bureau of Labor Statistics (BLS) Occupational Employment and Wage Statistics (OEWS), 2023, https://www.bls.gov/oes/current/oes_ny.htm","New York State does not issue a statewide trade or general contractor license for carpenters or door/access installers. Licensing is regulated entirely at the local municipal and county level (e.g., New York City, Westchester, Nassau, and Suffolk counties).","New York State Department of State (DOS), 2024, https://dos.ny.gov"
doors-access,North Carolina,NC,22.23,-17.94,"U.S. Bureau of Labor Statistics (BLS) Occupational Employment and Wage Statistics (OEWS), May 2023, https://www.bls.gov/oes/current/oes_nc.htm","North Carolina requires general contractors to hold a state-level license issued by the North Carolina Licensing Board for General Contractors (NCLBGC) for projects costing $40,000 or more. Licensing is divided into three limitation tiers based on project value: Limited (projects up to $750,000), Intermediate (projects up to $1,500,000), and Unlimited (no project value cap). Installing pre-fabricated doors to homes is exempt from state general contractor licensing requirements regardless of project cost.","North Carolina Licensing Board for General Contractors (NCLBGC) / NC Occupational Licensing, 2023, https://nclbgc.org/classifications-and-limitations"
doors-access,North Dakota,ND,25.77,-4.87,"U.S. Bureau of Labor Statistics (BLS) Occupational Employment and Wage Statistics (OEWS), May 2023, https://www.bls.gov/oes/current/oes_nd.htm","A state-level contractor license issued by the North Dakota Secretary of State is required for any construction, repair, or alteration work exceeding $4,000 in project value. Licensing is structured in four tiers based on maximum contract size: Class A (over $500,000), Class B (up to $500,000), Class C (up to $300,000), and Class D (up to $100,000).","North Dakota Secretary of State, 2024, https://www.sos.nd.gov/business/contractors"
doors-access,Ohio,OH,26.21,-4.86,"U.S. Bureau of Labor Statistics (BLS) Occupational Employment and Wage Statistics (OEWS), May 2023, https://www.bls.gov/oes/current/oes_oh.htm","No state-level contractor license is required for carpentry or door and access installation in Ohio. The Ohio Construction Industry Licensing Board (OCILB) regulates only five commercial specialty trades (Electrical, HVAC, Hydronics, Plumbing, and Refrigeration). Licensing and registrations for carpenters and general contractors are managed locally by individual cities and counties.","Ohio Department of Commerce, Ohio Construction Industry Licensing Board (OCILB), 2024, https://com.ohio.gov/divisions-and-programs/industrial-compliance/boards/ohio-construction-industry-licensing-board"
doors-access,Oklahoma,OK,22.2,-18.05,"U.S. Bureau of Labor Statistics (BLS), Occupational Employment and Wage Statistics (OEWS) May 2023 State Estimates - Oklahoma, 2024, https://www.bls.gov/oes/2023/may/oes_ok.htm","A state-level license is not required for carpenters, general contractors, or door & access installers in Oklahoma. State licensing administered by the Oklahoma Construction Industries Board (CIB) is restricted to specialty trades (electrical, plumbing, mechanical/HVAC, and roofing registration). General construction and carpentry contractors are regulated or registered at the local municipal/county level.","Oklahoma Construction Industries Board (CIB), Contractor & Trade License Requirements, 2025, https://cib.ok.gov"
doors-access,Oregon,OR,29.79,9.97,"U.S. Bureau of Labor Statistics, May 2023 State Occupational Employment and Wage Estimates - Oregon (SOC 47-2031 Carpenters), https://www.bls.gov/oes/current/oes_or.htm","A state-level contractor license is required through the Oregon Construction Contractors Board (CCB) for any entity or individual undertaking construction, installation, or repair work, including doors and access systems. Local city/county permits or business licenses do not substitute for the state CCB license. Licensing endorsement tiers include Residential Specialty Contractor, Residential General Contractor, Residential Limited Contractor, Commercial Specialty Contractor (Level 1 and Level 2), and Commercial General Contractor (Level 1 and Level 2).","Oregon Construction Contractors Board (CCB), 2024, https://www.oregon.gov/ccb/Pages/index.aspx"
doors-access,Pennsylvania,PA,27.5,1.51,"U.S. Bureau of Labor Statistics, May 2023 State Occupational Employment and Wage Estimates - Pennsylvania, https://www.bls.gov/oes/current/oes_pa.htm","Pennsylvania does not issue state-level contractor or specialty trade licenses for carpenters or door installers; trade licensing is mandated at the local municipal level (e.g., Philadelphia, Pittsburgh). However, under the Home Improvement Consumer Protection Act (HICPA), residential contractors performing $5,000 or more annually in home improvements must register with the state Attorney General.","Pennsylvania Office of Attorney General, Home Improvement Consumer Protection Act (HICPA), 2024"
doors-access,Rhode Island,RI,29.34,8.31,"U.S. Bureau of Labor Statistics (BLS) Occupational Employment and Wage Statistics (OEWS), May 2023, https://www.bls.gov/oes/current/oes_ri.htm","In Rhode Island, contractors and subcontractors performing door, window, or carpentry work must obtain state-level Contractor Registration with the Rhode Island Contractors' Registration and Licensing Board (RICRLB) pursuant to R.I. Gen. Laws Chapter 5-65. Registration applies statewide rather than at the county or municipal level. Applicants for residential contracting must complete 5 hours of pre-registration education. Specialty state licenses exist for specific trades (such as commercial roofing and underground utility contractors), but door installation and general carpentry operate under standard state Contractor Registration.","Rhode Island Contractors' Registration and Licensing Board (RICRLB), 2025, https://crb.ri.gov"
doors-access,South Carolina,SC,22.94,-15.32,"U.S. Bureau of Labor Statistics, May 2023 OEWS State Occupational Employment and Wage Estimates - South Carolina / May 2023 National Estimates (SOC 47-2031), 2024, https://www.bls.gov/oes/current/oes_sc.htm","State-level licensing is required in South Carolina through the Department of Labor, Licensing and Regulation (LLR). Regulation is split across two state boards: the Residential Builders Commission (RBC) for residential work, requiring Residential Specialty Contractor registration for trade work exceeding $500 and a Residential Builder license for jobs exceeding $5,000; and the Contractor's Licensing Board (CLB) for commercial work exceeding $10,000 (General Contractor classification). Commercial licenses are tiered into 5 financial groups (Group 1 to Group 5) that dictate bid and job limits.","South Carolina Department of Labor, Licensing and Regulation (LLR) - Contractor's Licensing Board & Residential Builders Commission, 2024, https://llr.sc.gov"
doors-access,South Dakota,SD,20.43,-24.58,"U.S. Bureau of Labor Statistics (BLS), May 2023 State and National OEWS (published April 2024), https://www.bls.gov/oes/current/oes_sd.htm and https://www.bls.gov/oes/current/oes472031.htm","South Dakota does not require or issue a state-level contractor license for door and access installation or general carpentry trades. The state only mandates registration for a South Dakota Contractor's Excise Tax License through the Department of Revenue. Trade licenses, examinations, and license tiers are established and regulated individually by municipal and county local jurisdictions.",
doors-access,Tennessee,TN,23.09,-14.77,"U.S. Bureau of Labor Statistics, Occupational Employment and Wage Statistics (OEWS), 2023, https://www.bls.gov/oes/current/oes_tn.htm","Tennessee requires a state-level contractor license issued by the Board for Licensing Contractors (Department of Commerce & Insurance) for any prime or subcontractor project valued at $25,000 or more (labor and materials combined). Licenses are issued under classifications such as BC (Building) or BC-C (Specialty Trades) and carry strict monetary limits calculated as 10 times the lesser of working capital or net worth. For residential work between $3,000 and $24,999 in mandated counties, a Home Improvement Contractor license is required. Projects under $25,000 outside mandated counties are governed by local city/county building permit rules.","Tennessee Department of Commerce & Insurance, Board for Licensing Contractors, 2024, https://www.tn.gov/commerce/regboards/contractors.html"
doors-access,Texas,TX,22.94,-15.32,"U.S. Bureau of Labor Statistics (BLS) Occupational Employment and Wage Statistics (OEWS), May 2023, https://www.bls.gov/oes/current/oes_tx.htm","Texas does not require a state-level contractor license for carpenters or door and access installation contractors (SOC 47-2031). State-level trade licensing in Texas is limited to mechanical trades like electrical, plumbing, and HVAC. Licensing and contractor registration for door, window, and carpentry work are managed strictly at the local municipal or county level.","Texas Department of Licensing and Regulation (TDLR), 2024, https://www.tdlr.texas.gov"
doors-access,Utah,UT,23.83,-12.03,"U.S. Bureau of Labor Statistics (BLS) May 2023 OEWS State Occupational Employment and Wage Estimates - Utah, 2024, https://www.bls.gov/oes/current/oes_ut.htm and National 47-2031 profile https://www.bls.gov/oes/current/oes472031.htm","In Utah, contractor licensing for doors and carpentry is regulated at the state level by the Division of Professional Licensing (DOPL) under the Utah Construction Trades Licensing Act (Title 58, Chapter 55). Local jurisdictions cannot set qualification rules beyond issuing standard local business licenses. For doors, access, and finish woodwork, the primary specialty tier is the S220 Carpentry Contractor license. General contracting classifications such as B100 (General Building) or R100 (Residential and Small Commercial) also authorize door and access trade work within larger projects. S220 applicants must complete a 25-hour pre-licensure education course and document two years of full-time trade experience.","Utah Division of Professional Licensing (DOPL), Utah Department of Commerce, 2026, https://dopl.utah.gov"
doors-access,Vermont,VT,30,10.74,"Vermont Department of Labor & U.S. Bureau of Labor Statistics, 2025, https://www.vtlmi.info and https://www.bls.gov/oes/current/oes472031.htm","Vermont does not require a trade-specific state license for carpentry or doors and access work. However, effective April 1, 2023 (under 26 V.S.A. Chapter 106), residential contractors performing construction or renovation work exceeding $10,000 in value must register with the Vermont Office of Professional Regulation (OPR). Registration tiers include Individual Registration (self-employed without employees) and Business Registration (contractors with employees). No trade exam is required for registration. Specialty trades such as electrical work require separate state licenses.","Vermont Secretary of State, Office of Professional Regulation, 2023"
doors-access,Virginia,VA,23.43,-13.51,"U.S. Bureau of Labor Statistics, May 2023 State Occupational Employment and Wage Estimates - Virginia, https://www.bls.gov/oes/current/oes_va.htm","Contractor licensing in Virginia is managed at the state level by the Board for Contractors under the Department of Professional and Occupational Regulation (DPOR) for projects exceeding $1,000. Three license tiers exist: Class C (projects between $1,000 and $30,000; up to $250,000 total annually), Class B (projects up to $120,000; up to $750,000 total annually), and Class A (unlimited project size; over $120,000 per contract or over $750,000 total annually).","Virginia Department of Professional and Occupational Regulation Board for Contractors, 2024, https://www.dpor.virginia.gov/Boards/Contractors"
doors-access,Washington,WA,34.67,27.98,"U.S. Bureau of Labor Statistics (BLS) Occupational Employment and Wage Statistics (OEWS), May 2023, https://www.bls.gov/oes/current/oes472031.htm",Statewide contractor registration is required by the Washington State Department of Labor & Industries (L&I). Registration consists of two primary tiers: General Contractor (authorized to perform any construction work and hire subcontractors) and Specialty Contractor (restricted to work within one of 63 designated specialty trade categories and prohibited from hiring subcontractors).,"Washington State Department of Labor & Industries (L&I), 2024, https://www.lni.wa.gov/licensing-permits/contractors/register-as-a-contractor"
doors-access,West Virginia,WV,22.1,-18.42,"U.S. Bureau of Labor Statistics, May 2023 State Occupational Employment and Wage Estimates - West Virginia, https://www.bls.gov/oes/current/oes_wv.htm","In West Virginia, door installation and carpentry trades (SOC 47-2031) are regulated at the state level by the West Virginia Contractor Licensing Board (WVCLB), part of the West Virginia Division of Labor. Under W. Va. Code § 21-11, a state contractor license is required for construction or alteration work exceeding $2,500 in total contract value. Classifications covering this scope include General Building Contractor (Class B), Residential Contractor (Class B-2), and Specialty Contractor.","West Virginia Division of Labor - Contractor Licensing Board, 2024"
doors-access,Wisconsin,WI,28.4,4.84,"U.S. Bureau of Labor Statistics (BLS) Occupational Employment and Wage Statistics (OEWS), May 2023, https://www.bls.gov/oes/current/oes_wi.htm","Wisconsin does not mandate a state trade-level license specifically for door and access installation or general carpentry. However, contractors performing residential construction/alteration on 1- and 2-family dwellings or pulling building permits must obtain credentials from the Wisconsin Department of Safety and Professional Services (DSPS). Tiers include: 1) Dwelling Contractor Qualifier (individual credential requiring 12 hours of initial training), 2) Dwelling Contractor (standard business credential), and 3) Dwelling Contractor Restricted (business credential with a bond under $25,000). Commercial construction and non-permit specialty trades are unregulated at the state level but may require local municipal permit registration.","Wisconsin Department of Safety and Professional Services (DSPS), 2024, https://dsps.wi.gov/Pages/Professions/DwellingContractor/Default.aspx"
doors-access,Wyoming,WY,25,-7.71,"U.S. Bureau of Labor Statistics (BLS) Occupational Employment and Wage Statistics (OEWS), May 2023, https://www.bls.gov/oes/current/oes_wy.htm","No state-level contractor license is required for carpenters or doors and access trade contractors in Wyoming. Trade licensing and regulation are administered locally by individual cities and counties (e.g., City of Cheyenne Contractor Licensing Board, City of Casper Building Inspection Department). State-level trade contractor licensing in Wyoming is strictly limited to electrical contractors.","Wyoming Department of Workforce Services, 2025 Directory of Licensed Occupations in Wyoming, https://doe.state.wy.us/LMI/licensed_occupations.htm"
landscaping,Alabama,AL,16.26,-9.47,"U.S. Bureau of Labor Statistics, May 2023 OEWS, https://www.bls.gov/oes/current/oes_al.htm and https://www.bls.gov/oes/current/oes373011.htm","Alabama does not require a state-level general contractor license for basic landscaping maintenance, lawn care, mowing, or planting. However, state-level credentials exist for specific activities: 1) The Alabama Department of Agriculture and Industries (ADAI) requires a Horticulture Professional Services License ($175 annual fee) for businesses engaging in Setting of Landscape Plants (SLP), Landscape Design (LD), Tree Surgery, or Ornamental & Turf Pest Control, requiring a certified operator who passes an exam ($75 in-person / $125 online); 2) Commercial landscape installation or hardscaping projects valued at $50,000 or more require a General Contractor License from the Alabama Licensing Board for General Contractors (ALBGC). Local business privilege licenses are required by individual cities and counties.","Alabama Department of Agriculture and Industries, 2025, https://agi.alabama.gov/ and Alabama Licensing Board for General Contractors, 2026, https://genconbd.alabama.gov"
landscaping,Alaska,AK,21.43,19.32,"U.S. Bureau of Labor Statistics (BLS), Occupational Employment and Wage Statistics (OEWS), May 2023, https://www.bls.gov/oes/current/oes_ak.htm","State-level licensing is required in Alaska. Contractors offering landscaping services must register with the state as a Specialty Contractor under the designation 'Landscaping Contractor' (12 AAC 21.370). State licensing tiers for construction contractors include General Contractor, Residential Contractor (with endorsement), Mechanical Contractor, and Specialty Contractor (restricted to a maximum of three trade categories).","Alaska Department of Commerce, Community, and Economic Development (DCCED), Division of Corporations, Business and Professional Licensing, Construction Contractors Program, 2024, https://www.commerce.alaska.gov/web/cbpl/ProfessionalLicensing/ConstructionContractors.aspx"
landscaping,Arizona,AZ,17.83,-0.72,"U.S. Bureau of Labor Statistics (BLS) OEWS, 2023, https://www.bls.gov/oes/current/oes_az.htm","State-level contractor licensure is required through the Arizona Registrar of Contractors (AZ ROC) for landscaping and hardscaping projects costing $1,000 or more (labor and materials combined) or requiring a permit. Primary classification tiers include R-21 (Residential Hardscaping and Irrigation Systems), C-21 (Commercial Hardscaping and Irrigation Systems), and CR-21 (Dual Residential and Commercial). Routine lawn mowing and basic garden care under $1,000 are exempt from state contractor licensing.","Arizona Registrar of Contractors (AZ ROC), 2024, https://roc.az.gov"
landscaping,Arkansas,AR,15.17,-15.53,"U.S. Bureau of Labor Statistics (BLS), May 2023 State Occupational Employment and Wage Estimates - Arkansas, https://www.bls.gov/oes/current/oes_ar.htm","Arkansas does not require a general state-level trade license for basic lawn mowing or grounds maintenance. However, state contractor licensing is regulated by the Arkansas Contractors Licensing Board (ACLB) for commercial construction/landscaping projects valued at $50,000 or more (labor plus materials) or residential projects valued at $2,000 or more. Additionally, any commercial application of pesticides or herbicides requires a Commercial Pesticide Applicator License (Category 3 - Ornamental and Turf) issued by the Arkansas Department of Agriculture State Plant Board (ASPB). Local municipal business licenses apply for basic maintenance operations.","Arkansas Contractors Licensing Board & Arkansas Department of Agriculture State Plant Board, 2024, https://www.aclb.arkansas.gov"
landscaping,California,CA,19.62,9.24,"U.S. Bureau of Labor Statistics (BLS) Occupational Employment and Wage Statistics (OEWS), May 2023, https://www.bls.gov/oes/current/oes_ca.htm",A state-level license is required in California for any landscaping project where total contract costs (labor and materials) are $500 or more. The license is administered at the state level by the California Contractors State License Board (CSLB) under the Class C-27 Landscaping Contractor classification. Applicants must demonstrate 4 years of journeyman-level experience and pass both the Law & Business exam and the C-27 Trade exam.,"California Contractors State License Board (CSLB), 2024, https://www.cslb.ca.gov"
landscaping,Colorado,CO,21.26,18.37,"U.S. Bureau of Labor Statistics (BLS) Occupational Employment and Wage Statistics (OEWS), 2023, https://www.bls.gov/oes/current/oes_co.htm","No statewide contractor license is required for general landscaping and groundskeeping in Colorado. The Colorado Department of Regulatory Agencies (DORA) Division of Professions and Occupations regulates trades such as electrical and plumbing at the state level, leaving general contracting and specialty trades like landscaping to local municipal and county jurisdictions.","Colorado Department of Regulatory Agencies (DORA), Division of Professions and Occupations, 2024, https://dora.colorado.gov"
landscaping,Connecticut,CT,21.5,19.71,"U.S. Bureau of Labor Statistics (BLS) Occupational Employment and Wage Statistics (OEWS), May 2023, https://www.bls.gov/oes/current/oes_ct.htm","Connecticut does not require a specific state-level trade license for basic landscaping or groundskeeping (mowing, planting, trimming, or basic maintenance). However, residential hardscaping or structural ground improvements exceeding $200 per project (or $1,000 annually) require registration as a Home Improvement Contractor (HIC) with the Connecticut Department of Consumer Protection (DCP) under CGS § 20-419. Commercial pesticide application and tree care require specialized credentials from the CT Department of Energy and Environmental Protection (DEEP), such as Commercial Pesticide Applicator certification (CGS § 22a-54) or an Arborist license (CGS § 23-61a).","Connecticut Office of Legislative Research (OLR) / Department of Consumer Protection (DCP), 2014, https://www.cga.ct.gov/2014/rpt/2014-R-0042.htm"
landscaping,Delaware,DE,17.65,-1.73,"U.S. Bureau of Labor Statistics, May 2023 OEWS State Occupational Employment and Wage Estimates, 2024 (https://www.bls.gov/oes/current/oes_de.htm)","Delaware does not issue a state-level landscape contractor trade license. However, landscape businesses must obtain a Delaware Division of Revenue Business License, register with the Delaware Department of Labor under the Delaware Contractor Registration Act, and obtain a Commercial Pesticide Applicator / Pesticide Business License from the Delaware Department of Agriculture if applying pesticides or herbicides.","Delaware Department of Agriculture & Delaware Department of Labor, 2024 (https://dda.delaware.gov and https://labor.delaware.gov)"
landscaping,Florida,FL,17.05,-5.07,"U.S. Bureau of Labor Statistics, May 2023 State OEWS (Florida) and National OEWS, https://www.bls.gov/oes/current/oes_fl.htm","Florida does not require a statewide contractor license for basic landscaping or grounds maintenance work (such as mowing, trimming, mulching, and planting). However, specific ancillary services require state credentials: installing or repairing irrigation systems requires a Certified or Registered Irrigation Contractor license from the DBPR Construction Industry Licensing Board under F.S. Chapter 489; applying commercial fertilizer requires Green Industries Best Management Practices (GI-BMP) training and an FDACS Limited Commercial Urban Fertilizer Applicator License under F.S. 482.1562; applying pesticides/herbicides requires an FDACS Commercial Landscape Maintenance Applicator License under F.S. Chapter 482; and professional landscape architectural design requires a DBPR Landscape Architect license under F.S. Chapter 481. Local business tax receipts may also be required at the county or municipal level.","Florida Department of Business and Professional Regulation (DBPR) & Florida Department of Agriculture and Consumer Services (FDACS), 2024, https://www.myfloridalicense.com and https://www.fdacs.gov"
landscaping,Georgia,GA,17.19,-4.29,"U.S. Bureau of Labor Statistics (BLS) Occupational Employment and Wage Statistics (OEWS), May 2023, https://www.bls.gov/oes/current/oes_ga.htm","Georgia does not require a state-level contractor trade license for general landscaping and groundskeeping (such as mowing, trimming, mulching, planting, and routine lawn care); regulation for general landscaping is conducted at the municipal/county level through local business tax receipts and occupational licenses. However, specific state-level credentials apply to specialized activities: a Commercial Pesticide Applicator / Pesticide Contractor License from the Georgia Department of Agriculture (GDA) is required for applying pesticides or herbicides for hire, a Live Plant / Nursery Dealer License from the GDA is required for purchasing and reselling live plant materials, and a Low Voltage license or Certified Landscape Irrigation Contractor credential is required for installing landscape irrigation systems.","Georgia Secretary of State Professional Licensing Boards Division & Georgia Department of Agriculture, 2024, https://sos.ga.gov/georgia-construction-industry-licensing-board and https://agr.georgia.gov/pesticides"
landscaping,Hawaii,HI,20.47,13.98,"U.S. Bureau of Labor Statistics (BLS) May 2023 State Occupational Employment and Wage Estimates - Hawaii, published April 2024, https://www.bls.gov/oes/current/oes_hi.htm and May 2023 National Occupational Employment and Wage Estimates, https://www.bls.gov/oes/current/oes373011.htm","State-level licensing is required in Hawaii for landscape contracting projects exceeding $1,000 in total value under Hawaii Revised Statutes (HRS) Chapter 444. The Hawaii Department of Commerce and Consumer Affairs (DCCA) Contractors License Board regulates the trade under classification C-27 (Landscaping Contractor). Specific specialty sub-tiers include C-27a (Hydro mulching contractor) and C-27b (Tree trimming and removal contractor). Applicants must document four years of supervisory landscape experience within the past 10 years and pass both the Hawaii Business & Law exam and the C-27 trade exam.","Hawaii Department of Commerce and Consumer Affairs (DCCA), Contractors License Board, 2024, https://cca.hawaii.gov/pvl/boards/contractor"
landscaping,Idaho,ID,18.33,2.06,"U.S. Bureau of Labor Statistics (BLS) Occupational Employment and Wage Statistics (OEWS), May 2023, https://www.bls.gov/oes/current/oes_id.htm","Idaho does not issue a state-level landscape contractor trade license for general residential or commercial landscaping. However, any contractor performing work where labor and materials exceed $2,000 must register with the Idaho Contractors Board under the Division of Occupational and Professional Licenses (DOPL); no trade exam is required. Applying pesticides commercially requires a Commercial Pesticide Applicator License from the Idaho State Department of Agriculture (ISDA), and public works projects of $50,000 or more require registration with the Public Works Contractors Board.","Idaho Division of Occupational and Professional Licenses (DOPL), 2025, https://dopl.idaho.gov"
landscaping,Illinois,IL,20.71,15.31,"U.S. Bureau of Labor Statistics (BLS) OEWS, May 2023 State Estimates for Illinois (https://www.bls.gov/oes/current/oes_il.htm) and May 2023 National Estimates (https://www.bls.gov/oes/current/oes373011.htm)","Illinois does not require or issue a statewide contractor license for general landscaping or groundskeeping services (such as mowing, planting, or lawn maintenance) at the state level; licensing for general contractors and landscapers is regulated locally by individual municipalities and counties. However, a state license is required for applying general-use or restricted-use pesticides, which requires a Commercial Pesticide Applicator License issued by the Illinois Department of Agriculture (IDOA).","Illinois Department of Agriculture, 2023"
landscaping,Indiana,IN,17.53,-2.39,"BLS OEWS, May 2023, https://www.bls.gov/oes/current/oes_in.htm","Indiana does not require or issue a state-level trade license for landscaping or groundskeeping. General contractor and trade contractor licensing is delegated to local cities and counties (e.g., Indianapolis Department of Business and Neighborhood Services requires contractor listing for hardscaping or land alteration). However, state-level certification and licensing as a Commercial Pesticide Applicator is required through the Office of Indiana State Chemist (OISC) under Indiana Code IC 15-16-5 for applying commercial pesticides or lawn fertilizers.","Office of Indiana State Chemist (OISC) / Purdue University, 2024, https://oisc.purdue.edu/pesticide"
landscaping,Iowa,IA,17.98,0.11,"U.S. Bureau of Labor Statistics (BLS) Occupational Employment and Wage Statistics (OEWS), May 2023, https://www.bls.gov/oes/current/oes_ia.htm","Iowa does not issue a specific state trade license for landscape contractors. However, under Iowa Code Chapter 91C, any contractor performing $2,000 or more per year in construction work (including landscape installation such as hardscaping, grading, retaining walls, or irrigation) must maintain a contractor registration with the Iowa Department of Inspections, Appeals, and Licensing (DIAL). Registration is administrative and requires no examination. Additionally, commercial pesticide application requires a Commercial Applicator license from the Iowa Department of Agriculture and Land Stewardship (IDALS) under Iowa Code Chapter 206.","Iowa Department of Inspections, Appeals, and Licensing (DIAL), 2024, https://dial.iowa.gov"
landscaping,Kansas,KS,18.04,0.45,"U.S. Bureau of Labor Statistics (BLS) State Occupational Employment and Wage Statistics (OEWS), May 2023, https://www.bls.gov/oes/current/oes_ks.htm","Kansas does not require a state-level license for general landscaping or groundskeeping work; contractor licensing and business registrations are regulated at the local city or county level (e.g., Wichita, Overland Park). However, a state-level Commercial Pesticide Business License and Commercial Certified Pesticide Applicator certification from the Kansas Department of Agriculture (KDA) are required if applying pesticides or fertilizers commercially.","Kansas Department of Agriculture, Pesticide & Fertilizer Program, 2024"
landscaping,Kentucky,KY,16.82,-6.35,"U.S. Bureau of Labor Statistics (BLS) Occupational Employment and Wage Statistics (OEWS), 2023, https://www.bls.gov/oes/2023/may/oes_ky.htm","No statewide general landscape contractor license is required in Kentucky. Landscaping licensing and contractor registrations are managed at the local city and county levels (e.g., Louisville, Lexington). State-level certification is required for commercial pesticide and fertilizer application through the Kentucky Department of Agriculture.","Kentucky Department of Housing, Buildings and Construction / Kentucky Department of Agriculture, 2024, https://dhbc.ky.gov"
landscaping,Louisiana,LA,14.43,-19.65,"U.S. Bureau of Labor Statistics (BLS) OEWS, May 2023 (released April 2024), https://www.bls.gov/oes/current/oes_la.htm","State-level license required. In Louisiana, performing landscaping work beyond basic grass mowing requires licensure through the Louisiana Department of Agriculture and Forestry (LDAF) Horticulture Commission under La. R.S. 3:3801-3816. Individual state license tiers include Landscape Horticulturist, Landscape Irrigation Contractor, Arborist, and Landscape Architect. For commercial landscaping projects exceeding $50,000, contractors must also obtain a Commercial Contractor license from the Louisiana State Licensing Board for Contractors (LSLBC).","Louisiana Department of Agriculture and Forestry (LDAF) Horticulture Commission, 2025, https://www.ldaf.la.gov"
landscaping,Maine,ME,19.48,8.46,"U.S. Bureau of Labor Statistics, May 2023 State Occupational Employment and Wage Estimates: Maine, 2024, https://www.bls.gov/oes/current/oes_me.htm","Maine does not require a state-level contractor license for general landscaping and groundskeeping work; regulation is handled at the municipal level. However, commercial pesticide application requires a Commercial Pesticide Applicator license (Operator or Master tier) from the Maine Board of Pesticides Control.","Maine Board of Pesticides Control, Department of Agriculture, Conservation and Forestry, 2024, https://www.maine.gov/dacf/php/pesticides"
landscaping,Maryland,MD,18.49,2.95,"U.S. Bureau of Labor Statistics (BLS) Occupational Employment and Wage Statistics (OEWS), May 2023, https://www.bls.gov/oes/current/oes_md.htm","In Maryland, routine landscape maintenance (mowing, weeding, edging) does not require a state contractor license. However, state-level licensing is required for specific scope categories: residential hardscaping, landscape construction, retaining walls, or improvements valued over $500 require a Maryland Home Improvement Commission (MHIC) Contractor License from the Maryland Department of Labor; commercial pesticide application requires a Pesticide Business License and Certified Applicator certification from the Maryland Department of Agriculture (MDA); commercial fertilizer application on non-agricultural turf requires MDA Certified Professional Fertilizer Applicator credentials; and commercial tree pruning/removal requires a Licensed Tree Expert (LTE) license from the Maryland Department of Natural Resources (DNR).","Maryland Department of Labor - Maryland Home Improvement Commission (MHIC), 2024, https://www.dllr.state.md.us/license/mhic"
landscaping,Massachusetts,MA,22.41,24.78,"U.S. Bureau of Labor Statistics (BLS) Occupational Employment and Wage Statistics (OEWS), May 2023, https://www.bls.gov/oes/current/oes_ma.htm","Massachusetts does not issue or require a general state-level trade license for basic landscaping, lawn maintenance, or mowing. However, contractors performing residential home improvement or hardscaping work exceeding $500 must register as a Home Improvement Contractor (HIC) with the Office of Consumer Affairs and Business Regulation (OCABR) under M.G.L. c. 142A. Additionally, applying pesticides for hire requires a Commercial Applicator License or Commercial Certification from the Massachusetts Department of Agricultural Resources (MDAR) Pesticide Program under 333 CMR 10.00.","Massachusetts Office of Consumer Affairs and Business Regulation (OCABR) & Department of Agricultural Resources (MDAR), 2024, https://www.mass.gov/orgs/office-of-consumer-affairs-and-business-regulation"
landscaping,Michigan,MI,17.61,-1.95,"U.S. Bureau of Labor Statistics (BLS) Occupational Employment and Wage Statistics (OEWS), May 2023, https://www.bls.gov/oes/current/oes_mi.htm","Michigan does not issue or require a state-level landscape contractor trade license for general landscaping, grounds maintenance, lawn care, or hardscaping. However, applying pesticides or herbicides for compensation requires an individual Commercial Pesticide Applicator certification and a Pesticide Application Business License (PABL) from the Michigan Department of Agriculture and Rural Development (MDARD). Local municipal registrations or licenses may also be required by individual cities.","Michigan Department of Agriculture and Rural Development (MDARD) & Michigan Department of Licensing and Regulatory Affairs (LARA), 2026"
landscaping,Minnesota,MN,20.98,16.82,"U.S. Bureau of Labor Statistics, May 2023 State Occupational Employment and Wage Estimates - Minnesota (https://www.bls.gov/oes/current/oes_mn.htm)","Minnesota does not require a single overarching state-level landscape contractor license for basic softscaping or routine grounds maintenance (mowing, trimming, planting). However, specific service-level licenses apply: a Commercial Pesticide Applicator License from the Minnesota Department of Agriculture (MDA) is required for applying pesticides or fertilizers; a Nursery Stock Dealer Certificate from MDA is required for selling live plant stock; and a Residential Building Contractor or Remodeler License from the Minnesota Department of Labor and Industry (DLI) is required if undertaking hardscape or structural exterior construction (e.g., retaining walls, decks) exceeding $15,000 in gross annual receipts and involving multiple trades. General contractors and subcontractors not required to hold a specific trade license must register under the DLI Construction Contractor Registration program.","Minnesota Department of Labor and Industry, 2024 and Minnesota Department of Agriculture, 2024 (https://www.mda.state.mn.us/pesticide-fertilizer/pesticide-applicator-licensing)"
landscaping,Mississippi,MS,14.29,-20.43,"U.S. Bureau of Labor Statistics (BLS), Occupational Employment and Wage Statistics (OEWS), May 2023, https://www.bls.gov/oes/current/oes_ms.htm","State-level contractor licensing is administered by the Mississippi State Board of Contractors (MSBOC). A commercial contractor license (with a specialty landscaping classification) is required at the state level for commercial landscaping projects exceeding $50,000. Routine lawn maintenance and residential landscaping under monetary thresholds do not require a state-level license, though local municipal or county business permits may apply.","Mississippi State Board of Contractors (MSBOC), 2024, https://www.msboc.us"
landscaping,Missouri,MO,17.57,-2.17,"U.S. Bureau of Labor Statistics, May 2023 OEWS State Occupational Employment and Wage Estimates (Missouri) & National Occupational Employment and Wage Estimates, https://www.bls.gov/oes/current/oes373011.htm","Missouri does not require or issue a general state-level contractor license for landscaping and groundskeeping workers (SOC 37-3011). Contractor licensing, permits, and trade registration are decentralized and regulated at the city and county level (e.g., St. Louis, Kansas City, Springfield, Columbia). State-level credentials exist only for specific specialized activities, such as Commercial Pesticide Applicator licensing via the Missouri Department of Agriculture and Professional Landscape Architect licensure via the Missouri Board for Architects, Professional Engineers, Professional Land Surveyors, and Professional Landscape Architects (APEPLSPLA).","Missouri Board for Architects, Professional Engineers, Professional Land Surveyors, and Professional Landscape Architects (APEPLSPLA), 2026, https://pr.mo.gov/apelsla.asp"
landscaping,Montana,MT,18.47,2.84,"U.S. Bureau of Labor Statistics, May 2023 Occupational Employment and Wage Statistics (OEWS), https://www.bls.gov/oes/current/oes_mt.htm","Montana does not require a state-level trade license for routine landscaping or groundskeeping work. Construction businesses with employees must register under Construction Contractor Registration with the Montana Department of Labor and Industry (DLI), while independent contractors without employees may obtain an Independent Contractor Exemption Certificate (ICEC). State-level licensing applies to specific activities like chemical pesticide application (Commercial Pesticide Applicator License via the Montana Department of Agriculture) or landscape architecture. Local business licenses or building/irrigation permits may be required at the city or county level.","Montana Department of Labor and Industry, 2024, https://dli.mt.gov"
landscaping,Nebraska,NE,17.87,-0.5,"U.S. Bureau of Labor Statistics, May 2023 OEWS State Occupational Employment and Wage Estimates - Nebraska, https://www.bls.gov/oes/current/oes_ne.htm","Nebraska does not require a specific state-level landscape contractor trade license. However, contractors performing construction/maintenance work earning $2,000 or more annually must register with the Nebraska Department of Labor (NDOL) under the Nebraska Contractor Registration Act. Commercial applicators applying pesticides require certification through the Nebraska Department of Agriculture (NDA). Trade licensing for landscaping contractors is otherwise regulated at the local municipal or county level (e.g., Omaha and Lincoln).","Nebraska Department of Labor, Contractor Registration Act (2024)"
landscaping,Nevada,NV,17.54,-2.34,"U.S. Bureau of Labor Statistics (BLS), OEWS May 2023 State Occupational Employment and Wage Estimates for Nevada (https://www.bls.gov/oes/current/oes_nv.htm) and National OEWS Estimates for SOC 37-3011 (https://www.bls.gov/oes/current/oes373011.htm), 2024","A state-level contractor license is required in Nevada to perform landscape contracting work. Licensing is administered by the Nevada State Contractors Board (NSCB) under Specialty License Classification C-10 (Landscape Contracting), which includes subclassifications such as C-10A (Landscaping) and C-10B (Landscaping Maintenance). Licenses are assigned monetary limits based on financial standing and project scope.","Nevada State Contractors Board (NSCB), Contractor Classifications and Licensing Guidelines, 2024, https://www.nvcontractorsboard.com"
landscaping,New Hampshire,NH,19.8,10.25,"U.S. Bureau of Labor Statistics, OEWS May 2023 State Occupational Employment and Wage Estimates - New Hampshire, 2024, https://www.bls.gov/oes/current/oes_nh.htm","New Hampshire does not require a general state-level contractor license for landscaping or groundskeeping work. Regulation is primarily at the local municipal level for business registration. However, specific state licenses apply for specialized activities: a Commercial Pesticide Applicator License from the NH Department of Agriculture, Markets & Food is required to apply pesticides, and a Plant Dealer/Landscaper License ($25 annual fee) is required for businesses buying, selling, or holding rooted nursery stock with gross sales of $3,000 or more.","New Hampshire Department of Agriculture, Markets & Food, 2025, https://www.agriculture.nh.gov"
landscaping,New Jersey,NJ,20.09,11.86,"U.S. Bureau of Labor Statistics, May 2023 State Occupational Employment and Wage Estimates - New Jersey (2024), https://www.bls.gov/oes/current/oes_nj.htm","In New Jersey, basic lawn maintenance (mowing and trimming) does not require a state contractor license. However, under the Contractors' Registration Act (N.J.S.A. 56:8-136 et seq.), landscape contractors engaged in work beyond basic mowing (such as planting trees or shrubs, laying sod, or installing hardscapes) on residential properties must register with the New Jersey Division of Consumer Affairs as a Home Improvement Contractor (HIC). Additionally, commercial pesticide application requires a Commercial Pesticide Applicator or Business License from the New Jersey Department of Environmental Protection (NJDEP).","New Jersey Division of Consumer Affairs, Home Improvement Contractor Registration (2024), https://www.njconsumeraffairs.gov/hic"
landscaping,New Mexico,NM,16.73,-6.85,"U.S. Bureau of Labor Statistics (BLS) OEWS, 2023, https://www.bls.gov/oes/current/oes_nm.htm","State-level contractor licensing is required in New Mexico for landscape construction, hardscaping, grading, and irrigation installation valued at $7,200 or more (labor and materials) through the Construction Industries Division (CID) of the New Mexico Regulation and Licensing Department (RLD). Primary specialty license classifications include GS-3 (Landscaping) and MS-6 (Lawn Sprinklers). Purely routine grounds maintenance services such as mowing, weeding, and pruning are exempt from CID contractor licensing.","New Mexico Regulation and Licensing Department, Construction Industries Division, 2024, https://www.rld.nm.gov/construction"
landscaping,New York,NY,18.99,5.74,"U.S. Bureau of Labor Statistics (BLS) Occupational Employment and Wage Statistics (OEWS), May 2023, https://www.bls.gov/oes/current/oes_ny.htm","New York State does not require a statewide general landscaping contractor license; home improvement and contractor licensing are regulated at the county or city level (e.g., New York City, Nassau, Suffolk, and Westchester counties require local Home Improvement Contractor licenses for landscape construction/hardscaping). At the state level, commercial pesticide application requires a Commercial Pesticide Applicator or Technician license from the NYS Department of Environmental Conservation (DEC).","New York State Department of State Division of Licensing Services / New York State Department of Environmental Conservation, 2026, https://dos.ny.gov"
landscaping,North Carolina,NC,17.15,-4.51,"BLS OEWS, May 2023, https://www.bls.gov/oes/current/oes_nc.htm","State-level license required. Under North Carolina General Statutes Chapter 89D, landscape contracting requires licensure by the North Carolina Landscape Contractors' Licensing Board (NCLCLB). License tiers include Individual Landscape Contractor License and Corporate Landscape Contractor License.","North Carolina Landscape Contractors' Licensing Board, 2024, https://www.nclclb.com"
landscaping,North Dakota,ND,18.98,5.68,"U.S. Bureau of Labor Statistics (BLS) Occupational Employment and Wage Statistics (OEWS), May 2023, https://www.bls.gov/oes/2023/may/oes_nd.htm","A state-level contractor license issued by the North Dakota Secretary of State under NDCC Chapter 43-07 is required for any landscaping or construction contract exceeding $4,000. Licenses are classified into four tiers based on maximum project value: Class A (unlimited), Class B (up to $500,000), Class C (up to $300,000), and Class D (up to $100,000).","North Dakota Secretary of State, 2024, https://sos.nd.gov"
landscaping,Ohio,OH,17.36,-3.34,"U.S. Bureau of Labor Statistics (BLS) Occupational Employment and Wage Statistics (OEWS), May 2023, https://www.bls.gov/oes/current/oes_oh.htm","The state of Ohio does not require a statewide general contractor or trade license for standard landscaping and grounds maintenance services. The Ohio Construction Industry Licensing Board (OCILB) regulates only five specialty trades (electrical, HVAC, plumbing, hydronics, refrigeration), leaving general contracting and landscaping oversight to municipal and county governments. However, applying pesticides or fertilizers commercially requires a Commercial Pesticide Applicator License from the Ohio Department of Agriculture (ODA).","Ohio Construction Industry Licensing Board (OCILB) / Ohio Department of Agriculture (ODA), 2024, https://com.ohio.gov/divisions-and-programs/industrial-compliance/boards/ohio-construction-industry-licensing-board"
landscaping,Oklahoma,OK,16.43,-8.52,"U.S. Bureau of Labor Statistics (BLS) OEWS, May 2023, https://www.bls.gov/oes/current/oes_ok.htm","Oklahoma does not require a statewide contractor license for general landscaping or groundskeeping work through the Construction Industries Board (CIB). However, state licensing is required if applying pesticides commercially via a Commercial Pesticide Applicator License issued by the Oklahoma Department of Agriculture, Food and Forestry (ODAFF). General contractor registrations or local business licenses are enforced at the city/county level (e.g., Oklahoma City).","Oklahoma Department of Agriculture, Food and Forestry (ODAFF), 2026, https://ag.ok.gov"
landscaping,Oregon,OR,19.82,10.36,"U.S. Bureau of Labor Statistics (BLS) Occupational Employment and Wage Statistics (OEWS), May 2023, https://www.bls.gov/oes/current/oes_or.htm","In Oregon, state-level licensing is required for landscape contracting work under ORS 671.510 et seq., administered by the Oregon Landscape Contractors Board (LCB). Oregon enforces a dual-licensing regime: the business entity must hold a Landscape Contracting Business License and must employ or be owned by a licensed Landscape Construction Professional (LCP). Business license tiers include Standard License (planning/installing lawns, plants, hardscapes, decks, arbors, retaining walls, fences), Irrigation Only Plus Backflow License, All Phases Plus Backflow License, and Probationary License.","Oregon Landscape Contractors Board (LCB), 2026, https://www.oregon.gov/lcb/Pages/index.aspx"
landscaping,Pennsylvania,PA,17.5,-2.56,"U.S. Bureau of Labor Statistics OEWS, 2023, https://www.bls.gov/oes/current/oes_pa.htm","Pennsylvania does not require a statewide trade license for standard landscaping or grounds maintenance. However, landscapers performing residential home improvement work (such as hardscaping, retaining walls, patios, or drainage) exceeding $5,000 annually must register as a Home Improvement Contractor (HIC) under the Home Improvement Consumer Protection Act (HICPA). Commercial pesticide applicators must be certified by the PA Department of Agriculture, and individual municipalities (such as Philadelphia) may require local trade licenses.","Pennsylvania Office of Attorney General, 2024"
landscaping,Rhode Island,RI,21.62,20.38,"U.S. Bureau of Labor Statistics (BLS) Occupational Employment and Wage Statistics (OEWS), May 2023, https://www.bls.gov/oes/current/oes_ri.htm","General lawn maintenance and basic grounds upkeep do not require a statewide contractor license. However, state-level registration with the Rhode Island Contractors' Registration and Licensing Board (RICRLB) is required if landscaping work includes construction, hardscaping, retaining walls, or residential home improvements valued at $500 or more. First-time applicants must complete a 5-hour pre-registration course. Commercial application of pesticides requires a separate Commercial Pesticide Applicator license from the Rhode Island Department of Environmental Management (RIDEM).","Rhode Island Contractors' Registration and Licensing Board (RICRLB), 2026"
landscaping,South Carolina,SC,16.89,-5.96,"BLS OEWS, May 2023 State Occupational Employment and Wage Estimates - South Carolina, 2024, https://www.bls.gov/oes/current/oes_sc.htm","South Carolina does not require a statewide license for general landscaping and lawn maintenance work (e.g., mowing, trimming, mulching). However, landscape construction (e.g., retaining walls, major grading, irrigation) and residential specialty work require licensing through the SC Department of Labor, Licensing and Regulation (LLR) via either the SC Contractor's Licensing Board for commercial work or the SC Residential Builders Commission for residential specialty contracting. Applying pesticides commercially requires a Commercial Pesticide Applicator license from the Clemson University Department of Pesticide Regulation. Local business licenses are mandated at the county or municipal level under the SC Home Rule Act.","South Carolina Department of Labor, Licensing and Regulation (LLR) Contractor's Licensing Board, 2024, https://llr.sc.gov/clb"
landscaping,South Dakota,SD,14.82,-17.48,"U.S. Bureau of Labor Statistics (BLS) Occupational Employment and Wage Statistics (OEWS), May 2023, https://www.bls.gov/oes/current/oes_sd.htm","South Dakota does not issue a state-level trade license for general landscaping or groundskeeping work. However, any business engaging in construction services or contracting must hold a Contractor's Excise Tax License from the South Dakota Department of Revenue under SDCL § 10-46A. Additionally, applying pesticides commercially requires a Commercial Pesticide Applicator certification from the South Dakota Department of Agriculture and Natural Resources under SDCL § 38-21. Local municipal registrations or trade licenses may apply in cities such as Sioux Falls and Rapid City.","South Dakota Department of Revenue, 2025, https://dor.sd.gov/businesses/taxes/contractors-excise-tax"
landscaping,Tennessee,TN,17.36,-3.34,"U.S. Bureau of Labor Statistics (BLS) OEWS, May 2023 State and National Occupational Employment and Wage Estimates (2024), https://www.bls.gov/oes/current/oes_tn.htm and https://www.bls.gov/oes/current/oes373011.htm","A state contractor license from the Tennessee Board for Licensing Contractors (Department of Commerce and Insurance) is required for landscaping projects valued at $25,000 or more (materials and labor) under classification CMC-D (Landscaping) or specialty HRA-E.2 pursuant to T.C.A. § 62-6. Below $25,000, no state contractor license is required (local city/county business licenses apply), except in 9 designated counties (Bradley, Davidson, Hamilton, Haywood, Knox, Marion, Robertson, Rutherford, and Shelby) where a state Home Improvement Contractor License is required for residential work between $3,000 and $24,999. Commercial pesticide and herbicide application requires a separate Charter from the Tennessee Department of Agriculture.","Tennessee Board for Licensing Contractors, Department of Commerce and Insurance (2024)"
landscaping,Texas,TX,17.11,-4.73,"U.S. Bureau of Labor Statistics (BLS) Occupational Employment and Wage Statistics (OEWS), May 2023 (released April 2024), https://www.bls.gov/oes/current/oes_tx.htm","Texas does not require a state-level contractor license for general landscaping and groundskeeping services. Landscaping contractors can operate without a state trade license. However, specific sub-activities require state licensure: commercial pesticide application requires a Commercial Pesticide Applicator License from the Texas Department of Agriculture (TDA), and installing or servicing landscape irrigation systems requires a Licensed Irrigator license from the Texas Commission on Environmental Quality (TCEQ). Local municipalities may also require business registration or local permits.","Texas Department of Agriculture (TDA) and Texas Commission on Environmental Quality (TCEQ), 2025, https://www.texasagriculture.gov and https://www.tceq.texas.gov"
landscaping,Utah,UT,18.48,2.9,"U.S. Bureau of Labor Statistics (BLS), May 2023 State Occupational Employment and Wage Estimates - Utah, https://www.bls.gov/oes/current/oes_ut.htm","State-level licensing is required in Utah for landscape construction, sprinkler/irrigation system installation, grading, and hardscaping through the S330 Specialty Landscaping Contractor license issued by the Utah Division of Occupational and Professional Licensing (DOPL). Basic lawn maintenance and yard care (such as mowing and trimming) do not require a state contractor license, though pesticide application requires separate certification from the Utah Department of Agriculture and Food (UDAF). Projects under $7,000 qualify for a small-project exemption, though registration with DOPL is required.","Utah Division of Occupational and Professional Licensing (DOPL), 2024, https://dopl.utah.gov"
landscaping,Vermont,VT,21.43,19.32,"U.S. Bureau of Labor Statistics (BLS) State OEWS, 2023, https://www.bls.gov/oes/current/oes_vt.htm (Vermont median $21.43 vs. US national median $17.96 from BLS OEWS May 2023, https://www.bls.gov/oes/current/oes373011.htm)","Vermont does not issue a state-level landscape contractor license for general landscaping and groundskeeping. However, contractors performing residential projects valued at $10,000 or more (labor and materials combined) must register with the Vermont Secretary of State Office of Professional Regulation (OPR). Commercial applicators applying pesticides or herbicides as part of landscaping services must obtain a Commercial Pesticide Applicator certification from the Vermont Agency of Agriculture, Food and Markets (VAAFM). Municipalities may also require local business licenses or permits.","Vermont Secretary of State Office of Professional Regulation (OPR), 2023, https://sos.vermont.gov/residential-contractors/ and Vermont Agency of Agriculture, Food and Markets (VAAFM), 2024"
landscaping,Virginia,VA,17.79,-0.95,"U.S. Bureau of Labor Statistics, Occupational Employment and Wage Statistics (OEWS), May 2023 State Occupational Employment and Wage Estimates - Virginia (published April 2024), https://www.bls.gov/oes/current/oes_va.htm and May 2023 National Estimates, https://www.bls.gov/oes/current/oes373011.htm","In Virginia, contractor licensing is regulated at the state level by the Department of Professional and Occupational Regulation (DPOR) Board for Contractors under Virginia Code § 54.1-1100 et seq. Landscaping contractors performing projects of $1,000 or more (including hardscaping, grading, or irrigation) or operating under the Landscape Service Contractor (LSC) specialty must hold a state contractor license. Licensing is structured into three tiers: Class C (projects over $1,000 up to $10,000; annual volume up to $150,000), Class B (single projects $10,000 to $120,000; annual volume up to $750,000), and Class A (single projects $120,000+; unlimited annual volume). Commercial pesticide application requires separate certification from the Virginia Department of Agriculture and Consumer Services (VDACS).","Virginia Department of Professional and Occupational Regulation (DPOR) Board for Contractors, 2025, https://www.dpor.virginia.gov/Boards/Contractors"
landscaping,Washington,WA,22.01,22.55,"U.S. Bureau of Labor Statistics (BLS) Occupational Employment and Wage Statistics (OEWS), May 2023 State Occupational Employment and Wage Estimates - Washington, https://www.bls.gov/oes/current/oes_wa.htm and May 2023 National Occupational Employment and Wage Estimates, https://www.bls.gov/oes/current/oes373011.htm",State-level registration is required in Washington through the Department of Labor & Industries (L&I). Landscaping contractors must register as either a Specialty Contractor (restricted to the Landscaping specialty and unable to subcontract outside of it) or a General Contractor (able to perform or subcontract multiple trades).,"Washington State Department of Labor & Industries (L&I), 2024, https://lni.wa.gov/licensing-permits/contractors/register-as-a-contractor"
landscaping,West Virginia,WV,13.95,-22.33,"U.S. Bureau of Labor Statistics OEWS, 2023, https://www.bls.gov/oes/current/oes_wv.htm and https://www.bls.gov/oes/current/oes373011.htm","Routine lawn care, mowing, planting, and grounds maintenance do not require a state contractor license in West Virginia. However, under W. Va. Code § 21-11, landscaping projects involving structural hardscaping, grading, drainage, or construction exceeding $2,500 for residential work or $5,000 for commercial work require a Specialty Contractor License from the West Virginia Contractor Licensing Board (WV Division of Labor). Commercial pesticide application requires a separate Commercial Pesticide Applicator license from the West Virginia Department of Agriculture. Local municipalities may mandate municipal business licenses.","West Virginia Division of Labor Contractor Licensing Board, 2024"
landscaping,Wisconsin,WI,18.21,1.39,"U.S. Bureau of Labor Statistics, May 2023 State Occupational Employment and Wage Estimates - Wisconsin, https://www.bls.gov/oes/current/oes_wi.htm","Wisconsin does not require a statewide trade license for general landscape contracting, lawn maintenance, planting, hardscaping, or irrigation. Local cities or counties may require general business registrations. However, any business or individual applying pesticides or herbicides commercially must obtain a Commercial Pesticide Applicator license from the Wisconsin Department of Agriculture, Trade and Consumer Protection (DATCP). Separate professional licensure exists for Landscape Architects under the Wisconsin Department of Safety and Professional Services (DSPS).","Wisconsin Department of Agriculture, Trade and Consumer Protection (DATCP), 2024, https://datcp.wi.gov/Pages/Licenses_Permits/CommercialApplicator.aspx"
landscaping,Wyoming,WY,17.77,-1.06,"U.S. Bureau of Labor Statistics, May 2023 Occupational Employment and Wage Statistics (OEWS), https://www.bls.gov/oes/current/oes_wy.htm","Wyoming does not mandate or issue a state-level contractor license for Landscaping & Groundskeeping (SOC 37-3011). Trade contractor licensing is decentralized and regulated at the city or county municipal level (e.g., Cheyenne, Casper, Gillette), with electrical contracting being the only trade licensed at the state level.","Wyoming Department of Workforce Services, 2025 Directory of Licensed Occupations in Wyoming, https://doe.state.wy.us/LMI/licensed_occupations.htm"
commercial-cleaning,Alabama,AL,13.37,-20.61,"U.S. Bureau of Labor Statistics, May 2023 State Occupational Employment and Wage Estimates: Alabama, https://www.bls.gov/oes/current/oes_al.htm","No state-level specialty or contractor license is required for standard commercial cleaning or janitorial services in Alabama. The Alabama Licensing Board for General Contractors regulates commercial construction projects valued at $100,000 or more, but routine cleaning and janitorial services are exempt. Business privilege licenses are issued at the local level by county probate offices and municipal revenue departments.","Alabama Licensing Board for General Contractors, 2026, https://genconbd.alabama.gov"
commercial-cleaning,Alaska,AK,17.76,5.46,"BLS OEWS, May 2023 State Occupational Employment and Wage Estimates - Alaska, https://www.bls.gov/oes/current/oes_ak.htm","In Alaska, commercial cleaning and janitorial services are not classified as a construction trade and do not require a state contractor or trade-specific professional license. Standalone janitorial businesses must hold a general Alaska Business License issued by the Division of Corporations, Business and Professional Licensing (DCBPL) and comply with any local municipal business licensing requirements.","Alaska Department of Commerce, Community, and Economic Development - Division of Corporations, Business and Professional Licensing, 2024, https://www.commerce.alaska.gov/web/cbpl/BusinessLicensing.aspx"
commercial-cleaning,Arizona,AZ,16.43,-2.43,"U.S. Bureau of Labor Statistics (BLS) Occupational Employment and Wage Statistics (OEWS), May 2023, https://www.bls.gov/oes/current/oes_az.htm","No state-level contractor license is required for routine commercial cleaning and janitorial services in Arizona. Contractor licensing through the Arizona Registrar of Contractors (AZ ROC) is only required if the scope of work involves construction, alterations, or structural repairs exceeding $1,000 (A.R.S. § 32-1121). Business operations are subject to city/local business licenses and State Transaction Privilege Tax (TPT) registration.","Arizona Registrar of Contractors (AZ ROC), 2024, https://roc.az.gov"
commercial-cleaning,Arkansas,AR,13.73,-18.47,"U.S. Bureau of Labor Statistics, May 2023 State Occupational Employment and Wage Estimates - Arkansas, https://www.bls.gov/oes/current/oes_ar.htm","No state-level contractor or occupational license is required in Arkansas specifically for standard commercial cleaning or janitorial services. Businesses must fulfill general state business entity registration, register for state sales tax with the Arkansas Department of Finance and Administration, and comply with city/county business license requirements.","Arkansas Contractors Licensing Board, 2024, https://www.labor.arkansas.gov/licensing/contractors-licensing-board"
commercial-cleaning,California,CA,18.26,8.43,"U.S. Bureau of Labor Statistics, Occupational Employment and Wage Statistics (OEWS), May 2023, https://www.bls.gov/oes/current/oes_ca.htm","General commercial janitorial services do not require a trade license from the California Contractors State License Board (CSLB), unless performing construction clean-up or work exceeding $500 in labor/materials (which requires a Class C-61 / D-63 Limited Specialty Contractor license). However, under the Property Services Workers Protection Act (Labor Code §§ 1420-1432), all janitorial employers with 1+ employees must register annually with the California Labor Commissioner's Office. City and county business licenses are required at the local level.","California Department of Industrial Relations, Labor Commissioner's Office / CSLB, 2024"
commercial-cleaning,Colorado,CO,17.46,3.68,"U.S. Bureau of Labor Statistics (BLS) Occupational Employment and Wage Statistics (OEWS), May 2023, https://www.bls.gov/oes/current/oes_co.htm","No state-level license is required for commercial cleaning or janitorial contractors in Colorado. The Colorado Department of Regulatory Agencies (DORA) Division of Professions and Occupations licenses specific skilled trades (e.g., electrical and plumbing under C.R.S. Title 12) but does not issue state licenses or maintain licensing tiers for janitorial or commercial cleaning services. Local municipalities or county building/business departments may require general local business licenses.","Colorado Department of Regulatory Agencies (DORA) Division of Professions and Occupations, 2023, https://dpo.colorado.gov"
commercial-cleaning,Connecticut,CT,17.6,4.51,"U.S. Bureau of Labor Statistics (BLS), May 2023 State Occupational Employment and Wage Estimates - Connecticut, https://www.bls.gov/oes/current/oes_ct.htm","No state-level trade license is required in Connecticut for commercial cleaning and janitorial services. The Connecticut Department of Consumer Protection (DCP) licenses specialized trades (e.g., electrical, plumbing, HVAC) and registers major/home improvement contractors, but routine commercial janitorial services fall outside these occupational licensing requirements. General business registration with the Connecticut Secretary of the State and Department of Revenue Services is required.","Connecticut Department of Consumer Protection (DCP), 2024, https://portal.ct.gov/dcp"
commercial-cleaning,Delaware,DE,15.61,-7.3,"U.S. Bureau of Labor Statistics (BLS) Occupational Employment and Wage Statistics (OEWS), May 2023, https://www.bls.gov/oes/current/oes_de.htm","Delaware does not require a trade-specific state contractor license for commercial cleaning or janitorial services. However, all commercial entities operating in the state must register for a general Delaware Business License through the Delaware Division of Revenue. Local municipal business licenses may also be required depending on the city or county.","Delaware Division of Revenue, 2024"
commercial-cleaning,Florida,FL,14.33,-14.9,"U.S. Bureau of Labor Statistics (BLS) May 2023 State Occupational Employment and Wage Estimates - Florida, 2024, https://www.bls.gov/oes/current/oes_fl.htm","No state-level trade or occupational license is required for general commercial cleaning and janitorial services (SOC 37-2011) in Florida. The Florida Department of Business and Professional Regulation (DBPR) does not regulate standard janitorial operations. Businesses are required to register their business entity with the Florida Division of Corporations (Sunbiz) and obtain Local Business Tax Receipts (BTRs) from the county and/or municipality where they operate under Chapter 205, Florida Statutes. State-level licensure only applies to adjacent specialty services such as mold remediation (DBPR Chapter 468) or structural contractor work (DBPR Chapter 489).","Florida Department of Business and Professional Regulation (DBPR) / Chapter 205, Florida Statutes, 2024, http://www.leg.state.fl.us/statutes/index.cfm?App_mode=Display_Statute&URL=0200-0299/0205/0205.html"
commercial-cleaning,Georgia,GA,14.47,-14.07,"U.S. Bureau of Labor Statistics (BLS) May 2023 OEWS State Occupational Employment and Wage Estimates - Georgia, 2024, https://www.bls.gov/oes/current/oes_ga.htm","No state-level license is required for commercial cleaning and janitorial services (BLS SOC 37-2011) in Georgia. Licensing is governed strictly at the municipal or county level, where businesses must obtain a local Occupational Tax Certificate (business license). There are no state licensing tiers for this trade.","Georgia Secretary of State / Professional Licensing Boards Division, 2024, https://sos.ga.gov"
commercial-cleaning,Hawaii,HI,17.38,3.21,"U.S. Bureau of Labor Statistics (BLS) Occupational Employment and Wage Statistics (OEWS), May 2023, https://www.bls.gov/oes/current/oes_hi.htm","Standard commercial cleaning and janitorial services in Hawaii do not require a trade or contractor license at either the state or local level, provided the work does not involve structural construction/alteration exceeding $1,000, pesticide application, or biohazard waste disposal (such as C-60 medical/infectious waste contractor licensing). All entities must register their business with the Hawaii DCCA Business Registration Division and hold a General Excise Tax (GET) license from the Hawaii Department of Taxation.","Hawaii Department of Commerce and Consumer Affairs (DCCA) Contractors License Board, 2026, https://cca.hawaii.gov/pvl/boards/contractor"
commercial-cleaning,Idaho,ID,15.99,-5.05,"U.S. Bureau of Labor Statistics (BLS) Occupational Employment and Wage Statistics (OEWS), May 2023, https://www.bls.gov/oes/current/oes_id.htm","No state-level license is required for commercial cleaning and janitorial services (SOC 37-2011) in Idaho. State contractor registration through the Idaho Contractors Board under the Division of Occupational and Professional Licenses (DOPL) applies only to construction or structural alteration projects costing over $2,000, which excludes routine cleaning. Business licenses may be required at the local city or county level.","Idaho Division of Occupational and Professional Licenses (DOPL) - Idaho Contractors Board, 2024, https://dopl.idaho.gov"
commercial-cleaning,Illinois,IL,17.5,3.92,"U.S. Bureau of Labor Statistics (BLS) Occupational Employment and Wage Statistics (OEWS), May 2023, https://www.bls.gov/oes/current/oes_il.htm",No state-level license is required for commercial cleaning or janitorial contractors in Illinois. State contractor licensing under IDFPR is limited to specialized trades (such as plumbing and roofing); general commercial cleaning businesses are regulated and licensed at the local municipal or county level.,"Illinois Department of Financial and Professional Regulation (IDFPR), 2025, https://idfpr.illinois.gov"
commercial-cleaning,Indiana,IN,16.39,-2.67,"U.S. Bureau of Labor Statistics (BLS), May 2023 State Occupational Employment and Wage Estimates - Indiana, 2024, https://www.bls.gov/oes/current/oes_in.htm","No state-level trade license is required for commercial cleaning or janitorial services in Indiana. Business entities must register with the Indiana Secretary of State, and local municipalities or county clerk offices may require local business licenses or operating permits.","Indiana Professional Licensing Agency (IPLA), 2024, https://www.in.gov/pla"
commercial-cleaning,Iowa,IA,16.64,-1.19,"U.S. Bureau of Labor Statistics (BLS) May 2023 OEWS, 2024, https://www.bls.gov/oes/current/oes_ia.htm","No state-level contractor or occupational license is required for commercial cleaning or janitorial businesses in Iowa. Commercial cleaning companies must obtain an Iowa Sales Tax Permit from the Iowa Department of Revenue, as cleaning services are subject to state sales tax, and register their business entity with the Iowa Secretary of State.","Iowa Department of Inspections, Appeals, and Licensing (DIAL) / Iowa Department of Revenue, 2024, https://dial.iowa.gov"
commercial-cleaning,Kansas,KS,14.61,-13.24,"U.S. Bureau of Labor Statistics (BLS) OEWS, May 2023, https://www.bls.gov/oes/current/oes_ks.htm",No statewide contractor license is required for commercial cleaning and janitorial services in Kansas. Regulations and business licenses are managed at the local city or municipal level.,"Kansas Business Center / Kansas Secretary of State, 2025, https://www.kansas.gov"
commercial-cleaning,Kentucky,KY,14.4,-14.49,"U.S. Bureau of Labor Statistics (BLS), May 2023 State Occupational Employment and Wage Estimates - Kentucky (SOC 37-2011), 2024, https://www.bls.gov/oes/current/oes_ky.htm","No state-level contractor or trade license is required for commercial cleaning and janitorial services in Kentucky. Business licensing and contractor registration are administered at the local city or county level (e.g., Louisville Metro or Lexington-Fayette Urban County Government), alongside general state tax and business registration with the Kentucky Secretary of State and Department of Revenue.","Kentucky Department of Housing, Buildings and Construction (KDHBC) / Kentucky One Stop Business Portal, 2024, https://dhbc.ky.gov"
commercial-cleaning,Louisiana,LA,12.49,-25.83,"U.S. Bureau of Labor Statistics (BLS) Occupational Employment and Wage Statistics (OEWS), May 2023, https://www.bls.gov/oes/current/oes_la.htm","Louisiana does not require a state-level contractor or trade license for routine janitorial or commercial cleaning services. The Louisiana State Licensing Board for Contractors (LSLBC) mandates commercial contractor licenses for construction/renovation projects exceeding $50,000 and mold remediation licenses for projects exceeding $7,500, but standard janitorial/cleaning is exempt. State business registration through the Louisiana Secretary of State and sales tax registration with the Louisiana Department of Revenue are required, as is local occupational licensing at the parish or municipal level.","Louisiana State Licensing Board for Contractors (LSLBC), 2024, https://www.lslbc.louisiana.gov"
commercial-cleaning,Maine,ME,17.95,6.59,"U.S. Bureau of Labor Statistics, Occupational Employment and Wage Statistics (OEWS), May 2023, https://www.bls.gov/oes/current/oes_me.htm",No state-level contractor or specialty license is required for commercial cleaning or janitorial services in Maine. Business licensing and registration are managed at the municipal/local level or via general business entity registration with the Maine Secretary of State.,"Maine Department of Professional and Financial Regulation, Office of Professional and Occupational Regulation, 2024, https://www.maine.gov/pfr/professionallicensing"
commercial-cleaning,Maryland,MD,17.33,2.91,"U.S. Bureau of Labor Statistics (BLS) May 2023 State Occupational Employment and Wage Estimates - Maryland (released April 2024), https://www.bls.gov/oes/current/oes_md.htm and May 2023 National Occupational Employment and Wage Estimates, https://www.bls.gov/oes/current/oes372011.htm","No state-level trade license is required for commercial cleaning or janitorial services in Maryland. The Maryland Home Improvement Commission (MHIC), under the Maryland Department of Labor, regulates residential home improvement contractors (over $500 in value), but commercial cleaning and janitorial services are exempt from MHIC licensure. Operators must obtain general business registration through Maryland Business Express and comply with local city/county general business licensing.","Maryland Home Improvement Commission (MHIC), Maryland Department of Labor (2024), https://www.labor.maryland.gov/license/mhic"
commercial-cleaning,Massachusetts,MA,18.73,3.94,"U.S. Bureau of Labor Statistics, May 2023 OEWS State Occupational Employment and Wage Estimates - Massachusetts, 2024, https://www.bls.gov/oes/current/oes_ma.htm",No state-level trade license is required to operate a general commercial cleaning or janitorial business in Massachusetts. Commercial cleaning services are not regulated under the Massachusetts Division of Occupational Licensure or the Board of Building Regulations and Standards. Businesses must register with the Secretary of the Commonwealth and obtain local city/town business certificates (specialized commercial kitchen hood/exhaust cleaning requires a Certificate of Competency from the Department of Fire Services).,"Massachusetts Division of Occupational Licensure / Mass.gov Department of Fire Services, 2024"
commercial-cleaning,Michigan,MI,16.38,-2.73,"U.S. Bureau of Labor Statistics (BLS) Occupational Employment and Wage Statistics (OEWS), May 2023, https://www.bls.gov/oes/current/oes_mi.htm","No state-level occupational trade license is required for commercial cleaning or janitorial services in Michigan. Businesses register as legal entities (e.g., LLC) through the Michigan Department of Licensing and Regulatory Affairs (LARA). Local business licensing or permits may be required at the county or city level (such as Detroit's BSEED business license).","Michigan Department of Licensing and Regulatory Affairs (LARA), 2024, https://www.michigan.gov/lara"
commercial-cleaning,Minnesota,MN,18.05,7.19,"U.S. Bureau of Labor Statistics (BLS) OEWS, May 2023, https://www.bls.gov/oes/current/oes_mn.htm","No state-level trade license is required for commercial cleaning or janitorial services in Minnesota. State-level requirements are limited to standard business entity registration (e.g., Minnesota Secretary of State) and sales tax registration, though local municipal or county business permits may apply.","Minnesota Department of Labor and Industry (DLI), 2024, https://www.dli.mn.gov"
commercial-cleaning,Mississippi,MS,12.34,-26.72,"U.S. Bureau of Labor Statistics (BLS), May 2023 OEWS State Occupational Employment and Wage Estimates - Mississippi, https://www.bls.gov/oes/current/oes_ms.htm","Mississippi does not require a state-level trade or contractor license for general commercial cleaning and janitorial services. The Mississippi State Board of Contractors (MSBOC) regulates construction and structural specialty trades, but routine janitorial services are exempt at the state level. Cleaning businesses are regulated locally and must obtain a Business Privilege License from the city hall or county clerk in each municipality where they operate.","Mississippi State Board of Contractors (MSBOC), 2024 Contractor Licensing FAQ and Guidelines, https://www.msboc.us"
commercial-cleaning,Missouri,MO,15.19,-9.8,"U.S. Bureau of Labor Statistics (BLS) Occupational Employment and Wage Statistics (OEWS), May 2023, https://www.bls.gov/oes/current/oes_mo.htm",Missouri does not issue or require a state-level contractor or trade license for commercial cleaning and janitorial services (SOC 37-2011). Business licensing and permits are managed at the local municipal or county levels.,"Missouri Division of Professional Registration, 2024, https://pr.mo.gov"
commercial-cleaning,Montana,MT,17.55,4.22,"U.S. Bureau of Labor Statistics (BLS), Occupational Employment and Wage Statistics (OEWS), May 2023 State Estimates for Montana, 2024, https://www.bls.gov/oes/current/oes_mt.htm",No state-level trade license is required for commercial cleaning and janitorial services (SOC 37-2011) in Montana. Cleaning businesses must register their business entity with the Montana Secretary of State and adhere to local city or county general business licensing regulations where applicable.,"Montana Secretary of State, 2024, https://biz.sosmt.gov"
commercial-cleaning,Nebraska,NE,15.57,-7.54,"U.S. Bureau of Labor Statistics, Occupational Employment and Wage Statistics (OEWS), May 2023, https://www.bls.gov/oes/current/oes_ne.htm","Nebraska does not require a trade-specific state-level occupational license for commercial cleaning or janitorial services. However, under the Nebraska Contractor Registration Act, contractors and subcontractors performing building services or construction work in Nebraska must register with the Nebraska Department of Labor (NDOL) if they earn $2,000 or more annually. There are no state-level licensing tiers for janitorial services, though local municipality or county business licensing requirements may apply.","Nebraska Department of Labor, Contractor Registration Act, 2025, https://dol.nebraska.gov/conreg"
commercial-cleaning,Nevada,NV,16.8,-0.24,"U.S. Bureau of Labor Statistics (BLS) Occupational Employment and Wage Statistics (OEWS), May 2023, https://www.bls.gov/oes/current/oes_nv.htm and https://www.bls.gov/oes/current/oes372011.htm","Standard commercial cleaning and routine janitorial services do not require a state contractor license in Nevada. However, specialty cleaning contractors performing services such as carpet cleaning, water or fire damage restoration, or HVAC cleaning require a specialty contractor license from the Nevada State Contractors Board (NSCB). General state business registration through SilverFlume and municipal or county business licenses (such as City of Las Vegas or Clark County) are required at the local level.","Nevada State Contractors Board (NSCB), 2023, https://www.nvcontractorsboard.com"
commercial-cleaning,New Hampshire,NH,18.05,7.19,"U.S. Bureau of Labor Statistics (BLS), Occupational Employment and Wage Statistics (OEWS), May 2023, https://www.bls.gov/oes/current/oes_nh.htm","No state-level commercial cleaning or general contractor license is required in New Hampshire. Commercial cleaning businesses operate without state licensing tiers, though entity registration with the New Hampshire Secretary of State is required alongside any local municipal business permits.","New Hampshire Office of Professional Licensure and Certification (OPLC) / New Hampshire Secretary of State, 2024, https://quickstart.sos.nh.gov"
commercial-cleaning,New Jersey,NJ,17.15,1.84,"U.S. Bureau of Labor Statistics, May 2023 State Occupational Employment and Wage Estimates - New Jersey (2024, https://www.bls.gov/oes/current/oes_nj.htm) and May 2023 National Occupational Employment and Wage Estimates (2024, https://www.bls.gov/oes/current/oes372011.htm)","No state-level occupational trade license is required specifically for commercial cleaning or janitorial services (SOC 37-2011) in New Jersey. Businesses must complete general business registration with the New Jersey Department of the Treasury Division of Revenue and Enterprise Services, obtain a Sales Tax Certificate of Authority from the Division of Taxation, and check for local municipal business permits or licensing.","New Jersey Division of Consumer Affairs (2024, https://www.njconsumeraffairs.gov)"
commercial-cleaning,New Mexico,NM,14.6,-13.3,"U.S. Bureau of Labor Statistics (BLS) OEWS, May 2023, https://www.bls.gov/oes/current/oes_nm.htm","No state-level trade or contractor license is required for general commercial cleaning or janitorial services in New Mexico under the Construction Industries Division (CID). Businesses must complete general business registration with the New Mexico Secretary of State, register with the Taxation and Revenue Department for Gross Receipts Tax (GRT), and satisfy local municipal or county business licensing requirements.","New Mexico Regulation and Licensing Department (RLD) Construction Industries Division, 2024, https://www.rld.nm.gov/construction-industries"
commercial-cleaning,New York,NY,18.61,10.51,"U.S. Bureau of Labor Statistics (BLS) Occupational Employment and Wage Statistics (OEWS), May 2023, https://www.bls.gov/oes/current/oes_ny.htm","In New York State, no state-level trade license or licensing tier is required for general commercial cleaning and janitorial services (SOC 37-2011). Businesses must complete standard legal entity registration (LLC or corporation filing with the New York Department of State, or county-level DBA filing for sole proprietorships) and obtain a Certificate of Authority from the NYS Department of Taxation and Finance to collect sales tax. Local county or municipal business permits may also apply depending on jurisdiction.","New York Department of State (DOS), 2025, https://dos.ny.gov"
commercial-cleaning,North Carolina,NC,14.32,-14.96,"U.S. Bureau of Labor Statistics (BLS) Occupational Employment and Wage Statistics (OEWS), May 2023, https://www.bls.gov/oes/current/oes_nc.htm","No state-level trade or contractor license is required for standard commercial cleaning and janitorial services in North Carolina. State licensing through the North Carolina Licensing Board for General Contractors applies only to general construction work over $30,000. Commercial cleaning businesses must register their business entity with the North Carolina Secretary of State and secure local municipal/county business privilege licenses as applicable.","North Carolina Licensing Board for General Contractors / NC Secretary of State, 2024, https://www.sosnc.gov"
commercial-cleaning,North Dakota,ND,17.14,1.78,"U.S. Bureau of Labor Statistics (BLS) Occupational Employment and Wage Statistics (OEWS), May 2023, https://www.bls.gov/oes/current/oes_nd.htm",North Dakota does not require a state-level trade or contractor license for commercial cleaning and janitorial services (SOC 37-2011). Cleaning businesses must register their business entity with the North Dakota Secretary of State and comply with local municipal licensing and tax registration rules.,"North Dakota Secretary of State / State Licensing Guidelines, 2024, https://sos.nd.gov"
commercial-cleaning,Ohio,OH,16.27,-3.38,"U.S. Bureau of Labor Statistics, May 2023 State Occupational Employment and Wage Estimates - Ohio, 2024, https://www.bls.gov/oes/current/oes_oh.htm (National Median: U.S. Bureau of Labor Statistics, May 2023 OEWS, https://www.bls.gov/oes/current/oes372011.htm)","No state-level trade/contractor license is required for commercial cleaning or janitorial services in Ohio. The Ohio Construction Industry Licensing Board (OCILB) under ORC Chapter 4740 licenses electrical, HVAC, plumbing, hydronics, and refrigeration contractors, but does not license general cleaning contractors. However, businesses providing building maintenance and janitorial services with annual sales of $5,000 or more must obtain an Ohio Vendor's License via the Ohio Business Gateway or County Auditor to collect state sales tax under ORC 5739.01. Local cities and counties may require general local business registrations.","Ohio Construction Industry Licensing Board, 2024, https://com.ohio.gov/divisions-and-programs/industrial-compliance/boards/ohio-construction-industry-licensing-board and Ohio Department of Taxation, Information Release ST 2002-04, 2025, https://tax.ohio.gov/business/help-center/faqs/sales-and-use-tax-building-maintenance-and-janitorial-services"
commercial-cleaning,Oklahoma,OK,14.09,-16.33,"U.S. Bureau of Labor Statistics (BLS), May 2023 State Occupational Employment and Wage Estimates: Oklahoma, 2024, https://www.bls.gov/oes/current/oes_ok.htm","No state-level trade license is required for commercial cleaning or janitorial services in Oklahoma. While the Oklahoma Construction Industries Board (CIB) regulates specialty trades such as electrical, plumbing, HVAC, and roofing, commercial janitorial services are explicitly categorized as a business activity without state licensing requirements, though local municipal permits or an Oklahoma Tax Commission sales tax permit may apply.","Oklahoma Department of Commerce, 2025"
commercial-cleaning,Oregon,OR,17.62,4.63,"U.S. Bureau of Labor Statistics (BLS) Occupational Employment and Wage Statistics (OEWS), May 2023, https://www.bls.gov/oes/current/oes_or.htm","At the state level, Oregon requires any person or entity recruiting, supplying, or employing workers to provide commercial janitorial services to hold a Property Services Contractor License issued by the Oregon Bureau of Labor and Industries (BOLI) under ORS 658.405-658.511 (residential-only house cleaners are exempt). Tiers/durations include an initial 1-year license, with 2-year or 4-year multi-year renewals available after two consecutive years of operation without wage/civil rights violations.","Oregon Bureau of Labor and Industries (BOLI), 2026"
commercial-cleaning,Pennsylvania,PA,16.73,-0.65,"U.S. Bureau of Labor Statistics, May 2023 OEWS State and National Estimates, 2024, https://www.bls.gov/oes/current/oes_pa.htm","Pennsylvania does not mandate a state-level trade license for commercial cleaning or janitorial services. Business licensing is governed at the local municipal level (such as Philadelphia's Business Privilege License), while state compliance requires basic business registration and a PA Department of Revenue Sales Tax License.","Pennsylvania Business One-Stop Shop / PA Department of Revenue, 2025"
commercial-cleaning,Rhode Island,RI,17.37,3.15,"U.S. Bureau of Labor Statistics, Occupational Employment and Wage Statistics (OEWS), May 2023, https://www.bls.gov/oes/current/oes_ri.htm","No state-level trade license or contractor registration is required in Rhode Island for commercial cleaning and janitorial services (BLS SOC 37-2011). Under R.I. Gen. Laws § 5-65, the Rhode Island Contractors' Registration and Licensing Board (CRLB) regulates construction, structural alteration, remodeling, repair, and demolition, which excludes routine building cleaning and maintenance. Cleaning businesses operate under local municipal business licensing requirements and standard business entity registration with the RI Secretary of State.","Rhode Island Contractors' Registration and Licensing Board (CRLB), 2026, https://crb.ri.gov"
commercial-cleaning,South Carolina,SC,13.86,-17.7,"U.S. Bureau of Labor Statistics (BLS) May 2023 OEWS, https://www.bls.gov/oes/current/oes_sc.htm",No state-level contractor or trade license is required for commercial cleaning and janitorial services in South Carolina. Licensing is managed locally at the city or county level via local general business licenses.,"South Carolina Department of Labor, Licensing and Regulation (LLR), 2024, https://llr.sc.gov"
commercial-cleaning,South Dakota,SD,15.9,-5.58,"U.S. Bureau of Labor Statistics (BLS) Occupational Employment and Wage Statistics (OEWS), 2023, https://www.bls.gov/oes/current/oes_sd.htm","No state-level commercial cleaning or contractor license is required in South Dakota for janitorial services (state-level trade licensing is limited to electrical and plumbing). Commercial cleaning businesses must register with the South Dakota Department of Revenue for a Sales Tax / Contractor's Excise Tax license, with business licensing administered at the local/city level.","South Dakota Department of Revenue, 2024, https://dor.sd.gov"
commercial-cleaning,Tennessee,TN,14.51,-13.84,"U.S. Bureau of Labor Statistics, May 2023 OEWS State Occupational Employment and Wage Estimates (Tennessee) and National Estimates, 2024, https://www.bls.gov/oes/current/oes_tn.htm","Tennessee does not require a state-level occupational or contractor license for commercial cleaning and janitorial services (state contractor licensing under T.C.A. § 62-6-101 applies only to construction and repair projects valued at $25,000 or more). Licensing is mandated at the local county and municipal level based on gross receipts: a Minimal Activity License for annual gross receipts between $3,000 and $100,000, or a Standard Business License for receipts of $100,000 or more.","Tennessee Department of Revenue, 2024"
commercial-cleaning,Texas,TX,14.25,-15.38,"U.S. Bureau of Labor Statistics (BLS) Occupational Employment and Wage Statistics (OEWS), May 2023, https://www.bls.gov/oes/current/oes_tx.htm","No state-level contractor license is required for commercial cleaning or janitorial services in Texas. Licensing and business permits are handled at the municipal or county level, alongside general state business and sales tax registrations.","Texas Department of Licensing and Regulation (TDLR), 2024, https://www.tdlr.texas.gov"
commercial-cleaning,Utah,UT,14.24,-15.44,"U.S. Bureau of Labor Statistics (BLS) Occupational Employment and Wage Statistics (OEWS), May 2023, https://www.bls.gov/oes/current/oes_ut.htm and https://www.bls.gov/oes/current/oes372011.htm","Utah does not require a state-level contractor license for standard commercial cleaning and janitorial services (SOC 37-2011) regulated by the Division of Professional Licensing (DOPL), provided the work does not involve structural construction, electrical, plumbing, or HVAC modifications. Registration with the Utah Department of Commerce (Division of Corporations) and local municipal or county business licenses are required.","Utah Division of Professional Licensing (DOPL), Utah Construction Trades Licensing Act (Utah Code Title 58, Chapter 55), 2024, https://dopl.utah.gov"
commercial-cleaning,Vermont,VT,17.69,5.05,"U.S. Bureau of Labor Statistics (BLS) Occupational Employment and Wage Statistics (OEWS), 2023, https://www.bls.gov/oes/current/oes_vt.htm",No state-level trade or contractor license is required specifically for commercial cleaning or janitorial services in Vermont. Businesses must complete standard state business registration with the Vermont Secretary of State and comply with any applicable city or town local permit requirements.,"Vermont Office of Professional Regulation (OPR), 2024, https://sos.vermont.gov/opr/professions"
commercial-cleaning,Virginia,VA,14.98,-11.05,"U.S. Bureau of Labor Statistics (BLS), May 2023 State Occupational Employment and Wage Statistics (OEWS), https://www.bls.gov/oes/current/oes_va.htm","No state-level contractor license is required for standard commercial cleaning and janitorial services in Virginia. Under Code of Virginia § 54.1-1101(A)(13), providing janitorial, cleaning, or sanitizing services is explicitly exempt from the state contractor licensing requirements administered by the Virginia Department of Professional and Occupational Regulation (DPOR) Board for Contractors. Licensing operates at the municipal/county level through local Business, Professional, and Occupational License (BPOL) tax registrations.","Virginia Department of Professional and Occupational Regulation (DPOR), Board for Contractors, Code of Virginia § 54.1-1101, 2025, https://law.lis.virginia.gov/vacode/title54.1/chapter11/section54.1-1101"
commercial-cleaning,Washington,WA,19.49,15.74,"U.S. Bureau of Labor Statistics (BLS) Occupational Employment and Wage Statistics (OEWS), May 2023, https://www.bls.gov/oes/current/oes_wa.htm and https://www.bls.gov/oes/current/oes372011.htm","Washington state does not require a specific state-level trade license for routine commercial janitorial and cleaning services. However, businesses must obtain a state business license and Unified Business Identifier (UBI) through the Washington State Department of Revenue (DOR) Business Licensing Service, plus local city/county endorsements. If commercial cleaning services extend to post-construction cleanup, structural restoration, or building modifications, registration as a Specialty Contractor with the Washington State Department of Labor & Industries (L&I) is required.","Washington State Department of Revenue (DOR) / Department of Labor & Industries (L&I), 2024, https://dor.wa.gov/education/industry-guides/janitorial-and-other-cleaning-services and https://lni.wa.gov/licensing-permits/contractors/register-as-a-contractor"
commercial-cleaning,West Virginia,WV,14.75,-12.41,"U.S. Bureau of Labor Statistics, Occupational Employment and Wage Statistics (OEWS), May 2023 State Occupational Employment and Wage Estimates - West Virginia, https://www.bls.gov/oes/current/oes_wv.htm","No state-level contractor or trade license is required for routine commercial cleaning or janitorial services in West Virginia under the West Virginia Contractor Licensing Act (W. Va. Code § 30-42-1 et seq.). Licensing and business permits are managed at the local municipality/county level, alongside general business registration with the West Virginia Secretary of State and West Virginia State Tax Department.","West Virginia Contractor Licensing Board, West Virginia Contractor Licensing Act (W. Va. Code § 30-42-1 et seq.), 2023 Annual Report, https://www.wvlegislature.gov"
commercial-cleaning,Wisconsin,WI,16.41,-2.55,"U.S. Bureau of Labor Statistics (BLS) May 2023 State Occupational Employment and Wage Estimates, 2024, https://www.bls.gov/oes/current/oes_wi.htm","Wisconsin does not mandate a state-level trade license or credential for commercial cleaning or janitorial services (SOC 37-2011). Business registration and licensing occur at the local municipal or county level, and no state contractor licensing tiers exist for standard commercial cleaning.","Wisconsin Department of Safety and Professional Services (DSPS), 2024, https://dsps.wi.gov"
commercial-cleaning,Wyoming,WY,16,-4.99,"U.S. Bureau of Labor Statistics (BLS) Occupational Employment and Wage Statistics (OEWS), May 2023, https://www.bls.gov/oes/current/oes_wy.htm and https://www.bls.gov/oes/current/oes372011.htm","No state-level contractor or trade license is required for commercial cleaning or janitorial services in Wyoming. Contractor licensing and business permitting are regulated at the city/county municipal level (e.g., Cheyenne, Casper, Cody), while entity registration is handled through the Wyoming Secretary of State.","Wyoming Secretary of State / Wyoming Business Council, 2024, https://sos.wyo.gov"
painting,Alabama,AL,20.49,-10.68,"U.S. Bureau of Labor Statistics (BLS) Occupational Employment and Wage Statistics (OEWS), May 2023, https://www.bls.gov/oes/current/oes_al.htm","In Alabama, state contractor licensing depends on project type and monetary value. Commercial or industrial painting projects valued at $50,000 or more require a General Contractor license with the 'Painting and Wall Covering' specialty classification (Finishes category) issued by the Alabama Licensing Board for General Contractors (ALBGC). Residential painting projects exceeding $10,000 performed as part of home structure work require a license from the Alabama Home Builders Licensure Board (HBLB). Projects below these thresholds do not require a state contractor license but are subject to local city or county business licensing.","Alabama Licensing Board for General Contractors (ALBGC) & Alabama Home Builders Licensure Board (HBLB), 2024, https://genconbd.alabama.gov/ and https://hblb.alabama.gov"
painting,Alaska,AK,32.82,43.07,"U.S. Bureau of Labor Statistics (BLS) Occupational Employment and Wage Statistics (OEWS), May 2023, https://www.bls.gov/oes/current/oes_ak.htm and https://www.bls.gov/oes/current/oes472141.htm","State-level licensing is required. The Alaska Division of Corporations, Business and Professional Licensing (DCBPL) regulates contractors statewide. Painting is classified as a Specialty Contractor endorsement (up to three specialties per license). Other tiers include General Contractor, General Contractor with Residential Endorsement, and General Contractor Handyman (limited to projects under $10,000).","Alaska Division of Corporations, Business and Professional Licensing (DCBPL), Construction Contractors Program, 2024, https://www.commerce.alaska.gov/web/cbpl/ProfessionalLicensing/ConstructionContractors.aspx"
painting,Arizona,AZ,22.58,-1.57,"U.S. Bureau of Labor Statistics (BLS) May 2023 OEWS State Occupational Employment and Wage Estimates - Arizona (published April 2024), https://www.bls.gov/oes/current/oes_az.htm","A state-level contractor license is required in Arizona for any painting project exceeding $1,000 in labor and materials or requiring a building permit. Licensing is administered statewide by the Arizona Registrar of Contractors (ROC). License classifications include Specialty Residential Painting and Wall Covering (R-34), Specialty Commercial Painting and Wall Covering (C-34), and Specialty Dual Painting and Wall Covering (CR-34). Applicants must designate a Qualifying Party with 4 years of practical trade experience (at least 2 within the last 10 years) and pass both the PSI trade exam and Arizona Statutes and Rules exam.","Arizona Registrar of Contractors (ROC) / Arizona Revised Statutes Title 32 Chapter 10 (2024), https://roc.az.gov"
painting,Arkansas,AR,18.34,-20.05,"U.S. Bureau of Labor Statistics (BLS) Occupational Employment and Wage Statistics (OEWS), May 2023, https://www.bls.gov/oes/2023/may/oes_ar.htm","State-level licensing is required in Arkansas through the Arkansas Contractors Licensing Board (ACLB). Commercial painting projects of $50,000 or more require a Commercial Contractor License (Restricted tier up to $750,000, or Unrestricted tier for any project size). Residential painting projects valued at $2,000 or more (labor and materials) require a Home Improvement Specialty License or Residential Remodeler License (Limited tier under $50,000, or Unlimited tier). Work under these thresholds does not require a state license.","Arkansas Contractors Licensing Board (ACLB), Arkansas Department of Labor and Licensing, 2024, https://aclb.arkansas.gov"
painting,California,CA,27.69,20.71,"U.S. Bureau of Labor Statistics (BLS) Occupational Employment and Wage Statistics (OEWS), May 2023, https://www.bls.gov/oes/current/oes472141.htm",State-level license required for any painting and decorating project where combined labor and material costs equal or exceed $500. Regulated at the state level by the California Contractors State License Board (CSLB); local cities/counties do not issue trade licenses (only standard business permits). Trade classification: Class C Specialty Contractor - C-33 Painting and Decorating Contractor license.,"California Contractors State License Board (CSLB), 2023, https://www.cslb.ca.gov"
painting,Colorado,CO,22.96,0.09,"U.S. Bureau of Labor Statistics, May 2023 State Occupational Employment and Wage Estimates (Colorado), 2024, https://www.bls.gov/oes/current/oes_co.htm and May 2023 National Occupational Employment and Wage Estimates, 2024, https://www.bls.gov/oes/current/oes472141.htm","No state-level painting contractor license is required in Colorado. The Colorado Department of Regulatory Agencies (DORA) Division of Professions and Occupations regulates electricians and plumbers at the state level under C.R.S. Title 12, but specialty trades like painting & wall finishing are regulated exclusively at the local municipal or county level (e.g., Denver, Aurora, Colorado Springs). In addition, firms performing work on pre-1978 target housing must comply with federal EPA Lead Renovation, Repair and Painting (RRP) certification.","Colorado Department of Regulatory Agencies (DORA), Division of Professions and Occupations, 2024, https://dpo.colorado.gov"
painting,Connecticut,CT,24.06,4.88,"U.S. Bureau of Labor Statistics, May 2023 State Occupational Employment and Wage Estimates (Connecticut) & National Estimates, SOC 47-2141, https://www.bls.gov/oes/current/oes_ct.htm and https://www.bls.gov/oes/current/oes472141.htm","In Connecticut, state-level registration as a Home Improvement Contractor (HIC) with the Department of Consumer Protection (DCP) is required for contractors performing residential painting projects exceeding $200 on 1-4 family residential properties. Purely commercial painting or subcontracting under a registered contractor does not require HIC registration, though major structural construction projects require a Major Contractor license.","Connecticut Department of Consumer Protection (DCP), Home Improvement Contractor Registration, 2024"
painting,Delaware,DE,22.89,-0.22,"U.S. Bureau of Labor Statistics (BLS), May 2023 State Occupational Employment and Wage Estimates - Delaware, https://www.bls.gov/oes/current/oes_de.htm and May 2023 National OEWS, https://www.bls.gov/oes/current/oes472141.htm","Delaware does not require a state-level trade license for painters (unlike electricians, plumbers, or HVACR technicians). However, all contractors operating in Delaware must obtain a state contractor business license/registration from the Delaware Division of Revenue under 30 Del. C. § 2502 and comply with the Home Improvement Contractor Registration Act for residential work. Additional permits or licenses may be required at the county or municipal level.","Delaware Division of Revenue, 2024, https://revenue.delaware.gov"
painting,Florida,FL,18.93,-17.48,"U.S. Bureau of Labor Statistics, May 2023 OEWS State Occupational Employment and Wage Estimates - Florida & National (SOC 47-2141), 2024, https://www.bls.gov/oes/current/oes_fl.htm","Florida does not require a standalone state-level contractor license specifically for painting; painting is not a state-licensed trade regulated by the Construction Industry Licensing Board (CILB) under the Department of Business and Professional Regulation (DBPR). Additionally, under Florida House Bill 735 (enacted 2021), local governments are preempted from creating local occupational licenses for trades not regulated at the state level.","Florida Department of Business and Professional Regulation (DBPR) Construction Industry Licensing Board, 2024"
painting,Georgia,GA,19.24,-16.13,"U.S. Bureau of Labor Statistics, May 2023 OEWS State Occupational Employment and Wage Estimates: Georgia, 2024, https://www.bls.gov/oes/2023/may/oes_ga.htm","No state-level trade license is required specifically for painting and wall finishing contractors in Georgia under O.C.G.A. § 43-41-17(f). Licensing operates primarily at the local (city/county) level for local business licenses or occupational tax certificates. However, if painting is performed as part of a general construction or residential remodeling project exceeding $2,500 in total labor and materials, a state contractor license issued by the Georgia State Licensing Board for Residential and General Contractors is required (license tiers include Residential Basic, Residential Light Commercial, General Contractor Limited Tier, and General Contractor Unlimited).","Georgia State Licensing Board for Residential and General Contractors / Georgia Code O.C.G.A. § 43-41, 2022, https://ga.gov"
painting,Hawaii,HI,31.41,36.92,"U.S. Bureau of Labor Statistics (BLS) Occupational Employment and Wage Statistics (OEWS), May 2023, https://www.bls.gov/oes/current/oes_hi.htm","In Hawaii, contractor licensing for painting is regulated strictly at the state level by the Contractors License Board within the Department of Commerce and Consumer Affairs (DCCA). A state license is required for any painting project exceeding $1,500 in total project cost (labor and materials). The primary license classification is the Specialty C-33 Painting and Decorating Contractor license, which encompasses sub-classification tiers including C-33a (Wall coverings contractor), C-33b (Taping contractor), and C-33c (Surface treatment contractor). Applicants must demonstrate a minimum of 4 years of supervisory trade experience within the past 10 years and pass a two-part PSI exam covering Business and Law and the C-33 trade.","Hawaii Department of Commerce and Consumer Affairs (DCCA) Contractors License Board, 2024, https://cca.hawaii.gov/pvl/boards/contractor"
painting,Idaho,ID,21.9,-4.53,"Bureau of Labor Statistics, Occupational Employment and Wage Statistics (OEWS), May 2023, https://www.bls.gov/oes/current/oes_id.htm","Idaho does not require a state-level trade license or examination for painting contractors. However, any contractor performing work exceeding $2,000 in labor and materials must register with the Idaho Contractors Board within the Division of Occupational and Professional Licenses (DOPL). No trade-specific licensing tiers exist for painting contractors at the state level.","Idaho Division of Occupational and Professional Licenses, Idaho Contractors Board, 2026, https://dopl.idaho.gov/con"
painting,Illinois,IL,29.32,27.81,"U.S. Bureau of Labor Statistics (BLS), Occupational Employment and Wage Statistics (OEWS), May 2023, https://www.bls.gov/oes/current/oes_il.htm","Illinois does not require a state-level trade license for painting and wall finishing contractors (BLS SOC 47-2141). Contractor licensing, permits, and registrations are administered locally at the city or county level (e.g., City of Chicago). However, residential contractors performing home repairs or remodeling exceeding $1,000 must comply with consumer protection and insurance standards under the Illinois Home Repair and Remodeling Act.","Illinois Department of Financial and Professional Regulation (IDFPR), 2024, https://idfpr.illinois.gov"
painting,Indiana,IN,23.05,0.48,"U.S. Bureau of Labor Statistics (BLS), May 2023 State Occupational Employment and Wage Estimates - Indiana, 2024, https://www.bls.gov/oes/2023/may/oes_in.htm; and May 2023 National Occupational Employment and Wage Estimates, 2024, https://www.bls.gov/oes/2023/may/oes472141.htm","Indiana does not require a state-level contractor license for painting and wall finishing contractors. Trade licensing at the state level is restricted to plumbers through the Indiana Professional Licensing Agency. Licensing, contractor listing, and permitting for painting contractors are regulated at the municipal or county level (e.g., Marion County / City of Indianapolis Department of Business and Neighborhood Services). All businesses operating in Indiana must register with the Indiana Secretary of State.","Indiana Professional Licensing Agency (IPLA), 2024, https://www.in.gov/pla/ ; City of Indianapolis Department of Business and Neighborhood Services, 2024, https://www.indy.gov/activity/contractor-licenses"
painting,Iowa,IA,22.85,-0.39,"U.S. Bureau of Labor Statistics (BLS) Occupational Employment and Wage Statistics (OEWS), May 2023, https://www.bls.gov/oes/current/oes_ia.htm","Iowa does not issue a trade-specific state license or require a trade exam for painters. However, under Iowa Code Chapter 91C, any construction contractor (including painters) earning $2,000 or more per calendar year in Iowa must register with the Iowa Department of Inspections, Appeals, and Licensing (DIAL). Cities and counties may impose additional local business licensing or permit requirements.","Iowa Department of Inspections, Appeals, and Licensing (DIAL), 2024"
painting,Kansas,KS,21.68,-5.49,"U.S. Bureau of Labor Statistics, May 2023 OEWS State Occupational Employment and Wage Estimates - Kansas (https://www.bls.gov/oes/current/oes_ks.htm) and May 2023 National Occupational Employment and Wage Estimates (https://www.bls.gov/oes/current/oes472141.htm)","No statewide contractor license is required or issued for painting and wall finishing contractors in Kansas. Contractor licensing is regulated locally at the city and county level (e.g., Johnson County, Sedgwick County). Corporations, LLCs, and formal business entities must register with the state.","Kansas Secretary of State, 2024, https://sos.ks.gov"
painting,Kentucky,KY,20.52,-10.55,"U.S. Bureau of Labor Statistics, May 2023 State Occupational Employment and Wage Estimates: Kentucky, https://www.bls.gov/oes/current/oes_ky.htm","No state-level license is required for painting and wall finishing contractors in Kentucky. State-level trade licensing through the Department of Housing, Buildings and Construction is restricted to electricians, plumbers, and HVAC contractors, while painting contractors are regulated solely at the city or county level.","Kentucky Department of Housing, Buildings and Construction, 2024, https://dhbc.ky.gov"
painting,Louisiana,LA,20.48,-10.72,"Bureau of Labor Statistics (BLS) May 2023 State Occupational Employment and Wage Estimates - Louisiana, 2024, https://www.bls.gov/oes/current/oes_la.htm","In Louisiana, contractor licensing for painting and wall finishing is managed at the state level by the Louisiana State Licensing Board for Contractors (LSLBC). State licensure or registration is required based on project monetary thresholds: Commercial License for commercial painting projects of $50,000 or more; Residential Construction License for new residential projects of $50,000 or more; and Home Improvement Registration for existing residential home repairs/improvements valued between $7,500 and $50,000. Projects below these dollar thresholds do not require a state contractor license.","Louisiana State Licensing Board for Contractors (LSLBC) Licensing Law and Rules, 2024, https://lslbc.gov"
painting,Maine,ME,24.1,5.06,"U.S. Bureau of Labor Statistics, May 2023 State Occupational Employment and Wage Estimates: Maine, 2024, https://www.bls.gov/oes/current/oes_me.htm","Maine does not require a state-level license for painting and wall finishing contractors. Trade licensing at the state level is restricted to specific trades like electricians and plumbers under the Office of Professional and Occupational Regulation (OPOR). Business licensing and permits for painting work are managed at the local municipal level. However, under Maine Revised Statutes Title 10, Chapter 219-A (§ 1487), home construction and renovation projects exceeding $3,000 in total value must have a written contract.","Maine Office of the Attorney General, 2024, https://www.maine.gov/ag/consumer/housing/home_construction.shtml"
painting,Maryland,MD,21.87,-4.66,"U.S. Bureau of Labor Statistics, May 2023 State Occupational Employment and Wage Estimates - Maryland, https://www.bls.gov/oes/current/oes_md.htm","In Maryland, residential painting contractors performing projects valued at $500 or more must hold a state-level Home Improvement Contractor license issued by the Maryland Home Improvement Commission (MHIC), a division of the Maryland Department of Labor. Subcontractors working exclusively for an MHIC-licensed contractor are exempt (subcontractor licensing was eliminated in 2016). Maryland does not employ tiered contractor license classes based on project monetary thresholds or experience levels, though Salespersons require a separate MHIC license tier.","Maryland Home Improvement Commission, Maryland Department of Labor, 2024, https://www.labor.maryland.gov/license/mhic"
painting,Massachusetts,MA,24.36,6.19,"U.S. Bureau of Labor Statistics (BLS), OEWS May 2023, https://www.bls.gov/oes/current/oes_ma.htm","Massachusetts does not mandate a state trade license specifically for painters. However, contractors performing residential painting or repairs on existing owner-occupied 1-to-4 unit properties for projects exceeding $500 must hold a Home Improvement Contractor (HIC) registration with the Office of Consumer Affairs and Business Regulation (OCABR). Projects involving structural modifications require a Construction Supervisor License (CSL) issued by the Board of Building Regulations and Standards (BBRS), and lead paint work on buildings constructed before 1978 requires Lead-Safe Renovation / Deleading certification through the Department of Labor Standards (DLS).","Massachusetts Office of Consumer Affairs and Business Regulation (OCABR), 2024"
painting,Michigan,MI,22.53,-1.79,"U.S. Bureau of Labor Statistics, May 2023 Occupational Employment and Wage Statistics - Michigan, 2024, https://www.bls.gov/oes/current/oes_mi.htm",Michigan requires a state-level license for residential painting projects valued at $600 or more (combined labor and materials). The trade is regulated by LARA under two primary tiers: the Maintenance & Alteration (M&A) Contractor license (specifically under the 'Painting and Decorating' classification) and the full Residential Builder license. Commercial-only painting is not licensed at the state level.,"Michigan Department of Licensing and Regulatory Affairs (LARA), Bureau of Construction Codes, 2024, https://www.michigan.gov/lara"
painting,Minnesota,MN,28.03,22.19,"U.S. Bureau of Labor Statistics, May 2023 State Occupational Employment and Wage Estimates - Minnesota, 2024, https://www.bls.gov/oes/current/oes_mn.htm","At the state level, contractors who exclusively perform painting services are not required to hold a specialized state painting license from the Minnesota Department of Labor and Industry (DLI). However, contractors contracting directly with residential homeowners to perform work involving more than one specialty skill trade or major residential building/remodeling must obtain a state Residential Building Contractor or Residential Remodeler license. Local municipalities (such as Minneapolis) may impose local business licensing or registration requirements.","Minnesota Department of Labor and Industry, Residential Building Contractor and Remodeler Licensing Guide, 2024"
painting,Mississippi,MS,18.41,-19.75,"U.S. Bureau of Labor Statistics (BLS) OEWS, May 2023, https://www.bls.gov/oes/current/oes_ms.htm","In Mississippi, contractor licensing is regulated at the state level by the Mississippi State Board of Contractors (MSBOC). A state Commercial Contractor License with a painting specialty is required for commercial projects valued at $50,000 or more. For residential work, a Residential Remodeling license is required for painting/remodeling projects over $10,000, and a Residential Builder license is required for new residential construction over $50,000. Subcontractors working directly under a licensed prime contractor are generally exempt unless bidding directly to the owner. Local municipalities may also require local business registration or permits.","Mississippi State Board of Contractors (MSBOC), 2025, https://www.msboc.us"
painting,Missouri,MO,28.27,23.23,"U.S. Bureau of Labor Statistics (BLS), May 2023 OEWS State Occupational Employment and Wage Estimates - Missouri, https://www.bls.gov/oes/current/oes_mo.htm and May 2023 National OEWS Estimates, https://www.bls.gov/oes/current/oes472141.htm","No state-level contractor license is required for painters or painting contractors in Missouri. Statewide occupational licensing under the Missouri Division of Professional Registration (Department of Commerce and Insurance) is restricted to specific trades such as electrical contractors (RSMo 324.900). Painting contractors are regulated at the local municipal and county levels (e.g., city business licenses and local contractor registrations in Kansas City and St. Louis). Business entities operating in Missouri must register with the Missouri Secretary of State.","Missouri Division of Professional Registration, 2024, https://pr.mo.gov"
painting,Montana,MT,22.27,-2.92,"U.S. Bureau of Labor Statistics (BLS) Occupational Employment and Wage Statistics (OEWS), May 2023, https://www.bls.gov/oes/current/oes_mt.htm","Montana does not require a trade-specific state license for painting and wall finishing contractors. However, under Title 39, Chapter 9 of the Montana Code Annotated (MCA), construction businesses with employees (including corporations and manager-managed LLCs) must register with the Montana Department of Labor and Industry (DLI) Construction Contractor Registration Unit. Sole proprietors/independent contractors without employees must obtain an Independent Contractor Exemption Certificate (ICEC) or register as a contractor. Registration is based on workers' compensation compliance rather than trade competency, with no trade exam or experience tiers at the state level.","Montana Department of Labor and Industry (DLI) Employment Relations Division, Construction Contractor Registration Unit, 2026, https://erd.dli.mt.gov/work-comp-regulations/montana-contractor/construction-contractor-registration"
painting,Nebraska,NE,18.49,-19.4,"U.S. Bureau of Labor Statistics, May 2023 State Occupational Employment and Wage Estimates - Nebraska, https://www.bls.gov/oes/current/oes_ne.htm","No state-level trade license is required for painting contractors in Nebraska. However, under the Nebraska Contractor Registration Act, any contractor or subcontractor performing construction work and earning over $5,000 annually must register with the Nebraska Department of Labor. Competency licensing and contractor classification tiers are governed at the local municipal or county level (such as Douglas County / City of Omaha).","Nebraska Department of Labor, 2025 Contractor Registration Act"
painting,Nevada,NV,23.18,1.05,"U.S. Bureau of Labor Statistics, Occupational Employment and Wage Statistics (OEWS), May 2023, https://www.bls.gov/oes/2023/may/oes_nv.htm","A state-level license issued by the Nevada State Contractors Board (NSCB) is required for painting contractors (Classification C-4 Painting and Decorating, or C-4A Painting subclassification) for any job valued at $1,000 or more, or requiring a building permit. Licenses are issued with specific monetary limits (tiers) determined per contractor based on financial evaluation, ranging from under $10,000 to unlimited.","Nevada State Contractors Board (NSCB), 2024, http://www.nvcontractorsboard.com"
painting,New Hampshire,NH,22.58,-1.57,"U.S. Bureau of Labor Statistics (BLS) May 2023 State Occupational Employment and Wage Estimates - New Hampshire & May 2023 National Occupational Employment and Wage Estimates, 2024, https://www.bls.gov/oes/current/oes_nh.htm",New Hampshire does not require a state-level contractor or trade license for general Painting & Wall Finishing (SOC 47-2141). State licensing is not required for general construction contractors or painters; regulation or business permitting is managed at the municipal/local level.,"New Hampshire Office of Professional Licensure and Certification (OPLC), 2024, https://www.oplc.nh.gov"
painting,New Jersey,NJ,27.62,20.4,"U.S. Bureau of Labor Statistics (BLS) Occupational Employment and Wage Statistics (OEWS), May 2023, https://www.bls.gov/oes/current/oes_nj.htm and https://www.bls.gov/oes/current/oes472141.htm","In New Jersey, state-level registration/licensing with the New Jersey Division of Consumer Affairs is required for home improvement contractors (including residential painting and wall finishing contractors) under the Contractors' Business Registration Act and the Home Improvement and Home Elevation Contractor Licensing Act. Commercial-only painting work is governed at the municipal/local level. Tiers include Home Improvement Contractor Business (HICB) and Home Elevation Contractor Business (HECB).","New Jersey Division of Consumer Affairs, 2024, https://www.njconsumeraffairs.gov"
painting,New Mexico,NM,20.74,-9.59,"U.S. Bureau of Labor Statistics (BLS) OEWS, 2023, https://www.bls.gov/oes/current/oes472141.htm","In New Mexico, painting contractors are regulated at the state level by the Construction Industries Division (CID) of the New Mexico Regulation and Licensing Department (NMRLD) under the Construction Industries Licensing Act (NMSA 1978, § 60-13-12). Painting falls under specialty classifications (such as GB-2 residential subclassification or commercial specialty classifications). Contractor work valued under $7,200 annually is exempt from state licensing requirements.","New Mexico Regulation and Licensing Department (NMRLD), Construction Industries Division (CID), NMSA 1978 § 60-13-12, 2024, https://www.rld.nm.gov/construction-industries"
painting,New York,NY,25.79,12.42,"U.S. Bureau of Labor Statistics, May 2023 State Occupational Employment and Wage Estimates (New York), 2024, https://www.bls.gov/oes/current/oes_ny.htm","New York State does not issue or require a statewide contractor license for painters or specialty wall finishing contractors. Licensing and business registration are regulated at the local municipality and county level (e.g., New York City Department of Consumer and Worker Protection Home Improvement Contractor license for residential painting in NYC, alongside county licensing in Nassau, Suffolk, and Westchester counties).","New York Department of State Division of Licensing Services, 2024, https://dos.ny.gov"
painting,North Carolina,NC,18.38,-19.88,"U.S. Bureau of Labor Statistics, Occupational Employment and Wage Statistics (OEWS) - May 2023 State Occupational Employment and Wage Estimates (North Carolina), 2024, https://www.bls.gov/oes/current/oes_nc.htm","North Carolina does not require or issue a dedicated state-level specialty license for painting contractors for projects under $40,000 (local business licenses and federal EPA Lead RRP rule apply). However, under N.C. Gen. Stat. § 87-1, painting work that is part of a construction/renovation contract valued at $40,000 or more requires a General Contractor license issued by the state. The license limitations/tiers are Limited (projects up to $750,000), Intermediate (projects up to $1,500,000), and Unlimited (no project limit).","North Carolina Licensing Board for General Contractors (NCLBGC), 2024, https://nclbgc.org/classifications-and-limitations"
painting,North Dakota,ND,21.76,-5.14,"U.S. Bureau of Labor Statistics (BLS) Occupational Employment and Wage Statistics (OEWS), May 2023, https://www.bls.gov/oes/current/oes_nd.htm","A state-level contractor license issued by the North Dakota Secretary of State under NDCC Chapter 43-07 is required for any construction, alteration, or painting project exceeding $4,000 in total value. License tiers are based on maximum single project values: Class A (unlimited value), Class B (up to $500,000), Class C (up to $300,000), and Class D (up to $100,000). No separate trade-specific exam is required for painters at the state level.","North Dakota Secretary of State, 2024, https://sos.nd.gov/business/contractors"
painting,Ohio,OH,24.35,6.15,"U.S. Bureau of Labor Statistics (BLS) Occupational Employment and Wage Statistics (OEWS), 2023, https://www.bls.gov/oes/current/oes_oh.htm","No state-level license is required for painting contractors in Ohio. The Ohio Construction Industry Licensing Board (OCILB) under the Ohio Department of Commerce licenses five specific specialty trades only (Electrical, HVAC, Plumbing, Hydronics, and Refrigeration) under Ohio Revised Code Chapter 4740. Painting contractors are regulated and registered at the local city and county level.","Ohio Construction Industry Licensing Board (OCILB), Ohio Department of Commerce, 2024, https://com.ohio.gov/divisions-and-programs/industrial-compliance/about-us/ocilb"
painting,Oklahoma,OK,20.5,-10.64,"U.S. Bureau of Labor Statistics (BLS) Occupational Employment and Wage Statistics (OEWS), May 2023, https://www.bls.gov/oes/current/oes_ok.htm","Oklahoma does not require a state-level contractor license for painting and wall finishing (SOC 47-2141). The Oklahoma Construction Industries Board (CIB) licenses electrical, mechanical, plumbing, roofing, and home inspection trades, but does not license painters or general contractors. Painting contractors must comply with local city/county contractor registrations and permits (e.g., Oklahoma City or Tulsa) and federal EPA Lead-Safe Renovation, Repair, and Painting (RRP) regulations for pre-1978 housing.","Oklahoma Construction Industries Board (CIB), 2024, https://oklahoma.gov/cib.html"
painting,Oregon,OR,23.12,0.78,"U.S. Bureau of Labor Statistics, Occupational Employment and Wage Statistics (OEWS), May 2023 (published April 2024), https://www.bls.gov/oes/current/oes_or.htm","In Oregon, state-level licensing is required for anyone performing construction or painting work for compensation under ORS Chapter 701. Licensing is administered statewide by the Oregon Construction Contractors Board (CCB). Endorsement tiers are categorized into residential (General Contractor, Specialty Contractor, Limited Contractor, Developer) and commercial (General Contractor Level 1 and 2, Specialty Contractor Level 1 and 2, Developer).","Oregon Construction Contractors Board (CCB), 2024, https://www.oregon.gov/ccb/pages/index.aspx"
painting,Pennsylvania,PA,23.55,2.66,"U.S. Bureau of Labor Statistics (BLS) Occupational Employment and Wage Statistics (OEWS), May 2023, https://www.bls.gov/oes/current/oes420000.htm","Pennsylvania does not issue a specific statewide trade license for painters or general contractors. However, under the Home Improvement Consumer Protection Act (HICPA, 73 P.S. § 517.1 et seq.), any contractor performing $5,000 or more in residential home improvement work per calendar year must register as a Home Improvement Contractor (HIC) with the Pennsylvania Office of Attorney General's Bureau of Consumer Protection. Registration is administrative with no trade exam, experience tiers, or state-level master/journeyman designations, though local municipalities (e.g., Philadelphia, Pittsburgh) may impose local licensing or permit rules.","Pennsylvania Office of Attorney General, Home Improvement Contractor Registration (HICPA), 2026, https://www.attorneygeneral.gov/resources/home-improvement-contractor-registration"
painting,Rhode Island,RI,23.11,0.74,"U.S. Bureau of Labor Statistics (BLS) Occupational Employment and Wage Statistics (OEWS), May 2023, https://www.bls.gov/oes/current/oes_ri.htm","State-level contractor registration is required for commercial and residential painting contractors in Rhode Island. Administered by the Rhode Island Contractors' Registration and Licensing Board (CRLB) under R.I. Gen. Laws § 5-65, contractors must obtain General Contractor Registration. First-time residential contractors must complete a state-approved 5-hour pre-registration course (exempt for exclusively commercial operations). No separate trade-specific painting license exam exists.","Rhode Island Contractors' Registration and Licensing Board (CRLB), 2026"
painting,South Carolina,SC,19.84,-13.51,"U.S. Bureau of Labor Statistics (BLS) Occupational Employment and Wage Statistics (OEWS), May 2023, https://www.bls.gov/oes/current/oes_sc.htm","State-level licensing/registration is required in South Carolina depending on project value and property type. For residential painting and wall covering work exceeding $500, contractors must register as a Residential Specialty Contractor with the SC Residential Builders Commission (requires 1 year of experience within the past 5 years; no trade exam required). For commercial painting projects exceeding $10,000, licensing is required through the SC Contractor's Licensing Board under General Contracting with a Painting subclassification, which features 5 license group tiers based on financial limits.","South Carolina Department of Labor, Licensing and Regulation (LLR) - Residential Builders Commission and Contractor's Licensing Board, 2024, https://llr.sc.gov"
painting,South Dakota,SD,22.11,-3.62,"U.S. Bureau of Labor Statistics (BLS) OEWS, May 2023, https://www.bls.gov/oes/current/oes_sd.htm","South Dakota does not require or issue a state-level license for painting contractors (state construction licensing is restricted to electrical and plumbing trades). Painting contractors must register their business entity with the South Dakota Secretary of State and obtain a Contractor's Excise Tax license from the South Dakota Department of Revenue under SDCL § 10-46A. Municipal contractor registrations and local permits may apply at the city level (e.g., Sioux Falls or Rapid City).","South Dakota Department of Revenue / South Dakota Secretary of State, 2024, https://dor.sd.gov/businesses/taxes/contractors-excise-tax"
painting,Tennessee,TN,18.79,-18.09,"U.S. Bureau of Labor Statistics (BLS) Occupational Employment and Wage Statistics (OEWS), May 2023 (released April 2024), https://www.bls.gov/oes/current/oes_tn.htm and https://www.bls.gov/oes/current/oes472141.htm","In Tennessee, state-level licensing depends on contract value and county. For residential painting/remodeling projects valued between $3,000 and $24,999 in designated counties (e.g., Davidson, Knox, Shelby), a Home Improvement Contractor (HIL) License is required. For painting projects valued at $25,000 or more (prime or sub), a full Contractor's License with a commercial, residential, or specialty classification is required statewide. Projects under $3,000 are regulated at the local municipal level.","Tennessee Department of Commerce and Insurance, Board for Licensing Contractors, 2024, https://www.tn.gov/commerce/regboards/contractors.html"
painting,Texas,TX,21.21,-7.54,"U.S. Bureau of Labor Statistics (BLS) Occupational Employment and Wage Statistics (OEWS), May 2023, https://www.bls.gov/oes/current/oes_tx.htm","Texas does not require or issue a state-level contractor license for painting and wall finishing. Licensing, business registration, and permitting are managed at the local municipal/city level (e.g., Dallas, Houston, Austin). Federal EPA Lead-Safe Renovation, Repair, and Painting (RRP) certification is required statewide when working on pre-1978 buildings.","Texas Department of Licensing and Regulation (TDLR), 2024, https://www.tdlr.texas.gov"
painting,Utah,UT,19.62,-14.47,"U.S. Bureau of Labor Statistics, May 2023 State Occupational Employment and Wage Estimates: Utah (SOC 47-2141), https://www.bls.gov/oes/current/oes_ut.htm","In Utah, state-level contractor licensing is administered by the Division of Professional Licensing (DOPL) under the Utah Department of Commerce for construction and specialty trade work valued at $3,000 or more (Utah Code § 58-55). Painting contractors are licensed as specialty contractors under classification S300 (General Painting and Decorating) or S330 (Painting and Coating). Requirements include completing a 25-hour pre-license education course and passing the Utah Business and Law Examination.","Utah Division of Professional Licensing (DOPL), Contractor Licensing, 2024, https://dopl.utah.gov/contractor"
painting,Vermont,VT,23.96,4.45,"U.S. Bureau of Labor Statistics, Occupational Employment and Wage Statistics (OEWS), May 2023 State Occupational Employment and Wage Estimates - Vermont (SOC 47-2141), https://www.bls.gov/oes/2023/may/oes_vt.htm","Vermont does not issue a specific state trade license for painters. However, under Act 160 (3 V.S.A. § 122), contractors performing residential construction or painting projects valued at $10,000 or more (inclusive of labor and materials) must register with the Vermont Office of Professional Regulation (OPR). Registration tiers consist of Individual Registration (for self-employed contractors without employees) and Business Registration (for contractors with employees). In addition, contractors disturbing painted surfaces on pre-1978 structures require a Lead-Safe RRPM license from the Vermont Department of Health.","Vermont Secretary of State, Office of Professional Regulation (OPR), Residential Contractors, 2023, https://sos.vermont.gov/residential-contractors"
painting,Virginia,VA,21.97,-4.23,"U.S. Bureau of Labor Statistics, May 2023 State Occupational Employment and Wage Estimates (OEWS) Virginia, https://www.bls.gov/oes/2023/may/oes_va.htm and National OEWS, https://www.bls.gov/oes/2023/may/oes472141.htm","A state-level license is required in Virginia for painting projects exceeding $1,000 in value, issued by the Virginia Board for Contractors under the Department of Professional and Occupational Regulation (DPOR) for the Painting and Wallcovering Contracting (PTC) specialty. License classes are Class C (single project $1,000-$30,000; up to $250,000 annual aggregate), Class B (single project $10,000-$120,000; $150,000-$750,000 annual aggregate), and Class A (single project $120,000+ or $750,000+ annual aggregate, with no dollar limit).","Virginia Department of Professional and Occupational Regulation (DPOR) Board for Contractors, 2025, https://www.dpor.virginia.gov/Boards/Contractors"
painting,Washington,WA,24.6,7.24,"U.S. Bureau of Labor Statistics, Occupational Employment and Wage Statistics (OEWS), May 2023, https://www.bls.gov/oes/current/oes_wa.htm",Washington requires state-level contractor registration through the Department of Labor & Industries (L&I). Contractors register under two main tiers: General Contractor and Specialty Contractor (painting is one of 63 registered specialty classifications). Specialty contractors are limited to performing work in their designated specialty and cannot hire subcontractors.,"Washington State Department of Labor & Industries (L&I), 2024, https://lni.wa.gov/licensing-permits/contractors/register-as-a-contractor"
painting,West Virginia,WV,20.63,-10.07,"U.S. Bureau of Labor Statistics, May 2023 OEWS State Occupational Employment and Wage Estimates (West Virginia) and National Estimates, 2024, https://www.bls.gov/oes/current/oes_wv.htm","West Virginia mandates a state-level contractor license issued by the West Virginia Contractor Licensing Board (housed within the West Virginia Division of Labor) under W. Va. Code § 21-11 for contracting projects valued at $2,500 or more. Painters fall under a Specialty Contractor classification (Painting / C25). Applicants must pass the West Virginia Business and Law examination; there is no separate trade exam required for painting.","West Virginia Division of Labor - Contractor Licensing Board, 2024"
painting,Wisconsin,WI,23.25,1.35,"U.S. Bureau of Labor Statistics (BLS), May 2023 State Occupational Employment and Wage Estimates Wisconsin & National OEWS (SOC 47-2141), 2024, https://www.bls.gov/oes/current/oes_wi.htm and https://www.bls.gov/oes/current/oes472141.htm","Wisconsin does not require a trade-specific state license solely for painting and wall finishing. However, painting contractors undertaking work on one- or two-family dwellings that requires building permits must hold a state-level Dwelling Contractor Certification (or Dwelling Contractor Restricted Certification) issued by the Wisconsin Department of Safety and Professional Services (DSPS) and employ a certified Dwelling Contractor Qualifier. Other general painting work is regulated at the local city/county level.","Wisconsin Department of Safety and Professional Services (DSPS), Dwelling Contractor Credentials, 2024, https://dsps.wi.gov"
painting,Wyoming,WY,22.86,-0.35,"U.S. Bureau of Labor Statistics, May 2023 OEWS State Occupational Employment and Wage Estimates for Wyoming (https://www.bls.gov/oes/current/oes_wy.htm) and May 2023 National Occupational Employment and Wage Estimates (https://www.bls.gov/oes/current/oes472141.htm)","No state-level license is required for painting contractors in Wyoming. Contractor licensing and registration in Wyoming are decentralized and regulated at the municipal or county level (e.g., Cheyenne, Casper), while electrical contracting is the sole trade licensed at the state level.","Wyoming Department of Fire Prevention & Electrical Safety, 2024, https://wsfm.wyo.gov"
concrete-masonry,Alabama,AL,22.14,-9.19,"U.S. Bureau of Labor Statistics (BLS) Occupational Employment and Wage Statistics (OEWS), May 2023, https://www.bls.gov/oes/current/oes_al.htm","State-level licensing is required in Alabama for commercial concrete and masonry work exceeding $100,000 (or subcontract work over $50,000) under the Alabama State Licensing Board for General Contractors (ASLBGC), which includes major classification categories for Concrete and Masonry. For residential structural construction exceeding $10,000, licensure is governed by the Alabama Home Builders Licensure Board (AHBLB) with Unlimited, Limited, and Roofers license tiers. Municipalities and counties may also enforce local business permits.","Alabama Licensing Board for General Contractors & Alabama Home Builders Licensure Board, Ala. Code § 34-8-1 and § 34-14A-1, 2023, https://genconbd.alabama.gov"
concrete-masonry,Alaska,AK,35.42,45.28,"U.S. Bureau of Labor Statistics (BLS) May 2023 Occupational Employment and Wage Statistics (OEWS), https://www.bls.gov/oes/current/oes_ak.htm","State-level contractor license is required in Alaska through the Department of Commerce, Community, and Economic Development. Licensing tiers include Specialty Contractor (covering up to 3 specific trades including Masonry and Concrete/Paving), General Contractor, Mechanical Contractor, and Handyman Contractor. General contractors performing residential work exceeding 25% of the structure's value must also hold a Residential Contractor Endorsement.","Alaska Department of Commerce, Community, and Economic Development, Division of Corporations, Business and Professional Licensing, Construction Contractors Section (2024), https://www.commerce.alaska.gov/web/cbpl/ProfessionalLicensing/ConstructionContractors.aspx"
concrete-masonry,Arizona,AZ,25.05,2.75,"U.S. Bureau of Labor Statistics (BLS) Occupational Employment and Wage Statistics (OEWS), May 2023, https://www.bls.gov/oes/current/oes_az.htm","State-level licensing is required in Arizona through the Arizona Registrar of Contractors (ROC) for any project with labor and materials exceeding $1,000 or requiring a permit. License classifications for this trade exist at three tiers: Commercial Specialty (e.g., C-09 Concrete, C-31 Masonry), Residential Specialty (e.g., R-09 Concrete, R-31 Masonry), and Dual Specialty (e.g., CR-09, CR-31) covering both commercial and residential work.","Arizona Registrar of Contractors (AZ ROC), 2026, https://roc.az.gov"
concrete-masonry,Arkansas,AR,21.17,-13.17,"U.S. Bureau of Labor Statistics, May 2023 State Occupational Employment and Wage Estimates - Arkansas (https://www.bls.gov/oes/current/oes_ar.htm) and May 2023 National Occupational Employment and Wage Estimates (https://www.bls.gov/oes/current/oes472051.htm)","State-level contractor licensing is enforced by the Arkansas Contractors Licensing Board. A state license is required for commercial projects valued at $50,000 or more (labor and materials included) and for residential projects/remodeling valued at $2,000 or more. License classifications include Commercial Contractor (Unrestricted and Restricted, with specialty classifications including Concrete and Masonry), Residential Builder, Residential Remodeler, Home Improvement, and Subcontractor Registration.","Arkansas Contractors Licensing Board, 2024 (https://www.labor.arkansas.gov/licensing/contractors-licensing-board/)"
concrete-masonry,California,CA,29.89,22.6,"U.S. Bureau of Labor Statistics (BLS) Occupational Employment and Wage Statistics (OEWS), May 2023, https://www.bls.gov/oes/current/oes_ca.htm","A state-level license is required in California for any concrete or masonry project where combined labor and material costs equal or exceed $500. Licensing is governed by the California Contractors State License Board (CSLB). Specialty license tiers for this trade include the Class C-8 Concrete Contractor license (covers forming, pouring, placing, and finishing concrete) and Class C-29 Masonry Contractor license (covers brick, concrete block, stone, and tile unit masonry). General Engineering (Class A) and General Building (Class B) contractors may also perform concrete/masonry as part of broader construction scopes.","California Contractors State License Board (CSLB), 2024, https://www.cslb.ca.gov/About_Us/Library/Licensing_Classifications"
concrete-masonry,Colorado,CO,28.23,15.79,"U.S. Bureau of Labor Statistics, May 2023 OEWS State Occupational Employment and Wage Estimates - Colorado (SOC 47-2051 Cement Masons: CO median $28.23/hr vs US median $24.38/hr; SOC 47-2021 Brickmasons: CO median $29.18/hr vs US median $28.67/hr), 2024, https://www.bls.gov/oes/current/oes_co.htm","Colorado does not issue or mandate a state-level license for concrete, masonry, or general contracting trades. Statewide licensing administered by the Department of Regulatory Agencies (DORA) is restricted to electrical, plumbing, and HVAC trades. Licensing for concrete and masonry contractors is managed entirely at the local municipal and county levels (e.g., City and County of Denver, City of Aurora, Pikes Peak Regional Building Department). License tiers and classifications (such as Class A, B, C general building or specialty trade certifications like Denver's Sidewalk Cement Contractor credential) are set independently by each local jurisdiction.","Colorado Department of Regulatory Agencies (DORA), Division of Professions and Occupations, 2024, https://dora.colorado.gov"
concrete-masonry,Connecticut,CT,28.82,18.21,"U.S. Bureau of Labor Statistics (BLS) May 2023 Occupational Employment and Wage Statistics (OEWS), https://www.bls.gov/oes/current/oes_ct.htm",Connecticut does not issue a trade-specific license for concrete or masonry. State-level regulation by the Department of Consumer Protection (DCP) governs the trade based on project tier: Home Improvement Contractor (HIC) registration is required for residential work exceeding $200; New Home Construction Contractor (NHCC) registration is required for constructing new residential units; and Major Contractor registration is required for large-scale commercial or institutional threshold structures.,"Connecticut Department of Consumer Protection (DCP), 2024, https://portal.ct.gov/dcp"
concrete-masonry,Delaware,DE,24.29,-0.37,"U.S. Bureau of Labor Statistics, May 2023 State Occupational Employment and Wage Estimates: Delaware (SOC 47-2051 Cement Masons and Concrete Finishers), https://www.bls.gov/oes/current/oes_de.htm","Delaware does not issue a statewide general contractor or trade-specific license for concrete and masonry contractors. Instead, state law requires all contractors operating in Delaware to register and hold a Contractor Business License issued by the Delaware Division of Revenue. Tiers distinguish between Resident Contractors ($75 annual fee) and Non-Resident Contractors. State-level trade licenses issued by the Division of Professional Regulation are limited to electrical, plumbing, and HVACR trades. Local contractor licensing and permitting apply at county and city levels (e.g., New Castle County Department of Land Use or City of Wilmington).","Delaware Division of Revenue, Contractor License and Gross Receipts Requirements (2024), https://revenue.delaware.gov"
concrete-masonry,Florida,FL,22.46,-8.51,"U.S. Bureau of Labor Statistics (BLS) State Occupational Employment and Wage Estimates: Florida (SOC 47-2051), May 2023, https://www.bls.gov/oes/current/oes_fl.htm","In Florida, contractor licensing is regulated by the Construction Industry Licensing Board (CILB) within the Department of Business and Professional Regulation (DBPR) under Florida Statutes Chapter 489. Licensure operates under two tiers: Certified Contractors (authorized statewide, including Certified Structural Masonry Specialty Contractor or Certified General/Building Contractor) and Registered Contractors (holding a local county Certificate of Competency registered with the DBPR for local jurisdiction work only).","Florida Department of Business and Professional Regulation (DBPR) Construction Industry Licensing Board, 2024, https://www.myfloridalicense.com/DBPR/construction-industry"
concrete-masonry,Georgia,GA,21.6,-11.4,"U.S. Bureau of Labor Statistics, May 2023 OEWS State Occupational Employment and Wage Estimates - Georgia (released April 3, 2024), https://www.bls.gov/oes/current/oes_ga.htm","In Georgia, specialty trade contractors performing strictly concrete or masonry work within their specialty are exempt from state-level licensing under O.C.G.A. § 43-41-17, though local county or municipal business registrations and permits apply. However, if contracting directly with property owners as a prime contractor on residential construction over $2,500 or general commercial projects, a license from the Georgia State Licensing Board for Residential and General Contractors (under the Secretary of State) is required. Board license tiers include Residential-Basic, Residential-Light Commercial, General Contractor Limited Tier, and General Contractor.","Georgia Secretary of State, State Licensing Board for Residential and General Contractors (2024), O.C.G.A. § 43-41-17, https://sos.ga.gov"
concrete-masonry,Hawaii,HI,38.92,59.64,"U.S. Bureau of Labor Statistics, May 2023 State Occupational Employment and Wage Estimates - Hawaii (2024), https://www.bls.gov/oes/current/oes_hi.htm","State-level licensing is required across Hawaii under Hawaii Revised Statutes (HRS) Chapter 444 and Hawaii Administrative Rules (HAR) Title 16 Chapter 77 for projects exceeding $1,500. Regulated by the Hawaii DCCA Contractors License Board, tiers include General Engineering Contractor (Class A), General Building Contractor (Class B), and Specialty Contractor (Class C), which includes C-31 Masonry Contractor and C-31a Cement Concrete Contractor classifications. Class A and Class B licensees automatically hold C-31a subclassification privileges.","Hawaii Department of Commerce and Consumer Affairs (DCCA), Contractors License Board (2024), https://cca.hawaii.gov/pvl/boards/contractor"
concrete-masonry,Idaho,ID,23,-5.66,"U.S. Bureau of Labor Statistics (BLS) Occupational Employment and Wage Statistics (OEWS), May 2023, https://www.bls.gov/oes/2023/may/oes_id.htm","Idaho does not issue a state-level trade license for concrete or masonry contractors, but requires all contractors performing work costing $2,000 or more (labor and materials) to register with the Idaho Contractors Board under the Division of Occupational and Professional Licenses (DOPL). Public works construction projects require a Public Works Contractor license issued in financial tiers (Class Unlimited, Class AA, Class A, Class B, Class C, Class D). Local municipal permits or registrations may also apply.","Idaho Division of Occupational and Professional Licenses (DOPL) - Idaho Contractors Board, 2024, https://dopl.idaho.gov/con"
concrete-masonry,Illinois,IL,35.59,45.98,"U.S. Bureau of Labor Statistics (BLS) Occupational Employment and Wage Statistics (OEWS), 2023, https://www.bls.gov/oes/current/oes_il.htm","Illinois does not issue or require a statewide contractor license for concrete or masonry trades. Contractor licensing and registration are administered at the county and municipal level (for example, the City of Chicago Department of Buildings requires a local Mason Contractor License requiring a designated supervising mason who passes a written examination).","Illinois Department of Financial and Professional Regulation (IDFPR) / City of Chicago Department of Buildings, 2024, https://idfpr.illinois.gov"
concrete-masonry,Indiana,IN,26.6,9.11,"U.S. Bureau of Labor Statistics, May 2023 OEWS State Occupational Employment and Wage Estimates, https://www.bls.gov/oes/current/oes_in.htm","Indiana does not require or issue a state-level contractor license for concrete or masonry trades. Contractor licensing and permitting are regulated locally at the county and municipal level (e.g., City of Indianapolis / Marion County).","Indiana Professional Licensing Agency, 2024, https://www.in.gov/pla"
concrete-masonry,Iowa,IA,24.14,-0.98,"U.S. Bureau of Labor Statistics (BLS) Occupational Employment and Wage Statistics (OEWS), May 2023 State Occupational Employment and Wage Estimates for Iowa (SOC 47-2051), https://www.bls.gov/oes/current/oes_ia.htm","State-level trade licensing is not required for concrete or masonry contractors in Iowa. However, under Iowa Code Chapter 91C, any contractor earning $2,000 or more per year from construction work must complete state contractor registration with the Iowa Department of Inspections, Appeals, and Licensing (DIAL). Registration is administrative with no trade examination or experience tiers required at the state level, though local municipalities may impose city or county licensing and permit requirements.","Iowa Department of Inspections, Appeals, and Licensing (DIAL), Construction Contractor Registration (Iowa Code Chapter 91C), 2024"
concrete-masonry,Kansas,KS,23.26,-4.59,"U.S. Bureau of Labor Statistics (BLS) OEWS, May 2023, https://www.bls.gov/oes/current/oes_ks.htm","Kansas does not issue or require a statewide contractor license for concrete or masonry trades (SOC 47-2051, 47-2021). Licensing and contractor registration are decentralized and governed strictly at the local city and county levels (e.g., Wichita/Sedgwick County MABCD, Johnson County, Shawnee County, City of Lawrence). Local jurisdictions create their own trade licensing classifications (e.g., Class D Concrete Contractor or Class S Specialty Contractor) which may require passing an ICC trade exam or demonstrating relevant trade experience.","Kansas Attorney General / Sedgwick County MABCD / City of Lawrence, 2024, https://ag.ks.gov"
concrete-masonry,Kentucky,KY,23,-5.66,"U.S. Bureau of Labor Statistics (BLS) May 2023 Occupational Employment and Wage Statistics (OEWS), 2024, https://www.bls.gov/oes/current/oes_ky.htm","Kentucky does not mandate or issue a statewide contractor license for concrete or masonry trades. State-level licensing under the Kentucky Department of Housing, Buildings and Construction is limited to electrical, plumbing, HVAC, and boilers. Concrete and masonry contractors are regulated and licensed at the local municipal or county level (e.g., Louisville Metro Department of Codes and Regulations, Lexington-Fayette Urban County Government, Bowling Green Contractors Licensing Board).","Kentucky Department of Housing, Buildings and Construction (DHBC), 2024, https://hbc.ky.gov"
concrete-masonry,Louisiana,LA,22.7,-6.89,"U.S. Bureau of Labor Statistics (BLS), May 2023 State Occupational Employment and Wage Estimates - Louisiana, https://www.bls.gov/oes/current/oes_la.htm and May 2023 National OEWS, https://www.bls.gov/oes/current/oes472051.htm","State-level contractor licensing is required in Louisiana administered by the Louisiana State Licensing Board for Contractors (LSLBC). Tiers include: Commercial Contractor License (with classifications for Concrete Construction or Masonry Work) for commercial projects valued at $50,000 or more; Residential Building Contractor License for residential projects exceeding $50,000; and Home Improvement Registration for residential projects valued between $7,500 and $50,000. Local parishes and municipalities may require additional local business permits or trade registrations.","Louisiana State Licensing Board for Contractors (LSLBC), 2024"
concrete-masonry,Maine,ME,24.64,1.07,"U.S. Bureau of Labor Statistics, May 2023 OEWS State Occupational Employment and Wage Estimates - Maine (SOC 47-2051), 2024, https://www.bls.gov/oes/current/oes_me.htm","No state-level license is required for concrete or masonry contractors in Maine. The Maine Department of Professional and Financial Regulation's Office of Professional and Occupational Regulation (OPOR) licenses trades such as electricians and plumbers, but general, concrete, and masonry contractors are regulated at the local municipal level via local business licenses and building permits. Written contracts are mandated under state law (Title 10, Section 1487) for home construction projects exceeding $3,000.","Maine Department of Professional and Financial Regulation, Office of Professional and Occupational Regulation, 2024, https://www.maine.gov/pfr/professionallicensing"
concrete-masonry,Maryland,MD,23.3,-4.43,"U.S. Bureau of Labor Statistics (BLS) Occupational Employment and Wage Statistics (OEWS), May 2023, https://www.bls.gov/oes/current/oes_md.htm","At the state level, Maryland does not issue a standalone trade license for concrete or masonry. However, contractors performing residential concrete or masonry home improvement work valued at $500 or more must hold a Home Improvement Contractor (HIC) license issued by the Maryland Home Improvement Commission (MHIC), a division of the Maryland Department of Labor. Maryland eliminated subcontractor licensing in 2016, allowing unlicensed subcontractors to work under an MHIC-licensed contractor. Commercial concrete and masonry construction has no state-level trade license requirement and is managed at the county or city level.","Maryland Home Improvement Commission (MHIC), Maryland Department of Labor, 2026, https://www.dllr.state.md.us/license/mhic"
concrete-masonry,Massachusetts,MA,37.62,54.31,"U.S. Bureau of Labor Statistics (BLS), Occupational Employment and Wage Statistics (OEWS), May 2023, https://www.bls.gov/oes/current/oes_ma.htm","Massachusetts regulates concrete and masonry trades primarily at the state level. For structural concrete or masonry work on 1-4 family residential or commercial buildings under 35,000 cubic feet, contractors must hold a Construction Supervisor License (CSL) issued by the Board of Building Regulations and Standards (BBRS) within the Office of Public Safety and Inspections (OPSI). License tiers for CSL include Unrestricted CSL, Restricted CSL (1-and-2 Family Dwellings), and Specialty CSL (including Masonry CSL). In addition, contractors who perform residential remodeling or structural repairs over $1,000 contracting directly with owner-occupants must hold a Home Improvement Contractor (HIC) Registration issued by the Office of Consumer Affairs and Business Regulation (OCABR).","Massachusetts Board of Building Regulations and Standards (BBRS) / Office of Public Safety and Inspections (OPSI) and Office of Consumer Affairs and Business Regulation (OCABR), 2026, https://www.mass.gov/orgs/office-of-public-safety-and-inspections"
concrete-masonry,Michigan,MI,24.19,-0.78,"U.S. Bureau of Labor Statistics, May 2023 OEWS State Occupational Employment and Wage Estimates (Michigan), https://www.bls.gov/oes/current/oes_mi.htm","State-level licensing is required for residential concrete and masonry work exceeding $600 in value under the Michigan Department of Licensing and Regulatory Affairs (LARA). Tiers include Residential Builder License (for new residential construction, foundation work, and structural concrete/masonry) and Maintenance & Alteration (M&A) Contractor License with trade designations for Concrete or Masonry (for repair and alteration of existing residential structures). Commercial concrete and masonry contracting is not licensed at the state level and is regulated locally through municipal building departments.","Michigan Department of Licensing and Regulatory Affairs (LARA), Bureau of Construction Codes, 2024, https://www.michigan.gov/lara/bureau-list/bcc"
concrete-masonry,Minnesota,MN,31.13,27.69,"U.S. Bureau of Labor Statistics, Occupational Employment and Wage Statistics (OEWS), May 2023 State and National Occupational Employment and Wage Estimates (SOC 47-2051), https://www.bls.gov/oes/current/oes_mn.htm","Minnesota does not issue a specific standalone state trade license for concrete or masonry contractors. However, under Minn. Stat. § 326B.802, contractors contracting directly with residential property owners (1-4 unit dwellings) for projects exceeding $15,000 annually or involving multiple skill trades must hold a Residential Building Contractor or Residential Remodeler license issued by the Minnesota Department of Labor and Industry (DLI). Commercial contractors and subcontractors do not require a residential state license but must register with DLI via the Construction Contractor Registration Program. Local municipalities (e.g., Minneapolis, Saint Paul) may require local trade competency certificates or business trade licenses.","Minnesota Department of Labor and Industry (DLI), Residential Contractor Licensing (2024)"
concrete-masonry,Mississippi,MS,21.2,-13.04,"U.S. Bureau of Labor Statistics (BLS) Occupational Employment and Wage Statistics (OEWS), May 2023, https://www.bls.gov/oes/current/oes_ms.htm","State-level contractor licensing is administered by the Mississippi State Board of Contractors (MSBOC). State licensure tiers include Commercial Contractor licenses (required for commercial construction or subcontracts exceeding $50,000) and Residential Contractor licenses (required for new residential construction over $50,000, or residential remodeling and additions over $10,000). Municipalities may also require local business registration or trade permits.","Mississippi State Board of Contractors (MSBOC), 2024, https://www.msboc.us"
concrete-masonry,Missouri,MO,25.27,3.65,"U.S. Bureau of Labor Statistics (BLS) Occupational Employment and Wage Statistics (OEWS), May 2023, https://www.bls.gov/oes/current/oes_mo.htm","Missouri does not require or issue a state-level contractor license for concrete or masonry work. The Missouri Division of Professional Registration regulates only electrical contractors at the state level; contractor licensing, registration, and tiers for concrete and masonry trades are handled entirely at the local municipal and county level (e.g., St. Louis Building Division, Kansas City Development Services).","Missouri Division of Professional Registration, 2024, https://pr.mo.gov"
concrete-masonry,Montana,MT,24.49,0.45,"U.S. Bureau of Labor Statistics, Occupational Employment and Wage Statistics (OEWS), May 2023, https://www.bls.gov/oes/current/oes_mt.htm","Montana does not require a trade-specific state license for concrete or masonry contractors. However, under Montana Code Annotated Title 39, Chapter 9, construction contractors operating with employees must register with the state under the Construction Contractor Registration (CR) program ($70 fee). Sole proprietors and independent contractors without employees may instead obtain an Independent Contractor Exemption Certificate (ICEC, $125 fee). There are no state-level trade exams or skill tiers for concrete/masonry contractors, though municipal or county jurisdictions may require local permits or business registrations.","Montana Department of Labor and Industry, Construction Contractor Registration Unit, 2024"
concrete-masonry,Nebraska,NE,23.04,-5.5,"U.S. Bureau of Labor Statistics, May 2023 State Occupational Employment and Wage Estimates - Nebraska (SOC 47-2051 Cement Masons and Concrete Finishers), 2024, https://www.bls.gov/oes/current/oes_ne.htm","Nebraska does not require or issue a state-level specialty trade license for concrete or masonry contractors. However, under the Nebraska Contractor Registration Act, all contractors and subcontractors earning $2,000 or more annually from construction work must register with the Nebraska Department of Labor. Registration is an administrative compliance process with no state trade examination or experience verification required. Trade licensing and building contractor classifications/tiers are regulated at the local municipal level (e.g., City of Omaha, City of Lincoln).","Nebraska Department of Labor, Contractor Registration, 2025"
concrete-masonry,Nevada,NV,29.06,19.2,"U.S. Bureau of Labor Statistics (BLS) Occupational Employment and Wage Statistics (OEWS), 2023, https://www.bls.gov/oes/current/oes_nv.htm","In Nevada, concrete and masonry contracting requires a state-level license issued by the Nevada State Contractors Board (NSCB) rather than local municipal licensing. The trade falls under Class C Specialty Contractor classifications, specifically C-5 Concrete Contracting (with sub-classifications such as C-5a Concrete Paving and C-5b Concrete Cutting) and C-18 Masonry Contracting. Licenses are tiered by monetary limits assigned by the board per contractor (ranging from under $10,000 to unlimited) based on financial statements and capital.","Nevada State Contractors Board (NSCB), 2023, https://www.nvcontractorsboard.com"
concrete-masonry,New Hampshire,NH,23.5,-3.61,"U.S. Bureau of Labor Statistics (BLS) OEWS, May 2023, https://www.bls.gov/oes/current/oes_nh.htm","No state-level contractor license is required for concrete or masonry contractors in New Hampshire. The New Hampshire Office of Professional Licensure and Certification (OPLC) regulates specific trades statewide (such as electricians, plumbers, and fuel gas fitters), while concrete and masonry contractors operate under local municipal building permitting and general business registration with the Secretary of State.","New Hampshire Office of Professional Licensure and Certification (OPLC), 2024, https://www.oplc.nh.gov"
concrete-masonry,New Jersey,NJ,34.26,40.53,"New Jersey Department of Labor and Workforce Development, 2023 Occupational Employment and Wage Estimates for New Jersey (2024), U.S. Bureau of Labor Statistics, Occupational Employment and Wage Statistics (May 2023), https://www.bls.gov/oes/current/oes472051.htm","New Jersey does not issue a specific state-level trade license for concrete and masonry contractors. However, contractors performing concrete or masonry work on residential properties must register with the New Jersey Division of Consumer Affairs (NJ DCA) as Home Improvement Contractors (HIC) pursuant to the Contractors' Business Registration Act (N.J.S.A. 56:8-136 et seq.). Contractors performing public works construction must register with the New Jersey Department of Labor and Workforce Development under the Public Works Contractor Registration Act. Commercial construction trades are regulated at the municipal level.","New Jersey Division of Consumer Affairs, Regulated Business Section - Home Improvement Contractor Business Unit (2024)"
concrete-masonry,New Mexico,NM,21.76,-10.75,"U.S. Bureau of Labor Statistics (BLS) Occupational Employment and Wage Statistics (OEWS), May 2023, https://www.bls.gov/oes/current/oes_nm.htm","A state-level license is required across New Mexico, administered by the Regulation and Licensing Department (RLD) Construction Industries Division (CID). Specific trade license classifications include GS-4 (Concrete, cement, walkways and driveways), GA-98 (Asphalt, bitumen, and concrete construction), GB-2 (Residential building), and GB-98 (General commercial building).","New Mexico Regulation and Licensing Department, Construction Industries Division (CID), 2024, https://www.rld.nm.gov/construction-industries"
concrete-masonry,New York,NY,34.7,42.33,"U.S. Bureau of Labor Statistics (BLS) Occupational Employment and Wage Statistics (OEWS), May 2023, https://www.bls.gov/oes/current/oes_ny.htm","New York State does not mandate or issue a statewide contractor license for concrete, masonry, or general construction. Licensing is decentralized and governed at the city and county levels (e.g., New York City, Buffalo, Nassau County, Westchester County). Under New York General Business Law Article 36-A, home improvement contracts exceeding $500 must comply with state contract disclosure laws, but trade licensing at the state level is limited to specific areas such as asbestos abatement, crane operators, and elevator contractors.","New York State Department of State & New York State Senate, 2024, https://dos.ny.gov / https://www.nysenate.gov/legislation/laws/GBS/A36-A"
concrete-masonry,North Carolina,NC,22.19,-8.98,"U.S. Bureau of Labor Statistics (BLS) Occupational Employment and Wage Statistics (OEWS), May 2023, https://www.bls.gov/oes/current/oes_nc.htm and https://www.bls.gov/oes/current/oes472051.htm","In North Carolina, contractor licensing for concrete and masonry work is regulated at the state level by the North Carolina Licensing Board for General Contractors (NCLBGC) under N.C.G.S. § 87-1 for projects exceeding statutory project thresholds ($30,000 / $40,000). The state offers General Contractor classifications (Specialty, Building, Residential, Highway) with three license limitation tiers based on project dollar value: Limited (projects up to $500,000 or $750,000), Intermediate (projects up to $1,000,000 or $1,500,000), and Unlimited (no project price limit).","North Carolina Licensing Board for General Contractors (NCLBGC), 2023, https://nclbgc.org and North Carolina Office of Administrative Hearings (21 NCAC 12A .0204), 2023, https://www.oah.nc.gov"
concrete-masonry,North Dakota,ND,23.55,-3.4,"U.S. Bureau of Labor Statistics (BLS) Occupational Employment and Wage Statistics (OEWS), May 2023, https://www.bls.gov/oes/current/oes_nd.htm","A state-level contractor license issued by the North Dakota Secretary of State is required for any commercial, residential, or public construction, repair, or specialty trade work (including concrete and masonry) where a single contract value exceeds $4,000. Licenses are categorized into four monetary tiers based on single project capacity: Class A (unlimited contract value), Class B (contracts up to $500,000), Class C (contracts up to $300,000), and Class D (contracts up to $100,000). Municipalities may additionally impose local registration requirements.","North Dakota Secretary of State, Contractor Licensing Division, 2024"
concrete-masonry,Ohio,OH,29.19,19.73,"U.S. Bureau of Labor Statistics OEWS, May 2023, https://www.bls.gov/oes/current/oes_oh.htm","No statewide license is required for concrete and masonry contractors in Ohio. Under Ohio Revised Code Chapter 4740, the Ohio Construction Industry Licensing Board (OCILB) regulates only five commercial specialty trades at the state level (electrical, HVAC, hydronics, plumbing, and refrigeration). Concrete and masonry contractors are governed at the local municipal/county level, where individual cities (such as Columbus, Cleveland, or Cincinnati) maintain local license or registration programs.","Ohio Construction Industry Licensing Board, 2024, https://com.ohio.gov/divisions-and-programs/industrial-compliance/boards/ohio-construction-industry-licensing-board"
concrete-masonry,Oklahoma,OK,21.12,-13.37,"U.S. Bureau of Labor Statistics (BLS) Occupational Employment and Wage Statistics (OEWS), May 2023, https://www.bls.gov/oes/current/oes_ok.htm","No state-level contractor license is required for concrete or masonry work in Oklahoma. The Oklahoma Construction Industries Board (CIB) licenses specific specialty trades (electrical, plumbing, HVAC, and roofing), but general contracting and concrete/masonry trades are regulated at the municipal or county level rather than by the state.","Oklahoma Construction Industries Board (CIB), 2025, https://cib.ok.gov"
concrete-masonry,Oregon,OR,28.93,18.66,"U.S. Bureau of Labor Statistics OEWS, May 2023, https://www.bls.gov/oes/current/oes_or.htm and https://www.bls.gov/oes/current/oes472051.htm","State-level contractor license is required through the Oregon Construction Contractors Board (CCB) under ORS Chapter 701 for any entity contracting concrete or masonry work. Individual tradespeople working as employees do not require an individual trade license. CCB registration tiers are categorized into Residential endorsements (General, Specialty, Limited) and Commercial endorsements (Commercial General Level 1 & Level 2, Commercial Specialty Level 1 & Level 2).","Oregon Construction Contractors Board (CCB), 2024, https://www.oregon.gov/ccb"
concrete-masonry,Pennsylvania,PA,25.17,3.24,"U.S. Bureau of Labor Statistics (BLS) Occupational Employment and Wage Statistics (OEWS), May 2023, https://www.bls.gov/oes/current/oes_pa.htm","Pennsylvania does not issue a statewide contractor or trade license for concrete and masonry at the state level; licensing is handled at the local municipal level (e.g., Philadelphia, Pittsburgh). However, under the Home Improvement Consumer Protection Act (HICPA), contractors performing residential home improvement work totaling $5,000 or more per year must register with the Pennsylvania Office of Attorney General.","Pennsylvania Office of Attorney General, Home Improvement Consumer Protection Act (73 P.S. § 517.1 et seq.), 2024"
concrete-masonry,Rhode Island,RI,36.5,49.71,"U.S. Bureau of Labor Statistics (BLS) Occupational Employment and Wage Statistics (OEWS), May 2023, https://www.bls.gov/oes/current/oes_ri.htm",State-level contractor registration is required for masonry and concrete work through the Rhode Island Contractors' Registration and Licensing Board (CRLB) pursuant to R.I. Gen. Laws § 5-65. Rhode Island does not issue a standalone trade license specifically for masonry or concrete work; contractors perform work under the state General Contractor Registration. Tiers include Contractor Registration for residential/commercial construction and specialized licenses for Underground Utility. Registration requires completing a 5-hour pre-registration course on contractor law for residential work.,"Rhode Island Contractors' Registration and Licensing Board (CRLB), 2026"
concrete-masonry,South Carolina,SC,22.09,-9.39,"U.S. Bureau of Labor Statistics (BLS) Occupational Employment and Wage Statistics (OEWS), May 2023, https://www.bls.gov/oes/current/oes_sc.htm and https://www.bls.gov/oes/current/oes472051.htm","In South Carolina, contractor licensing for concrete and masonry is governed at the state level by two bodies under the South Carolina Department of Labor, Licensing and Regulation (LLR). For commercial and industrial projects valued over $10,000, licensing is required through the Contractor's Licensing Board (CLB) under General Contracting (with Group 1 through Group 5 limitations). For residential work, the Residential Builders Commission (RBC) requires registration or licensing for Residential Specialty Contractors (including Masonry) on undertakings over $500/$5,000.","South Carolina Department of Labor, Licensing and Regulation (LLR) - Contractor's Licensing Board & Residential Builders Commission, 2024, https://llr.sc.gov/clb/ and https://llr.sc.gov/res"
concrete-masonry,South Dakota,SD,19.5,-20.02,"U.S. Bureau of Labor Statistics (BLS) Occupational Employment and Wage Statistics (OEWS), May 2023, https://www.bls.gov/oes/current/oes_sd.htm","South Dakota does not require or offer a state-level trade license for concrete or masonry contractors. Trade licensing at the state level is restricted to electrical and plumbing occupations administered by the South Dakota Department of Labor and Regulation. General construction, concrete, and masonry contractors are regulated at the municipal level (e.g., Sioux Falls, Rapid City, Watertown). All construction contractors operating in the state must hold a South Dakota Contractor's Excise Tax License issued by the Department of Revenue.","South Dakota Department of Revenue, 2024, https://dor.sd.gov/businesses/taxes/contractors-excise-tax"
concrete-masonry,Tennessee,TN,22.09,-9.39,"U.S. Bureau of Labor Statistics (BLS) Occupational Employment and Wage Statistics (OEWS), May 2023 State Occupational Employment and Wage Estimates for Tennessee (https://www.bls.gov/oes/current/oes_tn.htm) and May 2023 National Estimates (https://www.bls.gov/oes/current/oes_nat.htm)","In Tennessee, a state-level contractor license issued by the Board for Licensing Contractors (Department of Commerce and Insurance) is required at the state level for prime masonry or concrete projects valued at $25,000 or more, and for masonry subcontracts of $100,000 or more. Key classifications include BC-9 (Masonry projects under $100,000), Licensed Masonry Contractor (LMC, required for masonry over $100,000 with a trade exam), BC-5 (Foundations), BC-11 (Painting/Finishing/Concrete subcategories), and general building construction categories (BC, BC-B, BC-A). Licensees are assigned a monetary limit equal to 10 times the lesser of working capital or net worth.","Tennessee Board for Licensing Contractors, Classification Outline with Trade Exam Requirements, 2023 (https://www.tn.gov/content/dam/tn/commerce/documents/regboards/contractors/posts/ClassificationOutlineWeb.pdf)"
concrete-masonry,Texas,TX,21.62,-11.32,"U.S. Bureau of Labor Statistics (BLS) May 2023 OEWS State Occupational Employment and Wage Estimates - Texas (released April 2024), https://www.bls.gov/oes/current/oes_tx.htm","Texas does not require a state-level contractor license for concrete or masonry trades. State-level licensing in Texas is restricted to trades such as electrical, plumbing, and HVAC under the Texas Department of Licensing and Regulation (TDLR) and TSBPE. General contractors and specialty concrete or masonry contractors are instead regulated, registered, and permitted at the municipal/city level (e.g., Austin, Dallas, Houston, San Antonio).","Texas Department of Licensing and Regulation (TDLR), 2024, https://www.tdlr.texas.gov"
concrete-masonry,Utah,UT,25.33,3.9,"U.S. Bureau of Labor Statistics (BLS), May 2023 OEWS State Occupational Employment and Wage Estimates - Utah (released April 2024), https://www.bls.gov/oes/current/oes_ut.htm; National OEWS May 2023, https://www.bls.gov/oes/current/oes472051.htm","In Utah, a state-level contractor license is required for concrete and masonry work exceeding $3,000 under the Utah Construction Trades Licensing Act, enforced by the Division of Professional Licensing (DOPL). License classifications include S260 (Asphalt & Concrete Contractor) and S230 (Masonry Contractor), in addition to general contractor tiers like B100 or R100. Requirements include a 25-hour pre-licensure course, passing the Utah Business and Law exam, and 2 years (4,000 hours) of construction experience.","Utah Division of Professional Licensing (DOPL), 2024 Contractor Licensing Guidelines, https://dopl.utah.gov"
concrete-masonry,Vermont,VT,23.9,-1.97,"U.S. Bureau of Labor Statistics (BLS) OEWS, May 2023, https://www.bls.gov/oes/current/oes_vt.htm and https://www.bls.gov/oes/current/oes_nat.htm","Vermont does not issue a state-level specialty trade license for concrete or masonry contractors. However, under 26 V.S.A. Chapter 106, residential contractors who enter into contracts valued at $10,000 or more (inclusive of labor and materials) must register with the Vermont Secretary of State Office of Professional Regulation (OPR). Registration is administrative with no competency exam tiers, though municipal building permits are enforced locally.","Vermont Secretary of State Office of Professional Regulation (OPR), 2023"
concrete-masonry,Virginia,VA,23.4,-4.02,"U.S. Bureau of Labor Statistics, Occupational Employment and Wage Statistics (OEWS), May 2023, https://www.bls.gov/oes/current/oes_va.htm and https://www.bls.gov/oes/current/oes472051.htm","In Virginia, concrete and masonry contractors are licensed at the state level by the Board for Contractors under the Department of Professional and Occupational Regulation (DPOR). A state contractor license is required for any project exceeding $1,000. Licenses are issued to business entities across three tiers based on contract size and annual revenue volume: Class C (projects between $1,000 and $10,000; up to $150,000/year), Class B (projects between $10,000 and $120,000; up to $750,000/year), and Class A (unlimited project and annual contract value). Masonry contractors carry the BRK (Brick, Block, and Stone) specialty classification.","Virginia Department of Professional and Occupational Regulation (DPOR) Board for Contractors, 2026, https://www.dpor.virginia.gov/Boards/Contractors"
concrete-masonry,Washington,WA,29.94,22.81,"U.S. Bureau of Labor Statistics (BLS) Occupational Employment and Wage Statistics (OEWS), May 2023, https://www.bls.gov/oes/current/oes_wa.htm",State-level contractor registration is required in Washington through the Department of Labor & Industries (L&I) under Chapter 18.27 RCW. Contractors register at the state level as either General Contractors (can perform multiple trades and hire subcontractors) or Specialty Contractors (restricted to specific specialties such as concrete or masonry).,"Washington State Department of Labor & Industries (L&I), 2024, https://lni.wa.gov/licensing-permits/contractors/register-as-a-contractor"
concrete-masonry,West Virginia,WV,21.01,-13.82,"U.S. Bureau of Labor Statistics (BLS), May 2023 OEWS State Occupational Employment and Wage Estimates (West Virginia), https://www.bls.gov/oes/current/oes_wv.htm","In West Virginia, a state-level contractor license issued by the West Virginia Contractor Licensing Board (within the Division of Labor) is required under W. Va. Code § 21-11 for construction, masonry, or concrete work exceeding $2,500 on residential projects or $5,000 on commercial projects. License classifications include Specialty Contractor (such as Masonry or Concrete), General Building (Class B), Residential Contractor (Class B-2), Multi-Family (Class B-3), and General Engineering (Class A). Subcontractors on qualifying projects must also hold state licenses.","West Virginia Division of Labor - Contractor Licensing Board, 2024"
concrete-masonry,Wisconsin,WI,28.92,18.62,"U.S. Bureau of Labor Statistics (BLS) Occupational Employment and Wage Statistics (OEWS), May 2023, https://www.bls.gov/oes/current/oes_wi.htm","Wisconsin does not issue a specific trade license for concrete or masonry contractors at the state level. However, to pull building permits for residential work on one- and two-family dwellings, contractors must hold a state Dwelling Contractor certification for the business and employ/hold an individual Dwelling Contractor Qualifier credential. Credential tiers include Dwelling Contractor (standard business certification), Dwelling Contractor Restricted (limited business certification for individual projects under $25,000), and Dwelling Contractor Qualifier (individual credential requiring 12 hours of initial training). Commercial work is regulated via state commercial contractor registration and local municipal building/trade permits.","Wisconsin Department of Safety and Professional Services (DSPS), 2024, https://dsps.wi.gov/Pages/Professions/DwellingContractor/Default.aspx"
concrete-masonry,Wyoming,WY,23.88,-2.05,"U.S. Bureau of Labor Statistics (BLS) Occupational Employment and Wage Statistics (OEWS), May 2023, https://www.bls.gov/oes/current/oes_wy.htm","Wyoming does not require or issue a state-level contractor license for concrete or masonry trades. Contractor licensing and regulatory oversight are handled entirely at the local municipal and county level (such as in Cheyenne, Casper, Gillette, and Jackson).","Wyoming Department of Workforce Services, 2024, https://dws.wyo.gov"
fire-life-safety,Alabama,AL,22.62,-17.89,"U.S. Bureau of Labor Statistics, May 2023 State Occupational Employment and Wage Estimates (Alabama and National), https://www.bls.gov/oes/2023/may/oes_al.htm","State-level licensing is required in Alabama. The Alabama Board of Heating, Air Conditioning, and Refrigeration Contractors (AL HACR) licenses HVAC Contractors and Refrigeration Contractors (Active or Inactive tiers). In addition, fire protection sprinkler systems contractors require state-level permits issued by the Alabama State Fire Marshal's Office under Ala. Code § 34-33 (Fire Protection Sprinkler Contractor I for commercial/general and Contractor II for residential).","Alabama Board of Heating, Air Conditioning, and Refrigeration Contractors / Alabama State Fire Marshal's Office, 2024, https://www.firemarshal.alabama.gov/PDF/FireSprinklerLaw.pdf"
fire-life-safety,Alaska,AK,36.24,31.54,"U.S. Bureau of Labor Statistics (BLS) Occupational Employment and Wage Statistics (OEWS), May 2023 (https://www.bls.gov/oes/current/oes_ak.htm and https://www.bls.gov/oes/current/oes499021.htm)","State-level license required. Alaska regulates contractors statewide through the Department of Commerce, Community, and Economic Development (DCCED) Division of Corporations, Business and Professional Licensing (DCBPL) and the Department of Labor and Workforce Development (DOLWD). Specialty and Mechanical Contractor registrations are required at the business level. Fire alarm/low-voltage work requires a Specialty Electrical Administrator (or Unlimited/Controls) license and journey-level Certificate of Fitness; mechanical/HVAC/fire suppression requires a Mechanical Contractor registration and Mechanical Administrator supervision.","Alaska Department of Commerce, Community, and Economic Development (DCCED) Division of Corporations, Business and Professional Licensing (DCBPL), 2024 (https://www.commerce.alaska.gov/web/cbpl/ProfessionalLicensing/ConstructionContractors.aspx and https://www.commerce.alaska.gov/web/cbpl/ProfessionalLicensing/ElectricalAdministrators.aspx)"
fire-life-safety,Arizona,AZ,23.86,-13.39,"U.S. Bureau of Labor Statistics, Occupational Employment and Wage Statistics (OEWS), May 2023, https://www.bls.gov/oes/current/oes_az.htm","A state-level contractor license issued by the Arizona Registrar of Contractors (ROC) is required for any project exceeding $1,000 in labor and materials or requiring a permit. Trade-specific classifications include C-16 Fire Protection Systems (Commercial Specialty), R-16 Fire Protection Systems (Residential Specialty), and CR-16 Fire Protection Systems (Dual Commercial and Residential Specialty).","Arizona Registrar of Contractors, 2026, https://roc.az.gov"
fire-life-safety,Arkansas,AR,22.9,-16.88,"U.S. Bureau of Labor Statistics, May 2023 OEWS, https://www.bls.gov/oes/2023/may/oes_ar.htm and https://www.bls.gov/oes/2023/may/oes_nat.htm","State-level license required. The Arkansas Department of Labor and Licensing (HVACR Licensing Board) issues HVACR contractor licenses across multiple tiers: Class A (unlimited capacity), Class B (limited to 15 tons cooling capacity), Class C (servicing and repair only), Class D (sheet metal ductwork), Class E (refrigeration), and Class L (lifetime service). Commercial contractors performing projects valued at $50,000 or more also require a Commercial Contractor License from the Arkansas Contractors Licensing Board.","Arkansas Department of Labor and Licensing - HVACR Licensing Board, 2025, https://www.labor.arkansas.gov/licensing/hvacr-licensing-board"
fire-life-safety,California,CA,29.92,8.6,"U.S. Bureau of Labor Statistics (BLS) OEWS, 2023, https://www.bls.gov/oes/current/oes_ca.htm","State-level licensing is required in California for any HVAC/mechanical work where labor and materials combined equal or exceed $500. Contracting licenses are issued at the state level by the Contractors State License Board (CSLB), preempting city/county trade licensing (though local permits and business taxes apply). Licensing tiers/classifications include Class C Specialty licenses such as C-20 (Warm-Air Heating, Ventilating and Air-Conditioning), C-16 (Fire Protection), C-10 (Electrical), as well as Class A (General Engineering) and Class B (General Building).","California Contractors State License Board (CSLB), 2024, https://www.cslb.ca.gov"
fire-life-safety,Colorado,CO,29.48,7.01,"U.S. Bureau of Labor Statistics (BLS) May 2023 State Occupational Employment and Wage Estimates - Colorado (SOC 49-9021), 2024, https://www.bls.gov/oes/current/oes_co.htm","State-level contractor registration is required in Colorado through the Division of Fire Prevention and Control (DFPC) under 8 CCR 1507-11 for individuals or companies designing, testing, inspecting, or installing fire suppression systems, alongside local AHJ permits. Registration tiers include: Fire Suppression System Contractor (Commercial, Civil & Residential), Residential Fire Suppression System Contractor, Fire Suppression System Contractor - Underground, Fire Suppression System Contractor - Backflow, and Fire Suppression System Contractor - Premanufactured.","Colorado Division of Fire Prevention and Control (DFPC), Fire Suppression Program Rules (8 CCR 1507-11), 2024"
fire-life-safety,Connecticut,CT,31.15,13.07,"U.S. Bureau of Labor Statistics Occupational Employment and Wage Statistics (OEWS), 2023, https://www.bls.gov/oes/current/oes_ct.htm","State-level trade licensing is required in Connecticut and administered by the Department of Consumer Protection (DCP). License tiers include Unlimited Contractor (F-1), Unlimited Journeyperson (F-2), Limited Contractor (F-3), Limited Journeyperson (F-4), and Multipurpose Residential Sprinkler (F-5/F-6). Local municipal licenses are not required, though permits are pulled locally.","Connecticut Department of Consumer Protection, 2024"
fire-life-safety,Delaware,DE,29.11,5.66,"U.S. Bureau of Labor Statistics, May 2023 State Occupational Employment and Wage Estimates - Delaware, 2024, https://www.bls.gov/oes/current/oes_de.htm","State-level licensing is required across Delaware and administered by the Office of the State Fire Marshal. The state regulates fire protection companies and technicians under distinct license categories: Fire Alarm Systems & Central Station Monitoring, Fire Suppression Systems (Sprinklers, Standpipes, Special Hazards, Commercial Cooking Hoods), Fire Extinguishers, and In-House Systems. Contractors must appoint a qualified Certificate Holder in responsible charge (requiring NICET certification and passing state fire prevention exams) and hold a Delaware Business License.","Delaware Office of the State Fire Marshal, Licensed Public Fire Protection Companies & Testing Applications, 2024"
fire-life-safety,Florida,FL,23.66,-14.12,"U.S. Bureau of Labor Statistics (BLS) Occupational Employment and Wage Statistics (OEWS), May 2023, https://www.bls.gov/oes/current/oes_fl.htm","State-level licensing is required in Florida. The trade is regulated statewide by the Florida Department of Financial Services, Division of State Fire Marshal (Bureau of Fire Prevention) under Chapter 633 of the Florida Statutes. State certification tiers include Contractor I (all fire protection systems, including water-based and chemical), Contractor II (water-based fire protection systems), Contractor III (chemical fire suppression systems), Contractor IV (residential fire sprinkler systems per NFPA 13D), and Contractor V (underground water supply piping for fire protection). Low-voltage fire alarm contractors are certified separately at the state level by the DBPR Electrical Contractors' Licensing Board (Class EG / EF).","Florida Department of Financial Services, Division of State Fire Marshal / Florida Statutes Chapter 633 (2023), https://www.flsenate.gov/Laws/Statutes/2023/Chapter633"
fire-life-safety,Georgia,GA,25.2,-8.53,"U.S. Bureau of Labor Statistics (BLS) State Occupational Employment and Wage Statistics (OEWS), May 2023, https://www.bls.gov/oes/current/oes_ga.htm","State-level license is required statewide in Georgia, administered by the State Construction Industry Licensing Board, Division of Conditioned Air Contractors under the Georgia Secretary of State. Tiers include Class I (Restricted: limited to equipment not exceeding 175,000 BTU heating and 60,000 BTU / 5 tons cooling) and Class II (Unrestricted: no capacity limitations).","Georgia Secretary of State - State Construction Industry Licensing Board, Division of Conditioned Air Contractors, 2024, https://sos.ga.gov"
fire-life-safety,Hawaii,HI,32.53,18.08,"U.S. Bureau of Labor Statistics (BLS) OEWS, 2023, https://www.bls.gov/oes/current/oes_hi.htm","A state-level contractor license is required in Hawaii for construction or installation work exceeding $1,000 or requiring a building permit, administered statewide by the Hawaii Department of Commerce and Consumer Affairs (DCCA) Contractors License Board. License classifications include General Engineering (Class A), General Building (Class B), and Specialty Contractor (Class C), which includes classifications such as C-20 Fire Protection Contractor, C-20a Fire Repressant Systems Contractor, C-15 Electronic Systems Contractor, C-15a Fire and Burglar Alarm Contractor, C-13 Electrical Contractor, and C-52 Ventilating and Air Conditioning Contractor. Key requirements include 4 years of supervisory experience in the past 10 years and passing trade and business/law examinations.","Hawaii Department of Commerce and Consumer Affairs (DCCA) Contractors License Board, 2024, https://cca.hawaii.gov/pvl/boards/contractor"
fire-life-safety,Idaho,ID,22.84,-17.1,"U.S. Bureau of Labor Statistics (BLS) OEWS, May 2023, https://www.bls.gov/oes/current/oes_id.htm","State-level licensing is required in Idaho. Fire protection sprinkler contractors are licensed at the state level by the Idaho Department of Insurance, State Fire Marshal (licensing tiers include Fire Protection Sprinkler Contractor License and Branch Office License, requiring NICET Level III certification or verified installation/supervision of at least 4 systems of 200+ heads). HVAC contractors and technicians (SOC 49-9021) are licensed at the state level by the Idaho Division of Occupational and Professional Licenses (DOPL) with tiers for Apprentice, Journeyman, Specialty Journeyman, and Contractor.","Idaho Department of Insurance - State Fire Marshal / Idaho Division of Occupational and Professional Licenses (DOPL), 2024, https://doi.idaho.gov"
fire-life-safety,Illinois,IL,31.21,13.28,"U.S. Bureau of Labor Statistics, May 2023 State Occupational Employment and Wage Estimates - Illinois, 2024, https://www.bls.gov/oes/current/oes_il.htm","Illinois does not mandate a statewide HVAC contractor license, leaving general HVAC regulation to local municipalities (e.g., City of Chicago). However, for fire and life safety systems, the Office of the Illinois State Fire Marshal (OSFM) requires statewide licensing for Fire Equipment Distributors (Class A: Fire Extinguishers, Class B: Pre-engineered Systems, Class C: Engineered Systems) and Fire Sprinkler Contractors.","Office of the Illinois State Fire Marshal, Fire Equipment Distributor & Employee Licensing, 2023"
fire-life-safety,Indiana,IN,28.54,3.59,"U.S. Bureau of Labor Statistics (BLS) OEWS, 2023, https://www.bls.gov/oes/current/oes_in.htm","Indiana does not issue or require a statewide license for HVAC/R or Fire & Life Safety contractors; contractor licensing authority is delegated to local cities and counties (e.g., Indianapolis / Marion County Department of Business and Neighborhood Services). Plumbing is the only trade licensed at the state level via the Indiana Plumbing Commission under IPLA. However, the Indiana Department of Homeland Security (IDHS) State Fire Marshal Division performs centralized plan reviews for fire protection systems statewide and certifies non-water fire suppression technicians.","Indiana Department of Homeland Security (IDHS) / Indiana Professional Licensing Agency (IPLA), 2026"
fire-life-safety,Iowa,IA,27.85,1.09,"U.S. Bureau of Labor Statistics OEWS, 2023, https://www.bls.gov/oes/current/oes_ia.htm","Statewide licensing is required in Iowa under Iowa Code Chapters 100C and 100D, administered by the Iowa Department of Inspections, Appeals, and Licensing (DIAL) Licensing Division. Licensing tiers exist at both the entity and worker levels, including Fire Extinguishing System Contractor / Alarm System Contractor and Fire Protection System Installer and Maintenance Worker (Technician, Apprentice, and Trainee), with endorsements for Automatic Sprinkler System Installation, Special Hazards Systems, Preengineered Systems, and Maintenance Inspection.","Iowa Department of Inspections, Appeals, and Licensing, 2024, https://dial.iowa.gov"
fire-life-safety,Kansas,KS,24.87,-9.73,"U.S. Bureau of Labor Statistics, May 2023 State Occupational Employment and Wage Estimates: Kansas (SOC 49-9021), 2024, https://www.bls.gov/oes/current/oes_ks.htm","Kansas does not issue a statewide contractor license for trade contractors. Instead, contractor licensing is administered at the local municipal and county level (e.g., Wichita/Sedgwick County MABCD, Johnson County, City of Topeka). Local jurisdictions issue trade credentials across tiers such as Master, Journeyman, and Apprentice. The Kansas State Fire Marshal requires fire alarm and sprinkler companies operating in the state to register with its office under K.S.A. Chapter 31, but does not issue a state trade license.","Office of the Kansas State Fire Marshal, 2024, https://firemarshal.ks.gov/153/Fire-Alarm-Sprinkler-Companies"
fire-life-safety,Kentucky,KY,24.3,-11.8,"U.S. Bureau of Labor Statistics (BLS) Occupational Employment and Wage Statistics (OEWS), May 2023, https://www.bls.gov/oes/current/oes_ky.htm","Kentucky requires state-level trade licensing for specialty trades including HVAC mechanics/contractors (Journeyman and Master HVAC) and Fire Protection Sprinkler/Suppression contractors, governed by the Kentucky Department of Housing, Buildings and Construction (DHBC). While general contractor licensing is handled locally at the city/county level, DHBC trade licenses are mandatory statewide.","Kentucky Department of Housing, Buildings and Construction (DHBC), 2024, https://dhbc.ky.gov"
fire-life-safety,Louisiana,LA,25.8,-6.35,"U.S. Bureau of Labor Statistics OEWS, 2023, https://www.bls.gov/oes/current/oes_la.htm","State-level licensing is required in Louisiana. Fire & Life Safety work is regulated at the state level by the Louisiana Office of State Fire Marshal (OSFM) under R.S. 40:1664 (Life Safety and Property Protection Licensing), requiring firm and individual licenses across specific trade endorsements (e.g., Fire Sprinkler, Fire Alarm, Portable Fire Extinguisher, Life Safety). Commercial contracting work also falls under the Louisiana State Licensing Board for Contractors (LSLBC).","Louisiana Office of State Fire Marshal, 2024, https://lasfm.org"
fire-life-safety,Maine,ME,27.48,-0.25,BLS State OEWS / Maine Department of Labor Center for Workforce Research and Information (2023),"State-level licensing is required in Maine through the Maine Office of State Fire Marshal (Department of Public Safety). Endorsement tiers include Fire Sprinkler Contractor (installation), Responsible Managing Supervisor (RMS - design and sign-off), and Fire Sprinkler Inspector (inspection, testing, and maintenance).",Maine Office of State Fire Marshal (2024)
fire-life-safety,Maryland,MD,30.09,9.22,"U.S. Bureau of Labor Statistics (BLS) OEWS, May 2023, https://www.bls.gov/oes/current/oes_md.htm","State-level licensing is required in Maryland. Fire sprinkler contractors must obtain a license from the Office of the State Fire Marshal (OSFM). License tiers include Class I (inspection, testing, and maintenance of residential and commercial systems), Class IIa (installation, repair, and modification of residential systems), Class IIb (layout of residential systems), Class IIc (installation, repair, modification, and layout of residential systems), Class IId (installation, repair, and modification of NFPA 13D residential systems), Class IIIa (installation, repair, and modification of commercial and residential systems), Class IIIb (layout of commercial and residential systems), and Class IIIc (installation, repair, modification, and layout of commercial and residential systems).","Maryland Office of the State Fire Marshal (OSFM), 2023"
fire-life-safety,Massachusetts,MA,35.43,28.6,"U.S. Bureau of Labor Statistics, May 2023 State Occupational Employment and Wage Estimates (SOC 49-9021), https://www.bls.gov/oes/current/oes_ma.htm","State-level licensing is required in Massachusetts. The trade is regulated at the state level by the Division of Occupational Licensure (Office of Public Safety and Inspections - Bureau of Pipefitters, Refrigeration Technicians, and Sprinkler Fitters). Licensing tiers include Fire Protection Sprinkler System Contractor, Journeyman Sprinkler Fitter, and Apprentice Sprinkler Fitter.","Massachusetts Division of Occupational Licensure - Office of Public Safety and Inspections, 2024"
fire-life-safety,Michigan,MI,24.55,-10.89,"U.S. Bureau of Labor Statistics, Occupational Employment and Wage Statistics (OEWS), May 2023, https://www.bls.gov/oes/2023/may/oes_mi.htm","State-level licensing is required in Michigan for fire alarm contractors and technicians, as well as mechanical and electrical contractors, administered by the Department of Licensing and Regulatory Affairs (LARA) Bureau of Construction Codes under the Skilled Trades Regulation Act (MCL 339.5701 et seq.). Licensing tiers include Fire Alarm Specialty Apprentice Technician, Fire Alarm Specialty Technician, and Fire Alarm Contractor.","Michigan Department of Licensing and Regulatory Affairs (LARA), Bureau of Construction Codes, 2024, https://www.michigan.gov/lara"
fire-life-safety,Minnesota,MN,31.64,14.85,"U.S. Bureau of Labor Statistics OEWS, May 2023, State: https://www.bls.gov/oes/current/oes_mn.htm National: https://www.bls.gov/oes/current/oes_nat.htm","State-level licensing is required in Minnesota. For low-voltage and fire alarm systems, the Department of Labor and Industry (DLI) requires a Technology Systems Contractor (TSC) business license with a designated Responsible Licensed Power Limited Technician (PLT) or an Electrical Contractor license with a Master Electrician (Minn. Stat. § 326B). For fire protection/sprinkler systems, the State Fire Marshal Division (SFMD) requires a Fire Protection Contractor license with a certified Managing Employee (ME) or certified Journeyman Sprinkler Fitter (Minn. Stat. Ch. 299M).","Minnesota Department of Labor and Industry (2024) and Minnesota Department of Public Safety State Fire Marshal Division (2024, https://dps.mn.gov/divisions/sfm)"
fire-life-safety,Mississippi,MS,22.09,-19.82,"U.S. Bureau of Labor Statistics, May 2023 State Occupational Employment and Wage Estimates: Mississippi (released April 2024), https://www.bls.gov/oes/current/oes_ms.htm","State-level licensing is required in Mississippi. The Mississippi State Board of Contractors (MSBOC) requires a commercial contractor license for fire sprinkler system construction, repair, or maintenance on public projects over $5,000 and private projects over $10,000, as well as general commercial work over $50,000. Additionally, the Mississippi State Fire Marshal's Office (Electronic Protection Advisory Licensing Board) requires state-level licensing for alarm contracting, issuing Class A licenses for operating company locations and Class B individual licenses for qualified technicians.","Mississippi State Board of Contractors, 2024, https://www.msboc.us; Mississippi State Fire Marshal's Office / Justia Mississippi Code, 2020, https://law.justia.com/codes/mississippi/2020/title-73/chapter-69/section-73-69-7"
fire-life-safety,Missouri,MO,27.82,0.98,"U.S. Bureau of Labor Statistics (BLS), May 2023 State Occupational Employment and Wage Estimates - Missouri, https://www.bls.gov/oes/current/oes_mo.htm","Missouri does not require or issue a statewide contractor license for HVAC, mechanical, or fire protection trades (SOC 49-9021). Licensing and trade qualifications are regulated locally at the municipal and county levels (e.g., Kansas City, St. Louis County, Springfield).","Missouri Division of Professional Registration (DPR), 2024, https://pr.mo.gov"
fire-life-safety,Montana,MT,24.95,-9.44,"U.S. Bureau of Labor Statistics (BLS) Occupational Employment and Wage Statistics (OEWS), May 2023, https://www.bls.gov/oes/2023/may/oes_mt.htm","State-level licensing is required through the Montana Department of Labor and Industry (DLI) Fire Protection License Program. Contracting entities must hold a Fire Protection Business Entity License and employ at least one endorsement holder in specific trade tiers (e.g., Fire Alarm Systems, Special Agent Fire Suppression Systems, Fire Extinguisher Systems).","Montana Department of Labor and Industry (DLI) Business Standards Division, Fire Protection License Program, 2023"
fire-life-safety,Nebraska,NE,26.57,-3.56,"U.S. Bureau of Labor Statistics (BLS) Occupational Employment and Wage Statistics (OEWS), 2023, https://www.bls.gov/oes/current/oes_ne.htm","State-level licensing is required in Nebraska for Fire & Life Safety trade components. The Nebraska State Electrical Division licenses Fire Alarm Installers for low-voltage system installation (50 volts or less) under Neb. Rev. Stat. § 81-2112.02. The Nebraska State Fire Marshal licenses Fire Alarm Inspectors (Title 153 NAC Ch. 6) and certifies Water-Based Fire Protection / Sprinkler Contractors and Fitters (Title 153 NAC Ch. 2). Additionally, all contractors must register statewide with the Nebraska Department of Labor, and local municipalities (e.g., Omaha, Lincoln) maintain local permitting authority.","Nebraska State Electrical Division & Nebraska State Fire Marshal, 2024, https://electrical.nebraska.gov"
fire-life-safety,Nevada,NV,28.19,2.32,"BLS OEWS, 2023, https://www.bls.gov/oes/2023/may/oes_nv.htm","A state-level contractor license is required in Nevada, administered by the Nevada State Contractors Board (NSCB) under NRS Chapter 624. Relevant specialty classifications include C-41 (Fire Protection Contracting, including subclassifications C-41a Automatic Sprinklers, C-41b Fixed Fire Extinguishing Systems, C-41c Fire Alarms, C-41d Private Fire Hydrants) and C-21 (Refrigeration and Air Conditioning). NSCB does not use fixed license tiers, but instead assigns an individualized monetary limit on each license based on applicant financial statements, experience, and working capital (ranging from under $25,000 to unlimited).","Nevada State Contractors Board, 2024, https://www.nvcontractorsboard.com"
fire-life-safety,New Hampshire,NH,29.42,6.79,"U.S. Bureau of Labor Statistics, OEWS May 2023 State Occupational Employment and Wage Estimates - New Hampshire (SOC 49-9021), 2024, https://www.bls.gov/oes/current/oes_nh.htm","New Hampshire requires state-level licensure for fuel gas fitting work on heating/HVAC systems (tiers include Fuel Gas Trainee, Fuel Gas Piping Installer, Fuel Gas Installation Technician, and Fuel Gas Service Technician) and requires mechanical business entities providing fuel gas or plumbing services to hold a state business license through the New Hampshire Board of Mechanical Safety and Licensing under the Office of Professional Licensure and Certification (OPLC). Standalone state licenses are not required for pure HVAC/R work that does not involve fuel gas or plumbing, though voluntary certifications exist for oil heating technicians. Localities enforce municipal permitting.","New Hampshire Office of Professional Licensure and Certification (OPLC), Board of Mechanical Safety and Licensing, 2026, https://www.oplc.nh.gov"
fire-life-safety,New Jersey,NJ,29.78,8.09,"U.S. Bureau of Labor Statistics, May 2023 OEWS State Occupational Employment and Wage Estimates - New Jersey (SOC 49-9021), 2024, https://www.bls.gov/oes/current/oes_nj.htm","State-level licensing is required in New Jersey to perform fire alarm installation, servicing, or maintenance under N.J.S.A. 45:5A-23 et seq., and municipal regulation of alarm businesses is preempted by statute (N.J.S.A. 45:5A-36). Licensing tiers include individual Fire Alarm Licensees (technicians/installers) and Alarm Business License Holders (business qualifiers).","New Jersey Division of Consumer Affairs, Board of Examiners of Electrical Contractors - Fire Alarm, Burglar Alarm and Locksmith Advisory Committee, 2024, https://www.njconsumeraffairs.gov/fire"
fire-life-safety,New Mexico,NM,22.24,-19.27,"BLS OEWS, May 2023 State and National Occupational Employment and Wage Estimates, 2024, https://www.bls.gov/oes/current/oes_nm.htm","State-level license required. Administered by the New Mexico Regulation and Licensing Department - Construction Industries Division (CID). Licensing tiers/classifications include MS-12 (Fire Protection Sprinkler Systems), MS-14 (Dry Chemical Fire Protection), and ES-3 (Low Voltage Special Systems for alarms).","New Mexico Regulation and Licensing Department - Construction Industries Division (CID), 2024, https://www.rld.nm.gov/construction-industries"
fire-life-safety,New York,NY,30.94,12.3,"U.S. Bureau of Labor Statistics (BLS) Occupational Employment and Wage Statistics (OEWS), May 2023 State Occupational Employment and Wage Estimates - New York, https://www.bls.gov/oes/2023/may/oes_ny.htm","New York does not mandate a statewide license for general HVAC trade work (SOC 49-9021), delegating HVAC and mechanical contractor licensing to local municipalities (e.g., New York City Department of Buildings). However, for fire alarm and security systems installation, New York requires a state-level Security or Fire Alarm Systems Installer license issued by the New York Department of State (DOS) Division of Licensing Services under Article 6-D of the General Business Law.","New York Department of State (DOS) Division of Licensing Services, Article 6-D General Business Law, 2023, https://dos.ny.gov/security-or-fire-alarm-installer"
fire-life-safety,North Carolina,NC,24.33,-11.69,"U.S. Bureau of Labor Statistics (BLS) State Occupational Employment and Wage Estimates (OEWS), May 2023, https://www.bls.gov/oes/current/oes_nc.htm","State-level licensing is required in North Carolina. Fire alarm and low-voltage electrical systems are regulated at the state level by the North Carolina State Board of Examiners of Electrical Contractors (NCBEEC) under the Special Restricted Fire Alarm/Low Voltage (SP-FA/LV) classification as well as standard classifications. Primary licensing tiers consist of Limited (single project value up to $60,000), Intermediate (single project value up to $150,000), and Unlimited (unrestricted project value). Fire sprinkler systems are licensed separately at the state level by the North Carolina State Board of Examiners of Plumbing, Heating and Fire Sprinkler Contractors.","North Carolina State Board of Examiners of Electrical Contractors (NCBEEC), 2024, https://www.ncbeec.org"
fire-life-safety,North Dakota,ND,30.3,9.98,"U.S. Bureau of Labor Statistics, May 2023 OEWS State Occupational Employment and Wage Estimates - North Dakota (released April 2024), https://www.bls.gov/oes/current/oes_nd.htm","State-level licensing is required in North Dakota. The North Dakota Secretary of State licenses contractors for any project exceeding $4,000 in value across four monetary tiers: Class A (no project value limit), Class B (up to $500,000), Class C (up to $300,000), and Class D (up to $100,000). Specialized fire protection and fire sprinkler contractors/fitters are regulated state-wide under NDCC Chapter 43-46.","North Dakota Legislative Assembly, North Dakota Century Code NDCC Chapter 43-07 Contractors and Chapter 43-46 Fire Protection Contractors (2024)"
fire-life-safety,Ohio,OH,27.39,-0.58,"U.S. Bureau of Labor Statistics, May 2023 Occupational Employment and Wage Statistics (OEWS), 2024, https://www.bls.gov/oes/current/oes_oh.htm","State-level certification is required in Ohio. The Ohio Division of State Fire Marshal (Bureau of Testing & Registration) licenses both fire protection companies and individual installers. License tiers include Company Certifications (Main Company, Sole Proprietor, Branch Office) and Individual Installer Certifications across specific categories (e.g., Automatic Sprinklers, Fire Alarm & Detection, Fixed Extinguishing Systems, Fire Extinguishers) with classifications for installation, modification, service, and maintenance (Class H1) or service and maintenance only (Class H2).","Ohio Department of Commerce Division of State Fire Marshal, Fire Protection Certification, 2021, https://com.ohio.gov/divisions-and-programs/state-fire-marshal/testing-and-registration/fire-protection-certification"
fire-life-safety,Oklahoma,OK,23.45,-14.88,"U.S. Bureau of Labor Statistics (BLS) Occupational Employment and Wage Statistics (OEWS), May 2023, https://www.bls.gov/oes/current/oes_ok.htm","State-level licensing is required in Oklahoma for mechanical and HVAC contractors and tradespersons, regulated statewide by the Oklahoma Construction Industries Board (CIB) under the Mechanical Licensing Act (59 O.S. § 1850.1 et seq.). License tiers consist of Mechanical Apprentice, Mechanical Journeyman (including HVAC/R Limited, HVAC/R Unlimited, Limited Residential, Petroleum Refinery Process Piping, and Medical Gas), and Mechanical Contractor (including HVAC/R Unlimited Contractor, HVAC/R Limited Contractor, Refrigeration Contractor, Natural Gas Piping Contractor, Process Piping Contractor, Sheet Metal Contractor, and Ground Source Piping Contractor).","Oklahoma Construction Industries Board (CIB), 2026"
fire-life-safety,Oregon,OR,29.73,7.91,"U.S. Bureau of Labor Statistics, May 2023 OEWS State Occupational Employment and Wage Estimates - Oregon (published April 2024), https://www.bls.gov/oes/2023/may/oes_or.htm","State-level contractor licensing is required in Oregon through the Construction Contractors Board (CCB). The CCB issues specific endorsement tiers based on structure type and scope of trade work, including Residential Specialty Contractor (RSC), Residential General Contractor (RGC), Commercial Specialty Contractor Level 1 and Level 2 (CSC1, CSC2), and Commercial General Contractor Level 1 and Level 2 (CGC1, CGC2). Specialized electrical or fire alarm connections may also require trade licenses from the Oregon Building Codes Division (BCD).","Oregon Construction Contractors Board (CCB), License Endorsement Types & Requirements (2024)"
fire-life-safety,Pennsylvania,PA,28,1.63,"U.S. Bureau of Labor Statistics (BLS) OEWS, May 2023, https://www.bls.gov/oes/current/oes_pa.htm","No statewide trade or contractor license is required for HVAC/Fire & Life Safety technicians in Pennsylvania; trade licensing is regulated at the municipal level (e.g., Philadelphia and Pittsburgh enforce local mechanical/HVAC contractor licensing). At the state level, contractors performing residential work over $500 annually must register as a Home Improvement Contractor (HIC) with the PA Office of Attorney General under HICPA (73 P.S. § 517.1 et seq.). Federal EPA Section 608 certification is also required for handling refrigerants.","Pennsylvania Office of Attorney General, 2024, https://www.attorneygeneral.gov/resources/home-improvement-contractor-registration"
fire-life-safety,Rhode Island,RI,29.93,8.64,"U.S. Bureau of Labor Statistics, May 2023 OEWS State Occupational Employment and Wage Estimates (Rhode Island and National), https://www.bls.gov/oes/current/oes440000.htm","State-level licensing is required in Rhode Island. The Rhode Island Department of Labor and Training (DLT) Division of Professional Regulation administers trade licenses, including Certificate AF (Fire Alarm Contractor) and Certificate BF (Fire Alarm Installer / Journeyperson) under R.I. Gen. Laws § 5-6, as well as mechanical and electrical licenses for HVAC/R work. General trade contracting businesses must also register at the state level with the Rhode Island Contractors' Registration and Licensing Board (CRLB) under R.I. Gen. Laws § 5-65.","Rhode Island Department of Labor and Training, Division of Professional Regulation (2024), https://dlt.ri.gov/regulation-and-safety/professional-regulation"
fire-life-safety,South Carolina,SC,24,-12.89,"U.S. Bureau of Labor Statistics (BLS) Occupational Employment and Wage Statistics (OEWS), May 2023, https://www.bls.gov/oes/current/oes_sc.htm","State-level license required. Regulated at the state level by the South Carolina Contractor's Licensing Board and Residential Builders Commission under the Department of Labor, Licensing and Regulation (LLR). Tiers for Mechanical Contractors include Groups 1 through 5 based on project bid limits, alongside specific licensing categories for Fire Alarm Contractors and Fire Sprinkler Contractors.","South Carolina Contractor's Licensing Board, SC Department of Labor, Licensing and Regulation, 2024, https://llr.sc.gov/clb"
fire-life-safety,South Dakota,SD,26.2,-4.9,"U.S. Bureau of Labor Statistics OEWS, 2023, https://www.bls.gov/oes/current/oes_sd.htm","No state-level contractor or technician license is required in South Dakota for SOC 49-9021 (Heating, Air Conditioning, and Refrigeration Mechanics and Installers). Licensing is regulated at the municipal level (e.g., Sioux Falls and Rapid City issue local mechanical and contractor licenses), while state-level trade licensing is limited to electricians and plumbers. All contractors must register for a South Dakota Contractor's Tax License with the Department of Revenue.",
fire-life-safety,Tennessee,TN,23.1,-16.15,"U.S. Bureau of Labor Statistics (BLS) OEWS, May 2023 (https://www.bls.gov/oes/current/oes_tn.htm and https://www.bls.gov/oes/current/oes_nat.htm)","State-level licensing is required in Tennessee. Alarm systems contractors (fire alarm, burglar alarm, access control, CCTV, locksmith) are regulated state-wide by the Tennessee Department of Commerce and Insurance Alarm Systems Contractors Board under T.C.A. § 62-32-301 et seq. Fire protection sprinkler system contractors are regulated by the Division of Fire Prevention (T.C.A. § 62-32-201 et seq.) or licensed via the Board for Licensing Contractors under classification CMC-C (Fire Protection). Local business licenses are also required by cities/counties where work is performed.","Tennessee Department of Commerce and Insurance, Alarm Systems Contractors Board & Board for Licensing Contractors, 2023 (https://www.tn.gov/commerce/regboards/alarm.html)"
fire-life-safety,Texas,TX,24.13,-12.41,"BLS OEWS, U.S. Bureau of Labor Statistics, May 2023, https://www.bls.gov/oes/current/oes_tx.htm","State-level licensing is required in Texas. The Texas State Fire Marshal's Office (SFMO), a division of the Texas Department of Insurance (TDI), regulates fire protection systems statewide under Texas Insurance Code Chapters 6001, 6002, and 6003 and 28 Texas Administrative Code Chapter 34. Tiers consist of company-level Certificates of Registration (e.g., Fire Alarm Certificate of Registration [ACR], Fire Protection Sprinkler Contractor Registration [SCR], Extinguisher Certificate of Registration [ECR]) and individual licenses/endorsements (e.g., Fire Alarm Technician [FAL], Fire Alarm Planning Superintendent [APS], Residential Fire Alarm Superintendent [RAS], Responsible Managing Employee [RME], Type PL/A/B/K Extinguisher licenses). Local municipalities/AHJs enforce local codes and issue installation permits but do not supersede state contractor licensing.","Texas State Fire Marshal's Office (TDI), 2026"
fire-life-safety,Utah,UT,23.97,-12.99,"U.S. Bureau of Labor Statistics (BLS) May 2023 OEWS State and National Estimates, https://www.bls.gov/oes/current/oes_ut.htm and https://www.bls.gov/oes/current/oes_nat.htm","State-level contractor license is required in Utah, administered statewide by the Utah Division of Occupational and Professional Licensing (DOPL) under Utah Code Title 58 Chapter 55. Trade classifications include S350 (Heating, Ventilating, and Air Conditioning Contractor), S370 (Fire Suppression Systems Contractor), S200 (Electrical Contractor), and S211 (Communications and Sound Systems Contractor). Qualification requires a 25-hour pre-licensure course, 2 years (4,000 hours) of supervisory/qualifying experience, and passing the Utah Contractor Business and Law Exam.","Utah Division of Occupational and Professional Licensing (DOPL), 2026, https://dopl.utah.gov/contractor"
fire-life-safety,Vermont,VT,27.32,-0.83,"U.S. Bureau of Labor Statistics (BLS) Occupational Employment and Wage Statistics (OEWS), May 2023, https://www.bls.gov/oes/current/oes_vt.htm","Vermont does not issue a single statewide general HVAC contractor license. Instead, state-level regulation attaches to trade-specific work administered by the Vermont Department of Public Safety Division of Fire Safety (and associated Examining Boards). License/certification tiers include Electrical Specialist licenses (e.g., C3 Refrigeration & Air Conditioning, A1 Automatic Gas/Oil Heating), Plumbing Specialist licenses (e.g., P2 Heating System Specialist), Fuel Gas / Oil Burner certifications, and Fire Protection trade certifications (T-1 Fire Alarm, T-2 Chemical Suppression, T-3 Fire Sprinkler, T-8 Domestic Fire Sprinkler). Local municipalities enforce building permits.","Vermont Department of Public Safety Division of Fire Safety, 2024, https://firesafety.vermont.gov/licensing"
fire-life-safety,Virginia,VA,27.94,1.42,"U.S. Bureau of Labor Statistics, May 2023 State Occupational Employment and Wage Estimates - Virginia, 2024, https://www.bls.gov/oes/2023/may/oes_va.htm","State-level contractor licensing is mandatory in Virginia for projects exceeding $1,000, administered by the Department of Professional and Occupational Regulation (DPOR) Board for Contractors. Relevant Fire & Life Safety sub-classifications include Fire Alarm Systems Contracting (FAS), Fire Sprinkler Contracting (SPR / FSP), HVAC, and Electrical (ELE). Virginia issues licenses across three contractor classes based on monetary volume: Class C (single contracts $1,000-$10,000; up to $150,000 annually), Class B (single contracts $10,000-$120,000; up to $750,000 annually), and Class A (unlimited contract and annual limits).","Virginia Department of Professional and Occupational Regulation (DPOR) Board for Contractors, 18 VAC 50-22, 2026, https://www.dpor.virginia.gov/Boards/Contractors"
fire-life-safety,Washington,WA,31.17,13.14,"U.S. Bureau of Labor Statistics, May 2023 State Occupational Employment and Wage Estimates: Washington, 2024, https://www.bls.gov/oes/current/oes_wa.htm","State-level licensing is required in Washington State. Fire protection sprinkler system contractors are licensed at the state level by the Washington State Patrol Fire Marshal's Office (SFMO) and must register as a general or specialty contractor with the Washington State Department of Labor & Industries (L&I). Licensing tiers include Level 1 (NFPA 13D residential systems for single/dual family), Level 2 (NFPA 13D and 13R residential up to 4 stories), Level 3 (unrestricted commercial and residential under NFPA 13, 13D, 13R, 24), Level U (dedicated underground mains), and Specialized ITT (Inspection and Testing Technician).","Washington State Patrol Fire Marshal's Office (SFMO), 2024"
fire-life-safety,West Virginia,WV,22.16,-19.56,"U.S. Bureau of Labor Statistics (BLS) Occupational Employment and Wage Statistics (OEWS), May 2023, https://www.bls.gov/oes/current/oes_wv.htm","State-level licensing is required in West Virginia for commercial work over $5,000 and residential work over $2,500 under W. Va. Code §21-11. Fire protection and life safety work requires dual state-level credentialing: a Sprinkler and Fire Protection Contractor license issued by the West Virginia Contractor Licensing Board (within the Division of Labor) and a Fire Protection Work Certificate of Competency / License issued by the West Virginia State Fire Marshal under W. Va. Code §29-3-12b. Tiers/classifications include individual trade licenses/Responsible Individual (requiring NICET ASSL certification) and corporate contractor licensing.","West Virginia Division of Labor Contractor Licensing Board & West Virginia State Fire Marshal, 2024"
fire-life-safety,Wisconsin,WI,28.62,3.88,"U.S. Bureau of Labor Statistics (BLS) Occupational Employment and Wage Statistics (OEWS), May 2023, https://www.bls.gov/oes/current/oes_wi.htm","At the state level, the Wisconsin Department of Safety and Professional Services (DSPS) does not mandate a statewide individual license for HVAC technicians, but offers an optional state HVAC Qualifier Certification and HVAC Contractor Registration to satisfy local municipal standards. For residential work on 1- and 2-family homes, contracting businesses must hold a Dwelling Contractor Certification (or Dwelling Contractor Restricted Certification) and employ a credentialed Dwelling Contractor Qualifier. Specialty fire protection trades (e.g., automatic fire sprinkler contractors, fire detection/suppression inspectors) require specific DSPS trade credentials under Wis. Admin. Code SPS 305.","Wisconsin Department of Safety and Professional Services (DSPS), Trades Credentialing, 2024, https://dsps.wi.gov"
fire-life-safety,Wyoming,WY,25.44,-7.66,"U.S. Bureau of Labor Statistics, 2023, https://www.bls.gov/oes/2023/may/oes_wy.htm","Statewide licensing in Wyoming is required for electrical and low-voltage contractors (including fire alarm and low-voltage signaling systems under 90V) through the Wyoming Department of Fire Prevention and Electrical Safety. General contracting, mechanical, and HVAC trades are regulated and licensed at the local city/county level. Tiers for low-voltage systems include Low Voltage General (LV-G), Low Voltage Alarms (LV-A), Low Voltage Communication (LV-C), and Low Voltage Sound (LV-S), as well as Low Voltage/Limited Contractor and Electrical Contractor company licenses.","Wyoming Department of Fire Prevention & Electrical Safety, 2024, https://wsfm.wyo.gov"
low-voltage-security,Alabama,AL,24.76,-16.38,"BLS state OEWS, May 2023, https://www.bls.gov/oes/current/oes_al.htm","State-level licensing is required in Alabama. Low-voltage and security work is regulated across state boards: the Alabama Electronic Security Board of Licensure (AESBL) licenses companies, qualifying agents, and individual technicians installing or servicing burglar alarms, access control, CCTV, and security systems; the Alabama Electrical Contractors Board (AECB) issues a Low Voltage Special Systems License for systems operating at 50 volts or less; and the Alabama State Fire Marshal requires certification for fire alarm systems.","Alabama Electronic Security Board of Licensure & Alabama Electrical Contractors Board, 2023, https://aesbl.alabama.gov"
low-voltage-security,Alaska,AK,39.5,33.4,"U.S. Bureau of Labor Statistics (BLS) Occupational Employment and Wage Statistics (OEWS), May 2023, https://www.bls.gov/oes/current/oes_ak.htm","State-level licensing is required in Alaska. The trade is regulated by the Department of Commerce, Community, and Economic Development (DCCED) - Division of Corporations, Business and Professional Licensing. Contracting businesses must register as a Specialty Contractor (Electrical/Communications) and maintain or employ a licensed Electrical Administrator (such as a Specialty Electrical Administrator for Low Voltage/Controls CNTL or Unlimited Electrical Administrator).","Alaska Department of Commerce, Community, and Economic Development - Division of Corporations, Business and Professional Licensing, 2024, https://www.commerce.alaska.gov/web/cbpl/ProfessionalLicensing/ConstructionContractors.aspx"
low-voltage-security,Arizona,AZ,29.06,-1.86,"U.S. Bureau of Labor Statistics (BLS), Occupational Employment and Wage Statistics (OEWS), May 2023, https://www.bls.gov/oes/current/oes_az.htm","In Arizona, contractor licensing is required at the state level through the Arizona Registrar of Contractors (ROC) for any project over $1,000 or requiring a permit. License classifications for low-voltage and electrical work are split into three tiers: Commercial (e.g., C-67 Low Voltage Communication Systems, C-11 Electrical), Residential (R-67, R-11), and Dual Commercial/Residential (CR-67, CR-11). Arizona licenses contracting entities rather than issuing individual journeyman state licenses.","Arizona Registrar of Contractors (ROC), 2023, https://roc.az.gov"
low-voltage-security,Arkansas,AR,23.31,-21.28,"U.S. Bureau of Labor Statistics, Occupational Employment and Wage Statistics (OEWS), May 2023, https://www.bls.gov/oes/current/oes_ar.htm","State-level licensing is required in Arkansas. Low-voltage and security/alarm systems work is regulated at the state level by the Division of Arkansas State Police under Arkansas Code Title 17, Chapter 40. Licensing tiers include Class E Unrestricted (fire and burglar alarm installation/service), Class E Restricted (structures not requiring fire alarms), Class E-M (monitoring only), Class E-S (single-station residential), and Class G (general security/alarm license). In addition, commercial specialty low-voltage or electrical contracting projects valued at $50,000 or more (labor and materials) require a Commercial Specialty Contractor license from the Arkansas Contractors Licensing Board.","Arkansas Department of Public Safety, Division of Arkansas State Police, Private Investigators, Security Companies, and Alarm Installation & Monitoring Program, 2024, https://www.dps.arkansas.gov/law-enforcement/arkansas-state-police/services-programs/private-investogators-security-companies-alarm-installation-monitoring"
low-voltage-security,California,CA,37.25,25.8,"U.S. Bureau of Labor Statistics, May 2023 State Occupational Employment and Wage Estimates - California, https://www.bls.gov/oes/current/oes_ca.htm","State-level license required through the California Contractors State License Board (CSLB) for projects valued at $500 or more in combined labor and materials. Classifications include Class C-7 (Low Voltage Systems Contractor, covering energy-limited systems operating under 91 volts including alarms, sound, cable, and communications) and Class C-10 (Electrical Contractor). Local jurisdictions do not issue trade licenses, though local business licenses and permits apply.","California Contractors State License Board, 2024, https://www.cslb.ca.gov/About_Us/Library/Licensing_Classifications"
low-voltage-security,Colorado,CO,29.25,-1.22,"U.S. Bureau of Labor Statistics, May 2023 State Occupational Employment and Wage Estimates - Colorado, https://www.bls.gov/oes/current/oes_co.htm","A state-level license is required to perform electrical work in Colorado, regulated statewide by the Colorado State Electrical Board under the Division of Professions and Occupations (DORA). Credential tiers include Apprentice Electrician (registration), Residential Wireman, Journeyman Electrician, Master Electrician, and Electrical Contractor (entity-level credential required to operate an electrical contracting business).","Colorado Department of Regulatory Agencies (DORA), State Electrical Board (2024)"
low-voltage-security,Connecticut,CT,33.18,12.06,"U.S. Bureau of Labor Statistics (BLS) Occupational Employment and Wage Statistics (OEWS), May 2023, https://www.bls.gov/oes/current/oes_ct.htm","Statewide licensing is mandatory in Connecticut through the Department of Consumer Protection (DCP) Electrical Work Examining Board (local towns/cities cannot issue separate trade licenses). Specific low-voltage license tiers include: C-5 Limited Electrical Contractor (contracting/supervisory scope for low-voltage, alarm/signal, sound, and telephone-interconnect systems up to 48V/8A); C-6 Limited Electrical Journeyperson (working under a C-5 contractor); L-5 Limited Electrical Contractor (low-voltage/alarm systems up to 25V/5A, excluding telecommunications); and L-6 Limited Electrical Journeyperson.","Connecticut Department of Consumer Protection (DCP) Electrical Work Examining Board, 2024"
low-voltage-security,Delaware,DE,29.32,-0.98,"U.S. Bureau of Labor Statistics (BLS) OEWS, May 2023, https://www.bls.gov/oes/current/oes_de.htm","State-level licensure is required in Delaware and is administered by the Delaware Board of Electrical Examiners under the Division of Professional Regulation (DPR). The licensing regime includes tiers such as Master Electrician, Master Electrician Special, Limited Electrician, Limited Electrician Special (which covers Low-Voltage Specialty for systems operating under 50 volts), Journeyperson Electrician, Residential Electrician, and Apprentice.","Delaware Board of Electrical Examiners, Division of Professional Regulation, 2024"
low-voltage-security,Florida,FL,24.1,-18.61,"U.S. Bureau of Labor Statistics (BLS) Occupational Employment and Wage Statistics (OEWS), 2023, https://www.bls.gov/oes/2023/may/oes_fl.htm and https://www.bls.gov/oes/2023/may/oes472111.htm","A state-level license is required for electrical and low-voltage contracting work, regulated by the Florida Electrical Contractors' Licensing Board (ECLB) within the Department of Business and Professional Regulation (DBPR) under Chapter 489, Part II, Florida Statutes. Tiers include statewide Certified Specialty Contractors (such as Certified Limited Energy Systems Specialty [ES], Certified Burglar Alarm System Specialty [EF], and Certified Fire Alarm System Specialty [EG]) and local Registered Specialty Contractors (ER/local jurisdiction competency card).","Florida Department of Business and Professional Regulation (DBPR) Electrical Contractors' Licensing Board, 2024, https://www.myfloridalicense.com/DBPR/electrical-contractors"
low-voltage-security,Georgia,GA,27.09,-8.51,"U.S. Bureau of Labor Statistics (BLS) Occupational Employment and Wage Statistics (OEWS), 2023, https://www.bls.gov/oes/current/oes_ga.htm","A state-level license is required in Georgia for low-voltage contracting work, regulated by the Georgia State Board of Low Voltage Contractors (Division of Low Voltage Contractors under the Office of the Secretary of State). The licensing structure features four tiers: General Low Voltage (Class LVG), Alarm Low Voltage (Class LVA), Telecommunication Low Voltage (Class LVT), and Unrestricted Low Voltage (Class LVU).","Georgia State Board of Low Voltage Contractors / Georgia Secretary of State, 2023, https://sos.ga.gov"
low-voltage-security,Hawaii,HI,44.59,50.59,"U.S. Bureau of Labor Statistics, May 2023 OEWS State Occupational Employment and Wage Estimates (Hawaii & US National), 2024, https://www.bls.gov/oes/current/oes_hi.htm","State-level licensing required throughout Hawaii. Regulated by the Hawaii Department of Commerce and Consumer Affairs (DCCA), Professional and Vocational Licensing (PVL) Division. Contracting entities must hold a C-15 Electronic Systems Contractor license (or specialty subcategories C-15a Fire and Burglar Alarm, C-15b Telecommunications, or C-13 Electrical Contractor) under HRS Chapter 444 / Contractors License Board, designating a Responsible Managing Employee (RME). Individual tradespersons must hold a Journey Worker Specialty Electrician (EJS) or Supervising Specialty Electrician (ESS) license under HRS Chapter 448E / Board of Electricians and Plumbers.","Hawaii Department of Commerce and Consumer Affairs (DCCA), Professional and Vocational Licensing Division, Contractors License Board & Board of Electricians and Plumbers, 2024, https://cca.hawaii.gov/pvl/boards/contractor"
low-voltage-security,Idaho,ID,26.56,-10.3,"U.S. Bureau of Labor Statistics, Occupational Employment and Wage Statistics (OEWS), May 2023, https://www.bls.gov/oes/current/oes_id.htm","State-level licensing is mandatory in Idaho, governed by the Idaho Division of Occupational and Professional Licenses (DOPL) Electrical Board under Idaho Code Title 54, Chapter 10. Low-voltage and security system work falls under specialized limited energy tiers, including Limited Trainee, Limited Electrical Installer (requiring 4,000 hours / 2 years of documented experience and passing an exam), and Limited Electrical Contractor (requiring a qualified designated installer, passing the business and law exam, and meeting insurance requirements).","Idaho Division of Occupational and Professional Licenses (DOPL) - Idaho Electrical Board, 2024, https://dopl.idaho.gov"
low-voltage-security,Illinois,IL,42.33,42.96,"U.S. Bureau of Labor Statistics (BLS), Occupational Employment and Wage Statistics (OEWS), May 2023, https://www.bls.gov/oes/current/oes_il.htm","At the state level, low-voltage security and alarm contracting in Illinois is regulated by the Illinois Department of Financial and Professional Regulation (IDFPR) under the Private Detective, Private Alarm, Private Security, Fingerprint Vendor, and Locksmith Act of 2004. Licensing tiers include Licensed Private Alarm Contractor (individual), Licensed Private Alarm Contractor Agency (entity), and Permanent Employee Registration Card (PERC) for employees. Non-alarm electrical work is regulated at the municipal or county level.","Illinois Department of Financial and Professional Regulation (IDFPR), 2024, https://idfpr.illinois.gov/profs/alarm.html"
low-voltage-security,Indiana,IN,32.73,10.54,"U.S. Bureau of Labor Statistics (BLS) OEWS, May 2023 State and National Estimates, 2024, https://www.bls.gov/oes/2023/may/oes_in.htm","Indiana has no statewide electrical or low-voltage contractor license requirement. Under Indiana Code Title 22, Article 13 (IC 22-13-2-2), electrical and low-voltage licensing authority is delegated to local municipalities and counties, which establish their own local licensing tiers and contractor registration requirements (e.g., Indianapolis/Marion County Department of Business and Neighborhood Services).","Indiana General Assembly, Indiana Code Title 22 Article 13, 2023, https://iga.in.gov"
low-voltage-security,Iowa,IA,30.61,3.38,"U.S. Bureau of Labor Statistics, May 2023 OEWS, https://www.bls.gov/oes/current/oes_ia.htm","Electrical licensing in Iowa is regulated at the state level by the Iowa Electrical Examining Board under the Department of Inspections, Appeals, and Licensing (DIAL). Under Iowa Code § 103.22(11), standard low-voltage installations (Class 2 and Class 3 remote control, signaling, optical fiber, voice, video, audio, and data signal systems) are exempt from general electrical licensing. However, specialized low-voltage applications may require a Special Electrician license endorsement, and full electrical contracting requires a Master Electrician license and state Electrical Contractor registration with DIAL. Local jurisdictions may impose additional municipal permitting requirements.","Iowa Electrical Examining Board / Department of Inspections, Appeals, and Licensing (DIAL), 2024, https://dial.iowa.gov"
low-voltage-security,Kansas,KS,28.79,-2.77,"U.S. Bureau of Labor Statistics, May 2023 OEWS, https://www.bls.gov/oes/current/oes_ks.htm","No statewide license is required for low-voltage, security, or electrical contractors in Kansas. Contractor and electrician licensing is governed entirely at the local municipal and county level (e.g., Sedgwick County, Johnson County, City of Topeka). Local jurisdictions issue credentials across various tiers including Master Electrician, Journeyman Electrician, Residential Wireman, and Alarm Systems / Low-Voltage Technician.","Sedgwick County Metropolitan Area Building and Construction Department (MABCD), 2024"
low-voltage-security,Kentucky,KY,27.47,-7.23,"U.S. Bureau of Labor Statistics (BLS) Occupational Employment and Wage Statistics (OEWS), May 2023, https://www.bls.gov/oes/current/oes_ky.htm","State-level licensing is required in Kentucky for low-voltage and electrical work through the Department of Housing, Buildings and Construction (DHBC) under KRS 227A. Tiers include Electrician (Journeyman), Master Electrician, and Electrical Contractor (a business-level license requiring a qualifying Master Electrician). Additionally, security/alarm installations require an Alarm System Installer Permit under KRS 198B.554.","Kentucky Department of Housing, Buildings and Construction (DHBC), 2026, https://dhbc.ky.gov"
low-voltage-security,Louisiana,LA,28.49,-3.78,"U.S. Bureau of Labor Statistics (BLS) Occupational Employment and Wage Statistics (OEWS) - Louisiana, 2023, https://www.bls.gov/oes/2023/may/oes_la.htm","State-level licensing is required in Louisiana. The Louisiana State Licensing Board for Contractors (LSLBC) requires a commercial electrical license with subclassifications such as Telecommunications or Electrical Controls/Instrumentation for projects exceeding $10,000 in value (labor and materials). Additionally, security, intrusion alarm, CCTV, and access control installations are regulated at the state level by the Louisiana Office of State Fire Marshal (OSFM) under Life Safety and Property Protection licensing.","Louisiana State Licensing Board for Contractors (LSLBC) / Louisiana Office of State Fire Marshal (OSFM), 2024, https://lslbc.gov"
low-voltage-security,Maine,ME,29.79,0.61,"U.S. Bureau of Labor Statistics (BLS) Occupational Employment and Wage Statistics (OEWS), May 2023, https://www.bls.gov/oes/2023/may/oes_me.htm","State-level licensing is required in Maine. The Maine Electricians' Examining Board, within the Department of Professional and Financial Regulation (DPFR) Office of Professional and Occupational Regulation, regulates the trade and issues a specialty 'Limited Electrician - Low Energy' license for low-voltage systems not exceeding 98 volts (including security, fire alarms, telecommunications, and HVAC controls). Tier requirements include 4,000 hours of electrical experience (with at least 2,000 hours in low-energy installations), 270 hours of approved electrical education, and passing the state exam.","Maine Department of Professional and Financial Regulation (DPFR), Electricians' Examining Board, 2024"
low-voltage-security,Maryland,MD,30.3,2.33,"U.S. Bureau of Labor Statistics OEWS, May 2023 State Occupational Employment and Wage Estimates - Maryland, https://www.bls.gov/oes/current/oes_md.htm","State-level licensing is required under the Maryland State Board of Electricians (Maryland Department of Labor) pursuant to the Maryland Electricians Act (SB 762). State licensing tiers include Apprentice Electrician, Journeyperson Electrician, and Master Electrician. Low-voltage electrical installations tied to building systems require a state Master Electrician license (or direct supervision under one). Local counties/jurisdictions are permitted to issue local registrations and restricted low-voltage licenses for systems operating at 50 volts or less, while alarm and security system installation additionally requires licensing from the Office of the State Fire Marshal (OSFM).","Maryland Department of Labor, State Board of Electricians, 2021, https://www.labor.maryland.gov/license/elec"
low-voltage-security,Massachusetts,MA,39.02,31.78,"U.S. Bureau of Labor Statistics (BLS) Occupational Employment and Wage Statistics (OEWS), May 2023, https://www.bls.gov/oes/current/oes_ma.htm","Massachusetts mandates state-level licensing through the Board of State Examiners of Electricians (BSEE). Low-voltage and security systems work requires specialized systems licenses: Systems Technician (Class D) for journeyman-level low-voltage installation (requires 4,000 hours of practical experience and 300 hours of education) and Systems Contractor (Class C) for master/contractor-level operations (requires holding a Class D license for at least 1 year and completing 75 additional education hours).","Massachusetts Board of State Examiners of Electricians, 2024"
low-voltage-security,Michigan,MI,30.28,2.26,"BLS state OEWS, U.S. Bureau of Labor Statistics, May 2023, https://www.bls.gov/oes/current/oes_mi.htm","State-level license required. Regulated by the Michigan Department of Licensing and Regulatory Affairs (LARA) Bureau of Construction Codes (BCC) under the Skilled Trades Regulation Act (MCL 339.5701 et seq.). Individual licensing tiers include Apprentice Electrician, Journeyman Electrician, and Master Electrician; business entities must hold an Electrical Contractor license (requiring a full-time resident Master Electrician as qualifier). Specialized low-voltage system credentials include Fire Alarm Specialty Technician / Fire Alarm Contractor licenses and Security Alarm Contractor Agency licenses (governed under MCL 338.1059).","Michigan Department of Licensing and Regulatory Affairs (LARA) Bureau of Construction Codes, 2024, https://www.michigan.gov/lara/bureau-list/bcc"
low-voltage-security,Minnesota,MN,37.52,26.71,"U.S. Bureau of Labor Statistics (BLS) Occupational Employment and Wage Statistics (OEWS), May 2023, https://www.bls.gov/oes/current/oes_mn.htm and https://www.bls.gov/oes/current/oes472111.htm","State-level licensing is required in Minnesota administered by the Department of Labor and Industry (DLI) Construction Codes and Licensing Division under Minn. Stat. § 326B.33. License tiers for low-voltage work include: 1) Individual License: Power Limited Technician (PLT), requiring 36 months of verified experience and passing an examination; 2) Business/Contractor License: Technology System Contractor (TSC), required for contracting entities and requiring at least one designated responsible licensed PLT or Master Electrician; and 3) Registered Unlicensed Individual for supervised trainees.","Minnesota Department of Labor and Industry (DLI), 2024"
low-voltage-security,Mississippi,MS,27.39,-7.5,"U.S. Bureau of Labor Statistics, Occupational Employment and Wage Statistics (OEWS), May 2023, https://www.bls.gov/oes/current/oes_ms.htm","Mississippi requires state-level licensing for low-voltage and security trades rather than city/county level licensing. The Mississippi State Board of Contractors (MSBOC) issues commercial contractor licenses for projects exceeding $50,000 and residential contractor licenses for low-voltage projects exceeding $10,000 under classifications such as 'Communication Systems and Low Voltage Electrical'. Alarm system contracting is regulated at the state level by the Mississippi State Fire Marshal (Electronic Protection Systems Licensing) under Miss. Code Ann. § 73-69-1 et seq., offering license tiers including Class A (Company), Class B (Technician), Class C (Installer), Class D (Salesperson), and Class H (Helper). Municipal and county licensing for alarm contracting is explicitly preempted by state statute.","Mississippi State Board of Contractors / Mississippi State Fire Marshal, 2024, https://www.msboc.us"
low-voltage-security,Missouri,MO,30.11,1.69,"U.S. Bureau of Labor Statistics (BLS) OEWS, May 2023, https://www.bls.gov/oes/2023/may/oes_mo.htm","In Missouri, low-voltage installations (Class 2 and Class 3 remote-control, signaling, optical fiber, voice, video, audio, and data cabling) are statutorily exempt from state electrical contractor licensing requirements under RSMo Section 324.915. Trade licensing is governed under home-rule principles at the local city or county level. However, the Missouri Division of Professional Registration (Office of Statewide Electrical Contractors) offers an optional statewide Electrical Contractor license under RSMo Section 324.920 for contractors seeking multi-jurisdictional recognition.","Missouri Division of Professional Registration / Missouri Revised Statutes Section 324.915 & Section 324.920, 2024, https://revisor.mo.gov/main/OneSection.aspx?section=324.915"
low-voltage-security,Montana,MT,31.05,4.86,"U.S. Bureau of Labor Statistics (BLS) Occupational Employment and Wage Statistics (OEWS), 2023, https://www.bls.gov/oes/current/oes_mt.htm","Montana exempts electrical work operating under 90 volts AC/DC from state electrician licensing under MCA § 37-68-103(9), covering standard security, access control, CCTV, and structured cabling. However, fire alarm systems require state licensing regardless of voltage via the Montana Fire Prevention Licensure Program. For electrical work exceeding 90V, licensing is governed statewide by the Montana State Electrical Board, offering individual tiers (Residential, Journeyman, Master Electrician) and contractor tiers (Limited and Unlimited Electrical Contractor).","Montana Department of Labor and Industry (DLI) State Electrical Board / Montana Code Annotated (MCA § 37-68-103), 2023"
low-voltage-security,Nebraska,NE,28.68,-3.14,"BLS OEWS, May 2023 State Occupational Employment and Wage Estimates - Nebraska, https://www.bls.gov/oes/current/oes_ne.htm and May 2023 National Occupational Employment and Wage Estimates, https://www.bls.gov/oes/current/oes472111.htm","State-level license required. Under the Nebraska State Electrical Act (Neb. Rev. Stat. § 81-2101 et seq.), licensing is administered statewide by the Nebraska State Electrical Division. License tiers include Electrical Contractor, Journeyman Electrician, Residential Journeyman, Fire Alarm Installer (50V or less), Class S Special Electrician (Sound, Communication, and Television), and Apprentice Electrician. Additionally, contractors must register statewide with the Nebraska Department of Labor under the Nebraska Contractor Registration Act.","Nebraska State Electrical Division, Nebraska State Electrical Act, 2023, https://electrical.nebraska.gov"
low-voltage-security,Nevada,NV,29.07,-1.82,"U.S. Bureau of Labor Statistics (BLS), May 2023 Occupational Employment and Wage Statistics (OEWS), https://www.bls.gov/oes/current/oes_nv.htm","State-level licensing is required in Nevada through the Nevada State Contractors Board (NSCB). Low-voltage work on systems operating under 91 volts requires a C-2d Low Voltage Systems specialty license, which is a subclassification of the broader Class C-2 Electrical Contractor license. Holding a full C-2 Electrical Contractor license covers all C-2d scope. Requirements include 4 years of verifiable journey-level experience within the last 10 years and passing both the Contractor Management Survey (business & law) exam and the C-2d Trade exam.","Nevada State Contractors Board (NSCB), 2024, https://www.nvcontractorsboard.com"
low-voltage-security,New Hampshire,NH,29.46,-0.51,"U.S. Bureau of Labor Statistics State Occupational Employment and Wage Estimates (OEWS), May 2023, https://www.bls.gov/oes/current/oes_nh.htm","In New Hampshire, low-voltage signaling and security circuits (including fire alarms, burglar/security alarms, access control, CCTV, audio/video, and telecommunications) are exempt from state electrical trade licensing under RSA 319-C. Statewide licensing, administered by the New Hampshire Office of Professional Licensure and Certification (OPLC) - Electricians' Board, is required for electrical installations used for heat, light, and power operating at 30 volts or higher. Regulated license tiers for electrical work include Apprentice Electrician, Journeyman Electrician, Master Electrician, and High/Medium Voltage Electrician.","New Hampshire Office of Professional Licensure and Certification (OPLC) Electricians' Board, 2024, https://www.oplc.nh.gov/electricians-board"
low-voltage-security,New Jersey,NJ,32.81,10.81,"U.S. Bureau of Labor Statistics (BLS) Occupational Employment and Wage Statistics (OEWS), May 2023, https://www.bls.gov/oes/current/oes_nj.htm","State-level licensing is required in New Jersey. The state does not offer a separate 'low-voltage' electrical license tier; low-voltage wiring falls under a full Electrical Contractor License issued by the New Jersey Board of Examiners of Electrical Contractors. Specialized low-voltage security and life-safety systems (burglar alarm, fire alarm, and access control) are regulated at the state level by the Fire Alarm, Burglar Alarm and Locksmith Advisory Committee (operating under the Board of Examiners of Electrical Contractors), which issues separate Burglar Alarm and Fire Alarm business and individual licenses.","New Jersey Division of Consumer Affairs, Board of Examiners of Electrical Contractors / Fire Alarm, Burglar Alarm and Locksmith Advisory Committee, 2024, https://www.njconsumeraffairs.gov/elec"
low-voltage-security,New Mexico,NM,26.92,-9.08,"U.S. Bureau of Labor Statistics (BLS) Occupational Employment and Wage Statistics (OEWS), May 2023, https://www.bls.gov/oes/current/oes_nm.htm","A state-level license is required in New Mexico, managed by the Regulation and Licensing Department, Construction Industries Division (CID). Low-voltage and security system installation is licensed under specialty contractor classifications such as ES-3 (Low Voltage Special Systems under 50V) or ES-7 (Telephone Communication Systems), or under the broader EE-98 (Residential and Commercial Electrical Contractor) license. Individual installers must hold corresponding Journeyman certification (e.g., ES-3J or EE-98J) and assign a Qualifying Party.","New Mexico Regulation and Licensing Department, Construction Industries Division (CID), 2024, https://www.rld.nm.gov/construction-industries"
low-voltage-security,New York,NY,36.84,24.42,"U.S. Bureau of Labor Statistics (BLS) Occupational Employment and Wage Statistics (OEWS), May 2023 (published April 2024), https://www.bls.gov/oes/current/oes_ny.htm","New York State does not issue a statewide general electrician license; general electrical licensing is regulated locally at the city or county level (e.g., NYC Department of Buildings licenses Master Electricians and Special Electricians). However, New York State requires a statewide Security or Fire Alarm Installer license issued by the New York State Department of State (NYSDOS) Division of Licensing Services under Article 6-D of the General Business Law for businesses and individuals installing, servicing, or maintaining security, burglar, CCTV, or fire alarm systems. Licensing tiers include Individual/Business License, Qualifying Officer, Registered Employee ID Cards, and Master Electrician Waiver/Registration.","New York State Department of State, Division of Licensing Services, General Business Law Article 6-D (2024), https://dos.ny.gov/business-installing-servicing-or-maintaining-security-or-fire-alarm-systems"
low-voltage-security,North Carolina,NC,24.49,-17.29,"U.S. Bureau of Labor Statistics, May 2023 Occupational Employment and Wage Statistics (OEWS), 2024, https://www.bls.gov/oes/current/oes_nc.htm","State-level licensing is required. The North Carolina State Board of Examiners of Electrical Contractors (NCBEEC) regulates electrical contracting statewide. Classifications include primary licenses, Limited (projects up to $60,000, max 600V), Intermediate (projects up to $150,000), and Unlimited (no dollar value limit), as well as Special Restricted classifications including Fire Alarm/Low Voltage (SP-FA/LV).","North Carolina State Board of Examiners of Electrical Contractors (NCBEEC), 2024, https://www.ncbeec.org"
low-voltage-security,North Dakota,ND,36.6,23.61,"U.S. Bureau of Labor Statistics (BLS) Occupational Employment and Wage Statistics (OEWS), May 2023, https://www.bls.gov/oes/current/oes_nd.htm","State-level license required. The North Dakota State Electrical Board (NDSEB) regulates low-voltage and power-limited systems work under N.D.C.C. Chapter 43-09 and N.D. Admin. Code § 24.1-03-01-05. Tiers include Contracting Power Limited Electrician, Power Limited Electrician of Record, Noncontracting Power Limited Electrician, and Power Limited Apprentice Electrician. Requirements include 6,000 hours of documented experience over at least 2.5 years under supervision and passing a state written exam.","North Dakota State Electrical Board (NDSEB), 2024, https://www.ndseb.com"
low-voltage-security,Ohio,OH,30.46,2.87,"U.S. Bureau of Labor Statistics (BLS) Occupational Employment and Wage Statistics (OEWS), May 2023, https://www.bls.gov/oes/current/oes_oh.htm","Commercial electrical contracting requires a state-level Electrical Contractor license issued by the Ohio Construction Industry Licensing Board (OCILB), under the Ohio Department of Commerce (Ohio Revised Code Chapter 4740). Residential electrical work and journeyman credentials are managed at the local municipal level (city/county), while home construction service suppliers on residential projects over $25,000 register with the Ohio Attorney General.","Ohio Department of Commerce, Division of Industrial Compliance, Ohio Construction Industry Licensing Board (OCILB), 2024, https://com.ohio.gov/divisions-and-programs/industrial-compliance/boards/ohio-construction-industry-licensing-board"
low-voltage-security,Oklahoma,OK,27.76,-6.25,"U.S. Bureau of Labor Statistics (BLS) Occupational Employment and Wage Statistics (OEWS), May 2023, https://www.bls.gov/oes/current/oes_ok.htm","State-level licensing is required in Oklahoma. Low-voltage electrical work is regulated statewide by the Oklahoma Construction Industries Board (CIB) under the Electrical License Act (including Limited Electrical Contractor, Journeyman, and Apprentice tiers). Security, burglar alarm, fire alarm, CCTV, access control, and locksmith systems are regulated statewide by the Oklahoma Department of Labor (ODOL) under the Alarm, Locksmith, and Fire Sprinkler Industry Act (tiers include Company License, Manager, Technician, Salesperson, and Trainee).","Oklahoma Construction Industries Board (CIB) & Oklahoma Department of Labor (ODOL), 2023/2025, https://oklahoma.gov/cib.html and"
low-voltage-security,Oregon,OR,42.68,44.14,"BLS OEWS, 2023, https://www.bls.gov/oes/current/oes_or.htm","State-level license required. Regulated by the Oregon Building Codes Division (BCD) under ORS Chapter 479. Technician tiers include Class A Limited Energy Technician (LEA, covering all low-voltage/limited energy systems statewide including fire and burglar alarms) and Class B Limited Energy Technician (LEB, restricted scope excluding protective signaling). Contracting businesses must also hold a CCB registration as a Limited Energy Electrical Contractor.","Oregon Building Codes Division, 2026, https://www.oregon.gov/bcd"
low-voltage-security,Pennsylvania,PA,31.59,6.69,"U.S. Bureau of Labor Statistics, May 2023 State Occupational Employment and Wage Estimates (Pennsylvania), https://www.bls.gov/oes/current/oes_pa.htm","No state-level electrical or low-voltage license is issued by Pennsylvania; trade licensing is governed locally by individual municipalities (e.g., Philadelphia, Pittsburgh). However, contractors performing more than $5,000 annually in residential home improvement work must register as a Home Improvement Contractor (HIC) with the state Office of Attorney General under the Home Improvement Consumer Protection Act.","Pennsylvania Office of Attorney General, Bureau of Consumer Protection, 2024, https://www.attorneygeneral.gov/resources/home-improvement-contractor-registration"
low-voltage-security,Rhode Island,RI,31.85,7.57,"U.S. Bureau of Labor Statistics (BLS) OEWS, 2023, https://www.bls.gov/oes/current/oes_ri.htm","Statewide licensing is required in Rhode Island and administered by the Department of Labor and Training (DLT) Division of Professional Regulation. Licensure tiers include Telecommunications System Contractor (TSC), Telecommunications System Technician (TST), Telecommunications System Limited Installer (TSLI), and Telecommunications Apprentice (under R.I. Gen. Laws § 5-70), as well as Limited Premises Wiring (LPW), Burglar Alarm Installer (Class BF), and Fire Alarm Installer (Class FA) classifications (under R.I. Gen. Laws § 5-6).","Rhode Island Department of Labor and Training (DLT) Division of Professional Regulation, 2026"
low-voltage-security,South Carolina,SC,24.98,-15.64,"U.S. Bureau of Labor Statistics (BLS) Occupational Employment and Wage Statistics (OEWS), May 2023, https://www.bls.gov/oes/current/oes_sc.htm","South Carolina requires state-level licensing rather than local/county licensing for low-voltage and security system contractors. Burglar and fire alarm contracting is regulated statewide by the South Carolina Contractor's Licensing Board under the SC Department of Labor, Licensing and Regulation (LLR) pursuant to the Alarm System Business Act (S.C. Code Ann. § 40-79). Separate license classifications exist for Burglar Alarm Contractor, Fire Alarm Contractor, and Low Voltage Specialty (ST-LV) Contractor (for general telecommunications/low-voltage projects valued over $5,000). Qualifying parties must pass PSI examinations, complete background checks, and hold NTS Level I/II or NICET certifications.","South Carolina Department of Labor, Licensing and Regulation (LLR) - Contractor's Licensing Board, 2024, https://llr.sc.gov/clb/alarm.aspx"
low-voltage-security,South Dakota,SD,27.76,-6.25,"U.S. Bureau of Labor Statistics (BLS) Occupational Employment and Wage Statistics (OEWS), May 2023, https://www.bls.gov/oes/current/oes_sd.htm and https://www.bls.gov/oes/current/oes472111.htm","State-level licensing is required for electrical work in South Dakota under the South Dakota Electrical Commission (SDCL Chapter 36-16). The state does not offer a standalone low-voltage specialty license; low-voltage and security installation work is regulated under standard electrical licensing tiers or exempt if qualified as power-limited signaling or communications circuits under NEC standards. Primary license tiers include Electrical Contractor, Journeyman Electrician, Class B Electrician, Apprentice Electrician, and Maintenance Electrician.","South Dakota Electrical Commission / South Dakota Legislature, SDCL Chapter 36-16 (2024), https://sdlegislature.gov/Statutes/Codified_Laws/2048593"
low-voltage-security,Tennessee,TN,26.62,-10.1,"BLS OEWS, May 2023 State Occupational Employment and Wage Estimates - Tennessee (SOC 47-2111 Electricians), 2024, https://www.bls.gov/oes/current/oes_tn.htm","Tennessee regulates low-voltage and security contracting at the state level through dual boards. The Tennessee Board for Licensing Contractors (TBLC) requires a contractor license with a CE-C (Communication and Low Voltage) classification for projects where total cost is $25,000 or more (T.C.A. § 62-6-102). Projects under $25,000 may operate under a Limited Licensed Electrician (LLE) registration. Burglar alarm, fire alarm, monitoring, CCTV, and access control work require a separate Alarm Systems Contractor License issued by the Tennessee Alarm Systems Contractors Board (ASCB) under T.C.A. Title 62, Chapter 32, along with registration for individual alarm system employees.","Tennessee Board for Licensing Contractors & Alarm Systems Contractors Board, Department of Commerce and Insurance, 2024"
low-voltage-security,Texas,TX,28.16,-7.31,"U.S. Bureau of Labor Statistics (BLS) via O*NET Online, 2025 OEWS Wage Data, https://www.onetonline.org/link/localwages/47-2111.00?st=TX","State-level licensing is required in Texas for low-voltage and security contracting. Under Texas Occupations Code Chapter 1702, alarm, access control, CCTV, and security system installation businesses must obtain a Class B Security Contractor license from the Texas Department of Public Safety (DPS) Private Security Program, and individual technicians must hold specific registrations (e.g., Alarm System Installer, Electronic Access Control Device Installer). Fire alarm installation requires a Fire Alarm Certificate of Registration (ACR) from the Texas State Fire Marshal's Office (SFMO) under Insurance Code Chapter 6002. Electrical line-voltage wiring and general electrical work are regulated by the Texas Department of Licensing and Regulation (TDLR) under Occupations Code Chapter 1305.","Texas Department of Public Safety (DPS) Private Security Program / Texas Department of Licensing and Regulation (TDLR), 2026, https://www.dps.texas.gov/section/private-security"
low-voltage-security,Utah,UT,28.79,-2.77,"U.S. Bureau of Labor Statistics (BLS) Occupational Employment and Wage Statistics (OEWS), May 2023, https://www.bls.gov/oes/current/oes_ut.htm","State-level licensing is required. Regulated statewide by the Utah Division of Occupational and Professional Licensing (DOPL) under Utah Code Title 58, Chapter 55. Primary contractor classifications include S211 (Low Voltage Electrical Contractor) and S200 (General Electrical Contractor), alongside individual electrician licensing and Burglar Alarm Company registration where applicable.","Utah Division of Occupational and Professional Licensing (DOPL), 2024, https://dopl.utah.gov"
low-voltage-security,Vermont,VT,27.32,-7.73,"U.S. Bureau of Labor Statistics, May 2023 State Occupational Employment and Wage Estimates (Vermont) and May 2023 National Occupational Employment and Wage Estimates, 2024, https://www.bls.gov/oes/current/oes_vt.htm and https://www.bls.gov/oes/current/oes_nat.htm","Vermont mandates state-level licensing for low-voltage and security installations through the Electrical Licensing Board, administered by the Department of Public Safety Division of Fire Safety. The board issues Type S Specialty Electrician licenses (with specialty designations including low voltage, fire alarm, and burglar alarm/security). Tiers include Specialist/Journeyman Type S and Master Type S credentials, requiring 2,000 hours (with approved training) or 4,000 hours of documented specialty experience, passing a specialty examination, and work under a supervising Master Electrician.","Vermont Department of Public Safety Division of Fire Safety, 2024"
low-voltage-security,Virginia,VA,29,-2.06,"U.S. Bureau of Labor Statistics (BLS) Occupational Employment and Wage Statistics (OEWS), May 2023, https://www.bls.gov/oes/current/oes_va.htm and https://www.bls.gov/oes/current/oes_nat.htm","State-level licensure is required for projects valued at $1,000 or more through the Virginia Department of Professional and Occupational Regulation (DPOR) Board for Contractors. Licensure tiers include Class C (single projects $1,000 to $10,000; up to $150,000 annually), Class B (single projects $10,000 to $120,000; up to $750,000 annually), and Class A (unlimited contract and annual limits). Low-voltage/security operations require relevant specialty designations such as Electrical (ELE) or Electronic System Contracting (ESC).","Virginia Department of Professional and Occupational Regulation (DPOR) Board for Contractors, 2023, https://www.dpor.virginia.gov/Boards/Contractors"
low-voltage-security,Washington,WA,39.44,33.2,"U.S. Bureau of Labor Statistics, May 2023 OEWS, https://www.bls.gov/oes/current/oes_wa.htm","State-level licensing is required in Washington State, governed by the Washington State Department of Labor & Industries (L&I) under RCW 19.28. Individual worker tiers include Electrical Trainee, General Journey Level Electrician (01), and Specialty Electricians (such as Specialty 06 Limited Energy System for low-voltage circuits, alarms, audio, and controls). Contracting businesses must hold an Electrical Contractor or Specialty Electrical Contractor License and maintain an assigned, certified Electrical Administrator or Master Electrician.","Washington State Department of Labor & Industries (L&I), 2024, https://lni.wa.gov/licensing-permits/electrical/electrical-licensing-exams-education"
low-voltage-security,West Virginia,WV,30.34,2.47,"U.S. Bureau of Labor Statistics, May 2023 Occupational Employment and Wage Statistics (https://www.bls.gov/oes/current/oes_wv.htm & https://www.bls.gov/oes/current/oes_nat.htm)","State-level licensing is required in West Virginia. Individual licensing is issued by the West Virginia State Fire Marshal (SFMO) under tiers: Apprentice, Journeyman, Master, and Specialty Electrician (including Low Voltage). For contracting businesses, the West Virginia Contractor Licensing Board (WVCLB) within the Division of Labor requires an Electrical Contractor or Specialty Contractor license for projects exceeding $1,000.","West Virginia Division of Labor, Contractor Licensing Board & State Fire Marshal, 2024"
low-voltage-security,Wisconsin,WI,34.65,17.02,"U.S. Bureau of Labor Statistics, Occupational Employment and Wage Statistics (OEWS), May 2023, https://www.bls.gov/oes/current/oes_wi.htm","State-level regulation is managed by the Wisconsin Department of Safety and Professional Services (DSPS). Systems operating at 50 volts or less are generally exempt from state electrical contractor licensing requirements, though higher-voltage installations require a Registered Electrical Contractor (REC) registration with a designated Master Electrician or specialized individual credentials (e.g., Limited Energy Technician, Fire Alarm Installer). Local municipalities can enforce local licensing and permitting rules.","Wisconsin Department of Safety and Professional Services (DSPS), 2025, https://dsps.wi.gov/Pages/Professions/ElectricalContractor/Default.aspx"
low-voltage-security,Wyoming,WY,30.98,4.63,"U.S. Bureau of Labor Statistics (BLS) Occupational Employment and Wage Statistics (OEWS), May 2023, https://www.bls.gov/oes/current/oes_wy.htm","State-level licensing is required in Wyoming for electrical and low-voltage work. The Wyoming Department of Fire Prevention and Electrical Safety (Electrical Board) licenses Low Voltage / Limited Technicians (requiring 2 years / 4,000 hours of low-voltage work experience and passing the International Code Council Low-Voltage General Technician exam) and Low Voltage / Limited Electrical Contractors (which must employ an actively licensed Technician of Record). General contractors are licensed at the city/county level, but electrical and low-voltage trades are regulated statewide.","Wyoming Department of Fire Prevention and Electrical Safety Electrical Board, 2024, https://wsfm.wyo.gov"
restoration,Alabama,AL,,,,"In Alabama, state licensing for restoration and remediation work depends on contract value and project type. Under Code of Alabama Title 34 Chapter 8, commercial or industrial construction, rehabilitation, or remediation projects valued at $100,000 or more require a General Contractor license issued at the state level by the Alabama Licensing Board for General Contractors. Residential building or remodeling projects exceeding $10,000 fall under the jurisdiction of the Alabama Home Builders Licensure Board. Alabama does not offer a standalone state-level mold remediation license. General contractor classifications and monetary bid limits are assigned based on financial documentation, starting with a minimum threshold of $10,000 up to Unlimited.","Alabama Licensing Board for General Contractors, 2023"
restoration,Alaska,AK,,,,"State-level licensing/registration is required in Alaska for construction contractors, including restoration and remediation trades. Licensing is administered at the state level by the Alaska Department of Commerce, Community, and Economic Development (DCCED), Division of Corporations, Business and Professional Licensing. License tiers include General Contractor (without Residential Endorsement), General Contractor with Residential Contractor Endorsement, Specialty Contractor (limited to up to three specific trade specialties), Mechanical Contractor, and General Contractor - Handyman (for projects with an aggregate cost of $10,000 or less).","Alaska Department of Commerce, Community, and Economic Development, Division of Corporations, Business and Professional Licensing, 2024, https://www.commerce.alaska.gov/web/cbpl/ProfessionalLicensing/ConstructionContractors.aspx"
restoration,Arizona,AZ,22.86,-5.3,"U.S. Bureau of Labor Statistics OEWS, May 2023, https://www.bls.gov/oes/current/oes_az.htm","State-level contractor licensing is mandatory in Arizona and enforced by the Arizona Registrar of Contractors (ROC). Restoration and remediation contractors must hold state-issued ROC licenses categorized by scope and building type, such as General Residential (B-1), General Commercial (B), Dual Residential/Commercial, or Specialty Contractor license classifications. Local/city licenses do not replace state ROC licensing requirements.","Arizona Registrar of Contractors, 2024, https://roc.az.gov"
restoration,Arkansas,AR,17.53,-22.57,"U.S. Bureau of Labor Statistics OEWS, May 2023, https://www.bls.gov/oes/current/oes_ar.htm","In Arkansas, state-level licensing is mandated by the Arkansas Contractors Licensing Board (ACLB) rather than individual local jurisdictions. A state Commercial License is required for commercial restoration/remediation projects valued at $50,000 or more (including labor and materials). For single-family residential projects, a Residential Remodeler or Home Improvement Specialty License is required for projects over $2,000. License tiers include Limited (projects under $50,000) and Unlimited. Subcontractors working under a licensed prime contractor must obtain a Subcontractor Registration. Hazardous material abatement (e.g., asbestos or lead remediation) requires specific trade certifications.","Arkansas Contractors Licensing Board, 2024"
restoration,California,CA,30.72,35.69,"U.S. Bureau of Labor Statistics (BLS) OEWS, May 2023 State Occupational Employment and Wage Estimates - California (2024), https://www.bls.gov/oes/current/oes_ca.htm","State-level contractor license required for projects totaling $500 or more in labor and materials, issued by the California Contractors State License Board (CSLB). Tiers and classifications include Class A (General Engineering Contractor), Class B (General Building Contractor), Class B-2 (Residential Remodeling Contractor), and Class C Specialty licenses such as C-22 (Asbestos Abatement Contractor) and C-61/D-64 (Limited Specialty - Hazardous Building Contractor), along with DOSH registration for hazardous substance handling.","California Contractors State License Board (CSLB), State of California (2025), https://www.cslb.ca.gov"
restoration,Colorado,CO,22.49,-0.66,"U.S. Bureau of Labor Statistics, May 2023 State Occupational Employment and Wage Estimates: Colorado & National (SOC 47-4090 / 47-4099), 2024, https://www.bls.gov/oes/current/oes_co.htm","No state-level contractor license is required for general restoration and remediation contractors in Colorado. State-level contractor licensing administered by DORA is limited to electrical and plumbing trades. General contractor and specialty restoration licensing is delegated entirely to local municipal and county governments (such as Denver, Colorado Springs, Aurora, and Littleton), which establish their own local licensing tiers (e.g., Class A, B, C, D).","Colorado Department of Regulatory Agencies (DORA), Division of Professions and Occupations, 2024, https://dora.colorado.gov"
restoration,Connecticut,CT,29.17,28.84,"U.S. Bureau of Labor Statistics (BLS) OEWS, May 2023 State and National Occupational Employment and Wage Statistics (SOC 47-4090 / 47-4099), https://www.bls.gov/oes/current/oes_ct.htm and https://www.bls.gov/oes/current/oes_nat.htm","State-level registration is required in Connecticut through the Department of Consumer Protection (DCP) under the Home Improvement Act (CGS § 20-417a) for residential restoration and remediation contracts over $200 (or cumulative $1,000/year) as a Home Improvement Contractor (HIC). Environmental hazard remediation (asbestos, lead, mold abatement) requires separate specialty licenses/certifications administered by the CT Department of Public Health (DPH).","Connecticut Department of Consumer Protection (DCP), Home Improvement Contractor Requirements, 2024"
restoration,Delaware,DE,21.77,-5.92,"U.S. Bureau of Labor Statistics & O*NET Online, 2025 OEWS Wage Data, https://www.onetonline.org/link/localwages/47-4099.00?st=DE","Delaware does not issue a general state-level trade license for standard restoration contractors; all contractors must obtain a General Contractor Business License from the Delaware Division of Revenue and register with the Delaware Department of Labor under the Delaware Contractor Registration Act (19 Del. C. Ch. 36). Specialized environmental remediation (e.g., asbestos abatement) requires state-level Class A or Class B Contractor licensing through the State Asbestos Office (OMB Division of Facilities Management / DNREC under 19 DE Admin. Code 4103). Building permits and specific trade competency licenses are managed at the county and municipal levels.","Delaware Department of Labor & OMB Division of Facilities Management Asbestos Office, 2024, https://delaware.gov"
restoration,Florida,FL,22.36,-1.24,"U.S. Bureau of Labor Statistics, May 2023 OEWS, https://www.bls.gov/oes/current/oes_fl.htm","State-level license required. Under Florida Statutes Chapter 468, Part XVI, anyone performing mold remediation on affected areas greater than 10 square feet must hold a license issued by the Florida Department of Business and Professional Regulation (DBPR). Licensing tiers consist of Mold Remediator and Mold Assessor, with statutory restrictions prohibiting a professional from performing both assessment and remediation on the same project within 12 months.","Florida Department of Business and Professional Regulation (DBPR), 2024, https://www.myfloridalicense.com"
restoration,Georgia,GA,21.62,-4.51,"U.S. Bureau of Labor Statistics, Occupational Employment and Wage Statistics (OEWS) May 2022 State Estimates for Georgia and May 2023 National Data, 2024, https://www.bls.gov/oes/current/oes_ga.htm","Georgia does not issue a specific state license for general restoration or mold remediation, but structural repair work valued above $2,500 requires a contractor license issued by the Georgia State Licensing Board for Residential and General Contractors (O.C.G.A. Title 43, Chapter 41). License tiers include Residential Basic, Residential Light Commercial (up to 4 stories / 100,000 sq ft), General Contractor Limited Tier (projects up to $500,000), and General Contractor (unrestricted). Specialty sub-trades (electrical, plumbing, HVAC) and asbestos removal require separate state licensing.","Georgia Secretary of State, State Licensing Board for Residential and General Contractors, 2024, https://sos.ga.gov/georgia-state-licensing-board-residential-and-general-contractors"
restoration,Hawaii,HI,32.32,39.67,"U.S. Bureau of Labor Statistics, Occupational Employment and Wage Statistics (OEWS), May 2024, https://www.bls.gov/oes","State-level contractor license is required for any project exceeding $1,500 in total labor and material cost, administered by the Hawaii Department of Commerce and Consumer Affairs (DCCA) Contractors License Board under Hawaii Revised Statutes Chapter 444. License classifications include Class A (General Engineering Contractor), Class B (General Building Contractor), and Class C (Specialty Contractor).","Hawaii Department of Commerce and Consumer Affairs (DCCA), Contractors License Board, HRS Chapter 444, 2024, https://cca.hawaii.gov/pvl/boards/contractor"
restoration,Idaho,ID,20.29,-10.38,"U.S. Bureau of Labor Statistics (BLS) State Occupational Employment and Wage Statistics (OEWS), May 2023, https://www.bls.gov/oes/current/oes_id.htm","Idaho requires state-level contractor registration (rather than trade licensure) through the Idaho Contractors Board for construction, alteration, or restoration work exceeding $2,000 in combined materials and labor. Specialty trades such as electrical, plumbing, and HVAC are licensed separately, and public works contracting requires a separate license with tiered financial limits.","Idaho Division of Occupational and Professional Licenses (DOPL), Idaho Contractors Board, 2024, https://dopl.idaho.gov/con"
restoration,Illinois,IL,23.24,2.65,"U.S. Bureau of Labor Statistics (BLS) OEWS, May 2023, https://www.bls.gov/oes/current/oes_il.htm","Illinois does not mandate a statewide general contractor or standalone restoration/mold remediation license. Contractor licensing is primarily administered at the municipal level (e.g., City of Chicago Department of Buildings). However, state-level licensing is required for specific hazardous remediation and trade work: the Illinois Department of Public Health (IDPH) licenses asbestos abatement contractors (225 ILCS 207) and lead abatement contractors (410 ILCS 45), while the Illinois Department of Financial and Professional Regulation (IDFPR) licenses roofing contractors in Limited (residential 8 units or fewer) and Unlimited (residential, commercial, industrial) tiers.","Illinois Department of Financial and Professional Regulation (IDFPR) / Illinois Department of Public Health (IDPH), 2026, https://idfpr.illinois.gov"
restoration,Indiana,IN,21.88,-3.36,"U.S. Bureau of Labor Statistics, May 2023 State Occupational Employment and Wage Estimates - Indiana (SOC 47-4090 Miscellaneous Construction and Related Workers), released April 2024, https://www.bls.gov/oes/current/oes_in.htm","Indiana does not require or issue a statewide general contractor license for restoration and remediation trade work. General contractor licensing and registration are managed at the local municipal and county level (e.g., City of Indianapolis / Marion County Department of Business and Neighborhood Services). However, specific environmental remediation trades carry state-level certification requirements, such as asbestos abatement contractor licensing regulated by the Indiana Department of Environmental Management (IDEM) under 326 IAC 18.","Indiana Department of Environmental Management, 2024, https://www.in.gov/idem/asbestos/training-and-licensing/ and City of Indianapolis Department of Business and Neighborhood Services, 2024, https://www.indy.gov/activity/contractor-licenses"
restoration,Iowa,IA,21.08,-6.89,"U.S. Bureau of Labor Statistics, May 2023 Occupational Employment and Wage Statistics (OEWS), https://www.bls.gov/oes/current/oes_ia.htm","State-level contractor registration is required in Iowa under Iowa Code Chapter 91C for any individual or business performing construction work that earns at least $2,000 per year, administered by the Iowa Department of Inspections, Appeals, and Licensing (DIAL). While specialty trades like plumbing, HVAC, and electrical require specific trade licenses, general restoration and remediation work falls under general construction contractor registration, with local municipal permits or licensing applying in certain cities.","Iowa Department of Inspections, Appeals, and Licensing, 2024, https://dial.iowa.gov"
restoration,Kansas,KS,21.18,-6.45,"U.S. Bureau of Labor Statistics (BLS) Occupational Employment and Wage Statistics (OEWS), May 2023, https://www.bls.gov/oes/current/oes_ks.htm","Kansas does not issue or require a statewide license for general contracting or restoration and remediation work (such as water, fire, or mold restoration). Construction and restoration licensing is regulated at the municipal and county levels (e.g., Johnson County, Wichita, City of Topeka, Wyandotte County). Statewide licensing is required only for specific hazardous material abatement trades, such as asbestos abatement (business entity licensing and Class I Worker / Class II Supervisor certifications) and lead hazard abatement, administered by the state health department.","Kansas Department of Health and Environment (KDHE), 2023, https://www.kdhe.ks.gov"
restoration,Kentucky,KY,21.1,-6.8,"BLS state OEWS, May 2023, https://www.bls.gov/oes/current/oes_ky.htm","No statewide general contractor or restoration/remediation license is required in Kentucky; contractor licensing is governed at the city and county level (e.g., Louisville, Lexington). However, the Kentucky Department of Housing, Buildings and Construction (DHBC) regulates specific trades (electrical, plumbing, HVAC), and asbestos abatement entities must obtain certification from the Kentucky Division for Air Quality under 401 KAR 58:040.","Kentucky Department of Housing, Buildings and Construction / Kentucky Division for Air Quality, 2023, https://dhbc.ky.gov / https://eec.ky.gov"
restoration,Louisiana,LA,24.24,7.07,"BLS State OEWS, U.S. Bureau of Labor Statistics, 2024, https://www.bls.gov/oes/current/oes_la.htm","In Louisiana, contractor licensing is regulated at the state level by the Louisiana State Licensing Board for Contractors (LSLBC). A Mold Remediation Contractor license is required for mold remediation projects valued at $7,500 or more (labor and materials), requiring 24 hours of board-approved training and passing the state Business & Law exam. Additional license tiers include Commercial Contractor (projects $50,000+, or $1+ for hazardous materials/asbestos/lead abatement), Residential Construction ($50,000+), and Home Improvement Registration ($7,500 to $50,000).","Louisiana State Licensing Board for Contractors (LSLBC), 2024, https://www.lslbc.gov"
restoration,Maine,ME,32.55,43.77,"BLS OEWS, May 2023 State Occupational Employment and Wage Estimates - Maine, U.S. Bureau of Labor Statistics, 2024, https://www.bls.gov/oes/current/oes_me.htm","Maine does not issue or require a state-level general contractor or restoration/remediation contractor license. Contracting activities are regulated at the municipal level via local business licenses and building permits. State-level trade licensing under the Office of Professional and Occupational Regulation (OPOR) is reserved for specific sub-trades such as electricians, plumbers, and fuel technicians, while hazardous material abatement (asbestos and lead) is certified through the Maine Department of Environmental Protection (DEP). For residential projects over $3,000, Maine's Home Construction Contracts Act (Title 10, Chapter 219-A) requires a formal written contract.","Maine Department of Professional and Financial Regulation, Office of Professional and Occupational Regulation (OPOR), 2024, https://www.maine.gov/pfr/professionallicensing"
restoration,Maryland,MD,24.69,9.05,"U.S. Bureau of Labor Statistics (BLS) Occupational Employment and Wage Statistics (OEWS), May 2023, https://www.bls.gov/oes/current/oes_md.htm","State-level licensing is required for residential restoration and remediation work in Maryland. Contractors performing residential restoration, water damage repair, or structural home improvements valued at $500 or more must hold a Home Improvement Contractor License issued by the Maryland Home Improvement Commission (MHIC). Commercial restoration does not require a statewide general contractor license. Additionally, under the Maryland Mold Act, mold remediation contractors operating on residential properties must register with the MHIC and assign at least one certified mold supervisor per project.","Maryland Department of Labor, Maryland Home Improvement Commission (MHIC), 2024"
restoration,Massachusetts,MA,36.57,61.53,"U.S. Bureau of Labor Statistics (BLS) Occupational Employment and Wage Statistics (OEWS), May 2023, https://www.bls.gov/oes/current/oes_ma.htm","State-level licensing is required in Massachusetts depending on the remediation scope. Structural restoration work requires a Construction Supervisor License (CSL) issued by the Board of Building Regulations and Standards (BBRS) / Office of Public Safety and Inspections (OPSI) under 780 CMR (tiers include Unrestricted CSL for structures up to 35,000 cu ft, Restricted CSL for 1- and 2-family dwellings, and Specialty CSLs), plus Home Improvement Contractor (HIC) registration with the Office of Consumer Affairs and Business Regulation (OCABR) under M.G.L. c. 142A for residential contracts over $1,000. Hazardous remediation requires specialty state licenses: Asbestos Abatement Contractor licensing issued by the Department of Labor Standards (DLS) under 454 CMR 28.00 / 453 CMR 6.00, and Lead Abatement Contractor licensing under 453 CMR 22.00.","Massachusetts Office of Consumer Affairs and Business Regulation (OCABR) & Department of Labor Standards (DLS), 2024, https://www.mass.gov/orgs/office-of-consumer-affairs-and-business-regulation"
restoration,Michigan,MI,19.53,-13.74,"U.S. Bureau of Labor Statistics OEWS, May 2023 State Occupational Employment and Wage Estimates for Michigan (SOC 47-4090 / 47-4099), https://www.bls.gov/oes/current/oes_mi.htm","Michigan does not issue a standalone restoration and remediation license for basic water drying or mold cleaning. However, structural reconstruction or rebuild work on residential properties requires a state-level Residential Builder license or Maintenance & Alteration Contractor license issued by LARA under the Michigan Occupational Code (PA 299 of 1980 / MCL 339). Environmental abatement work involving asbestos or lead requires licensing through EGLE or MDHHS.","Michigan Department of Licensing and Regulatory Affairs (LARA), 2024, https://www.michigan.gov/lara"
restoration,Minnesota,MN,30.03,32.64,"Bureau of Labor Statistics (BLS) Occupational Employment and Wage Statistics (OEWS), May 2023, https://www.bls.gov/oes/2023/may/oes_mn.htm","State-level licensing is required for restoration contractors performing work on residential structures (1 to 4 units) when contracting directly with homeowners across more than one trade or special skill. The Minnesota Department of Labor and Industry (DLI) issues two primary license tiers: Residential Building Contractor (covers new home construction and structural remodeling/repairs) and Residential Remodeler (covers alteration, repair, and improvement of existing residential structures). Contractors performing a single specialty skill or with gross annual receipts under $15,000 are exempt from residential contractor licensing requirements.","Minnesota Department of Labor and Industry (DLI), 2024"
restoration,Mississippi,MS,,,,"In Mississippi, contractor licensing for restoration and remediation work is administered at the state level by the Mississippi State Board of Contractors (MSBOC). A Commercial Contractor License is required for commercial construction, repair, or restoration projects exceeding $50,000. A Residential Contractor License is required for new residential construction over $50,000, or residential remodeling and roofing projects exceeding $10,000. Subcontractors performing specialty trades (e.g., electrical, plumbing, HVAC, mechanical) on residential projects are also regulated by MSBOC.","Mississippi State Board of Contractors (MSBOC), 2024, https://www.msboc.us"
restoration,Missouri,MO,19.91,-12.06,"U.S. Bureau of Labor Statistics (BLS) Occupational Employment and Wage Statistics (OEWS), May 2023, https://www.bls.gov/oes/2023/may/oes_mo.htm","Missouri does not issue or require a statewide general contractor or restoration/remediation contractor license. Licensing and registration requirements for restoration work are regulated at the municipal or county level (e.g., Kansas City, St. Louis, Springfield). State-level licensing is only required for specific trades (such as electrical) or specialized environmental abatement work like asbestos removal governed by the Missouri Department of Natural Resources.","Missouri Division of Professional Registration, 2024, https://pr.mo.gov"
restoration,Montana,MT,21.45,-5.26,"U.S. Bureau of Labor Statistics (BLS) Occupational Employment and Wage Statistics (OEWS), May 2023, https://www.bls.gov/oes/current/oes_mt.htm","Montana does not require a trade-specific state license for restoration and remediation contractors. The state mandates Construction Contractor Registration (CR) through the Montana Department of Labor and Industry for contractors with employees, or an Independent Contractor Exemption Certificate (ICEC) for sole proprietors without employees. Registration functions as a workers' compensation compliance credential rather than a trade competency examination.","Montana Department of Labor and Industry, 2024"
restoration,Nebraska,NE,21.66,-4.33,"BLS state OEWS, Bureau of Labor Statistics, May 2023 State Occupational Employment and Wage Estimates - Nebraska, https://www.bls.gov/oes/current/oes_ne.htm","State-level registration is required under the Nebraska Contractor Registration Act via the Nebraska Department of Labor for any entity performing construction, alterations, or repair work on real property. Nebraska does not issue state-level trade license tiers specifically for restoration and remediation, though trade licenses (e.g., electrical, plumbing) and building contractor license tiers (e.g., Class A-E) are required at the municipal level in cities such as Omaha and Lincoln.","Nebraska Department of Labor, 2025, Nebraska Contractor Registration Act"
restoration,Nevada,NV,21.73,-4.02,"BLS OEWS, May 2023, https://www.bls.gov/oes/current/oes_nv.htm","A state-level license issued by the Nevada State Contractors Board (NSCB) is required under Nevada Revised Statutes Chapter 624 for any structural restoration or remediation project valued at $1,000 or more (combined labor and materials). License classifications include Class B (General Building Contractor, such as B-2 Residential and Small Commercial) for structural repair and reconstruction, as well as Class C Specialty Contractor licenses including C-3 (Carpentry), C-14 (Waterproofing), C-21 (Refrigeration and Air Conditioning / HVAC), and C-31 (Wrecking and Demolition).","Nevada State Contractors Board, 2023, https://www.nvcontractorsboard.com"
restoration,New Hampshire,NH,23.27,2.78,"U.S. Bureau of Labor Statistics (BLS) OEWS, May 2023 State and National Occupational Employment and Wage Estimates, 2024, https://www.bls.gov/oes/current/oes_nh.htm","New Hampshire does not mandate a general state-level contractor or restoration/remediation license for standard property damage or mold remediation, leaving general contractor licensing and permitting to local municipal jurisdictions. However, specialized environmental remediation work like asbestos abatement is strictly regulated at the state level by the New Hampshire Department of Environmental Services (NHDES) under RSA 141-E and Env-A 1800, requiring Asbestos Abatement Entity licenses for firms and individual certifications for supervisors and workers.","New Hampshire Department of Environmental Services (NHDES), NH Administrative Code Env-A 1800 and RSA 141-E, 2024"
restoration,New Jersey,NJ,23.07,1.9,"U.S. Bureau of Labor Statistics, May 2023 OEWS State Occupational Employment and Wage Estimates - New Jersey, 2024, https://www.bls.gov/oes/current/oes_nj.htm","State-level registration is required for home improvement and restoration contractors under the Contractors' Business Registration Act (N.J.S.A. 56:8-136 et seq.) and the Home Improvement and Home Elevation Contractor Licensing Act (P.L. 2023, c. 237). Licensing/registration is managed at the state level by the New Jersey State Board of Home Improvement and Home Elevation Contractors under the Division of Consumer Affairs, with tiers including Home Improvement Contractor Business (HICB) and Home Elevation Contractor Business (HECB).","New Jersey Division of Consumer Affairs, Regulated Business Section - Home Improvement Contractor Business Unit, 2024, https://www.njconsumeraffairs.gov"
restoration,New Mexico,NM,37.58,65.99,"U.S. Bureau of Labor Statistics (BLS) Occupational Employment and Wage Statistics (OEWS), May 2023, https://www.bls.gov/oes/current/oes_nm.htm","A state-level license issued by the Construction Industries Division (CID) of the New Mexico Regulation and Licensing Department is required for contracting work exceeding $7,200 per year under the Construction Industries Licensing Act (NMSA 1978, § 60-13-1 et seq.). License classifications include General Building (GB-2 Residential, GB-98 General Building) and Building Specialty (GS classifications).","New Mexico Regulation and Licensing Department, Construction Industries Division (CID), Construction Industries Licensing Act (NMSA 1978, § 60-13-1 et seq.), 2024, https://www.rld.nm.gov/construction-industries"
restoration,New York,NY,23.15,2.25,"U.S. Bureau of Labor Statistics, May 2023 State and National OEWS (State: https://www.bls.gov/oes/current/oes_ny.htm ; National: https://www.bls.gov/oes/current/oes_nat.htm)","State-level licensing is required for remediation/mold contractors under New York State Labor Law Article 32, administered by the New York State Department of Labor (NYSDOL) Division of Safety and Health. Article 32 establishes four licensing tiers: Mold Assessor, Mold Remediation Contractor, Mold Abatement Worker Supervisor, and Mold Abatement Worker. State law also strictly prohibits an individual or company from performing both mold assessment and mold remediation on the same property.","New York State Department of Labor, 2023"
restoration,North Carolina,NC,19.48,-13.96,"U.S. Bureau of Labor Statistics (BLS), May 2023 State Occupational Employment and Wage Estimates - North Carolina, 2024, https://www.bls.gov/oes/2023/may/oes_nc.htm","State-level general contractor licensing is administered by the North Carolina Licensing Board for General Contractors (NCLBGC). A license is required for any restoration, remediation, or repair project where the total cost of the undertaking is $40,000 or more (N.C. Gen. Stat. § 87-1, threshold updated Oct 1, 2023). Projects below $40,000 do not require a state general contractor license. The board issues licenses in three financial limitation tiers: Limited License (individual projects up to $750,000), Intermediate License (individual projects up to $1,500,000), and Unlimited License (no limit on project value).","North Carolina General Assembly / N.C. Gen. Stat. § 87-1, 2023, https://www.ncleg.gov/EnactedLegislation/Statutes/HTML/ByArticle/Chapter_87/Article_1.html"
restoration,North Dakota,ND,23.42,3.45,"U.S. Bureau of Labor Statistics (BLS) Occupational Employment and Wage Statistics (OEWS), May 2023, https://www.bls.gov/oes/current/oes_nd.htm","In North Dakota, a statewide contractor license issued by the Secretary of State is legally required for any commercial or residential construction, repair, alteration, or restoration work when a single project contract value is $4,000 or more (NDCC § 43-07-02). Licensing is tiered into four classes based on maximum per-project contract amounts: Class A (unlimited / over $500,000), Class B (up to $500,000), Class C (up to $300,000), and Class D (up to $100,000).","North Dakota Secretary of State Contractor Licensing Board, 2024"
restoration,Ohio,OH,23.04,-0.43,"U.S. Bureau of Labor Statistics (BLS) / O*NET, 2024 OEWS Data, https://www.onetonline.org/link/localwages/47-4099.00?st=OH","No statewide restoration contractor license is required in Ohio. State-level contractor licensing is administered by the Ohio Construction Industry Licensing Board (OCILB) under ORC Chapter 4740 only for specific commercial trades (Electrical, HVAC, Plumbing, Hydronics, and Refrigeration). Restoration, water damage mitigation, and mold remediation are regulated at the local municipal/county level, whereas asbestos hazard abatement contractors require a state license issued by the Ohio EPA.","Ohio Construction Industry Licensing Board (OCILB), Ohio Department of Commerce, 2024, https://com.ohio.gov/divisions-and-programs/industrial-compliance/boards/ohio-construction-industry-licensing-board"
restoration,Oklahoma,OK,18.22,-19.52,"U.S. Bureau of Labor Statistics, May 2023 OEWS, https://www.bls.gov/oes/current/oes_ok.htm","Oklahoma does not issue a state-level general contractor or general restoration and remediation license; regulation and licensing for general restoration activities occur at the municipal or county level. However, state licenses are required for specialty trade work (electrical, plumbing, mechanical/HVAC) through the Oklahoma Construction Industries Board (CIB), and asbestos abatement certification is required through the Oklahoma Department of Labor.","Oklahoma Construction Industries Board, 2024, https://cib.ok.gov"
restoration,Oregon,OR,22.58,-0.27,"U.S. Bureau of Labor Statistics, May 2023 Occupational Employment and Wage Statistics (OEWS), https://www.bls.gov/oes/2023/may/oes_or.htm","State-level contractor license required through the Oregon Construction Contractors Board (CCB) for performing restoration and remediation work for compensation. License endorsement tiers include Residential General Contractor, Residential Specialty Contractor, Residential Limited Contractor, Commercial General Contractor (Levels 1 & 2), Commercial Specialty Contractor (Levels 1 & 2), and Residential Restoration Contractor.","Oregon Construction Contractors Board (CCB), 2024, https://www.oregon.gov/ccb"
restoration,Pennsylvania,PA,25.01,10.47,"U.S. Bureau of Labor Statistics, May 2023 State Occupational Employment and Wage Estimates - Pennsylvania (https://www.bls.gov/oes/current/oes_pa.htm) and May 2023 National Occupational Employment and Wage Estimates (https://www.bls.gov/oes/current/oes_nat.htm)","Pennsylvania does not issue a state-level restoration or general contractor trade license. However, under the Home Improvement Consumer Protection Act (HICPA), Act 132 of 2008 (73 P.S. § 517.1 et seq.), any contractor performing residential restoration, remediation, or home improvement work valued at $5,000 or more annually (or on contracts exceeding $500) must register as a Home Improvement Contractor (HIC) with the Pennsylvania Office of Attorney General. Detailed trade licenses (e.g., electrical, plumbing, HVAC) are regulated at the municipal/county level (such as in Philadelphia and Pittsburgh).","Pennsylvania Office of Attorney General, Home Improvement Consumer Protection Act (HICPA) Registration (2024), https://www.attorneygeneral.gov/resources/home-improvement-contractor-registration"
restoration,Rhode Island,RI,,,,"In Rhode Island, state-level registration is required for construction, remodeling, and repair contractors under R.I. Gen. Laws § 5-65 through the Rhode Island Contractors' Registration and Licensing Board (RICRLB). While a trade-specific restoration license does not exist, all general contractors and subcontractors operating in residential or commercial construction must register with RICRLB. First-time applicants performing work on residential structures must complete a state-approved 5-hour pre-registration education course.","Rhode Island Contractors' Registration and Licensing Board, 2025"
restoration,South Carolina,SC,21.92,-3.18,"U.S. Bureau of Labor Statistics (BLS) Occupational Employment and Wage Statistics (OEWS), 2023, https://www.bls.gov/oes/current/oes_sc.htm","South Carolina does not issue a state-level license specifically for mold remediation or water damage restoration. However, structural restoration or construction work exceeding $5,000 requires licensure through the South Carolina Department of Labor, Licensing and Regulation (SC LLR) Contractor's Licensing Board (for commercial/general construction) or the Residential Builders Commission. Licensing for general contractors is divided into five financial tiers: Group 1 (up to $100,000), Group 2 (up to $400,000), Group 3 (up to $1,000,000), Group 4 (up to $3,000,000), and Group 5 (Unlimited).","South Carolina Department of Labor, Licensing and Regulation (SC LLR) Contractor's Licensing Board, 2024, https://llr.sc.gov/clb"
restoration,South Dakota,SD,,,,"South Dakota does not require or issue a state-level contractor license for restoration and remediation (or general contracting); state contractor licensing is limited to specific trades such as electricians and plumbers. Local jurisdictions (cities and counties, such as Sioux Falls, Spearfish, and Watertown) regulate contractors and may require local licenses or permits. At the state level, all contractors performing repair, construction, or remediation services must obtain a Contractor's Excise Tax License from the South Dakota Department of Revenue.","South Dakota Department of Revenue, 2025, https://dor.sd.gov"
restoration,Tennessee,TN,20.67,-8.7,"U.S. Bureau of Labor Statistics (BLS) Occupational Employment and Wage Statistics (OEWS), May 2023 (released April 2024), https://www.bls.gov/oes/current/oes_tn.htm","State-level contractor licensing is required in Tennessee under TCA Title 62, Chapter 6, administered by the Board for Licensing Contractors within the Tennessee Department of Commerce and Insurance (TDCI). A Home Improvement License is required for residential restoration/remediation projects between $3,000 and $24,999. Projects valued at $25,000 or more require a General Contractor License (with a Specialty/Environmental classification or S-Mold designation). Licenses are assigned strict monetary limits based on ten times the contractor's working capital or net worth.","Tennessee Board for Licensing Contractors, Tennessee Department of Commerce and Insurance (TDCI), 2024, https://www.tn.gov/commerce/regboards/contractors.html"
restoration,Texas,TX,22.47,-0.75,"U.S. Bureau of Labor Statistics (BLS) Occupational Employment and Wage Statistics (OEWS), May 2023, https://www.bls.gov/oes/2023/may/oes_tx.htm","Texas does not require a state-level general contractor license for general restoration work; general construction permitting is handled at the city or county level. However, specialty hazardous remediation trades are regulated at the state level: Mold Remediation is licensed by the Texas Department of Licensing and Regulation (TDLR) under Texas Occupations Code Chapter 1958 with tiers including Mold Remediation Worker (registration), Mold Remediation Contractor (license), and Mold Remediation Company (license). Asbestos abatement is licensed separately by the Texas Department of State Health Services (DSHS).","Texas Department of Licensing and Regulation (TDLR), Mold Remediation Licensing Program, 2024"
restoration,Utah,UT,21,-7.24,"U.S. Bureau of Labor Statistics (BLS) Occupational Employment and Wage Statistics (OEWS), May 2023, https://www.bls.gov/oes/current/oes_ut.htm","In Utah, state-level contractor licensing is administered by the Division of Occupational and Professional Licensing (DOPL) under the Utah Construction Trades Licensing Act (Utah Code Title 58, Chapter 55) for construction, remodeling, repair, or restoration work valued at $3,000 or more. Licensing tiers include General Contractor primary classifications (B100 General Building, R100 Residential and Small Commercial, R101 Non-Structural Remodel and Repair, E100 General Engineering) and Specialty Contractor subclassifications (such as S270 Drywall, Paint, and Plastering; S280 Roofing; S310 Foundation, Excavation, and Demolition; S354 Radon Mitigation; and S700 Limited Scope Contractor).","Utah Division of Occupational and Professional Licensing (DOPL), 2024, https://dopl.utah.gov/contractor"
restoration,Vermont,VT,23.28,2.83,"U.S. Bureau of Labor Statistics, May 2023 State Occupational Employment and Wage Estimates - Vermont, https://www.bls.gov/oes/current/oes_vt.htm","Vermont does not issue a general state-level contractor license for restoration and remediation contractors. However, residential contractors performing construction, repair, or remediation projects valued at $10,000 or more must register with the Vermont Secretary of State Office of Professional Regulation (OPR). Hazardous material remediation activities are regulated at the state level by the Vermont Department of Health (VDH) Asbestos and Lead Regulatory Program (ALRP), requiring specialized licenses such as Lead-Safe Renovation, Repair, Painting, and Maintenance (RRPM) Firm and Supervisor licenses, or Asbestos Abatement Contractor licenses.","Vermont Department of Health & Vermont Secretary of State Office of Professional Regulation, 2023/2024, https://www.healthvermont.gov/environment/asbestos-lead-requirements"
restoration,Virginia,VA,23.34,3.09,"U.S. Bureau of Labor Statistics, May 2023 State Occupational Employment and Wage Estimates - Virginia, SOC 47-4090 (Miscellaneous Construction and Related Workers, including SOC 47-4099), https://www.bls.gov/oes/current/oes_va.htm","State-level contractor licensing is required in Virginia through the Department of Professional and Occupational Regulation (DPOR) Board for Contractors. Licensing is structured into three monetary classes: Class A (unlimited project and annual values), Class B (projects under $120,000 and annual aggregate under $750,000), and Class C (projects between $1,000 and $10,000, max $150,000 annually). Specialized hazardous remediation work (such as Asbestos ASB and Lead Abatement LAC) requires specialty endorsements and qualified individuals certified via the Board for Asbestos, Lead, and Home Inspectors.","Virginia Department of Professional and Occupational Regulation (DPOR), Board for Contractors, 2024, https://www.dpor.virginia.gov/Boards/Contractors"
restoration,Washington,WA,29.04,28.27,"U.S. Bureau of Labor Statistics (BLS) OEWS, May 2023 State Occupational Employment and Wage Estimates - Washington, https://www.bls.gov/oes/current/oes_wa.htm","State-level contractor registration is required in Washington by the Department of Labor & Industries (L&I) under RCW 18.27 before bidding or performing construction or remediation work. The state establishes two primary contractor tiers: General Contractors (authorized to perform any construction work and hire subcontractors across trades) and Specialty Contractors (covering 63 designated specialty trades, restricted to performing work in their specific classification and prohibited from hiring subcontractors).","Washington State Department of Labor & Industries (L&I), 2024, https://lni.wa.gov/licensing-permits/contractors/register-as-a-contractor"
restoration,West Virginia,WV,13.55,-23.58,"U.S. Bureau of Labor Statistics OEWS, 2016, https://www.bls.gov/oes/2016/may/oes_wv.htm","A state-level contractor license issued by the West Virginia Contractor Licensing Board (under the West Virginia Division of Labor) is required for general restoration, remodeling, and construction work exceeding $2,500 in value. License classifications include General Building Contractor, Residential Contractor, Remodeling and Repair Contractor, and Specialty Contractor. Standalone mold remediation licensing is not required at the state level, though environmental site remediation supervisors must hold a Licensed Remediation Specialist (LRS) certification from the West Virginia Department of Environmental Protection.","West Virginia Contractor Licensing Board, West Virginia Division of Labor, 2023, https://labor.wv.gov"
restoration,Wisconsin,WI,23.51,3.84,"U.S. Bureau of Labor Statistics OEWS, May 2023, https://www.bls.gov/oes/current/oes_wi.htm","Wisconsin does not mandate a state-level license for general commercial restoration work. However, residential restoration and construction on one- and two-family dwellings require a Dwelling Contractor or Dwelling Contractor Restricted credential issued by the Wisconsin Department of Safety and Professional Services (DSPS), paired with a Dwelling Contractor Qualifier certification.","Wisconsin Department of Safety and Professional Services (DSPS), Dwelling Contractor Credentialing, 2024, https://dsps.wi.gov/Pages/Professions/DwellingContractor/Default.aspx"
restoration,Wyoming,WY,,,,"Wyoming does not require or issue a state-level contractor license for general contractors or restoration and remediation trades (SOC 47-4099). Licensing is managed entirely at the municipal and county levels (e.g., Cheyenne Contractor Licensing Board, City of Gillette, Town of Jackson), which establish local contractor classification tiers (such as Class A, Class B, Class C, and Class D licenses). The only specialty trade licensed at the state level in Wyoming is electrical contracting.","Wyoming Department of Workforce Services, 2025 Directory of Licensed Occupations in Wyoming (2025), https://doe.state.wy.us/LMI/licensed_occupations.htm"
