trade,topic,field,value_num,value_text,source,source_access,research_pass_count,confidence,derived,year,shared_across
hvac,wages_detail,median_hourly_wage_usd,28.75,,"U.S. Bureau of Labor Statistics Occupational Employment and Wage Statistics (OEWS), May 2024, https://www.bls.gov/oes/current/oes499021.htm",url,6,high-primary,false,2024,
hvac,wages_detail,median_annual_wage_usd,59810,,"U.S. Bureau of Labor Statistics Occupational Outlook Handbook (OOH), May 2024, https://www.bls.gov/ooh/installation-maintenance-and-repair/heating-air-conditioning-and-refrigeration-mechanics-and-installers.htm",url,6,high-primary,false,2024,
hvac,wages_detail,pct25_hourly_wage_usd,23,,"U.S. Bureau of Labor Statistics Occupational Employment and Wage Statistics (OEWS), May 2024, https://www.bls.gov/oes/current/oes499021.htm",url,6,high-primary,false,2024,
hvac,wages_detail,pct75_hourly_wage_usd,35.97,,"U.S. Bureau of Labor Statistics Occupational Employment and Wage Statistics (OEWS), May 2024, https://www.bls.gov/oes/current/oes499021.htm",url,6,high-primary,false,2024,
hvac,wages_detail,pct90_hourly_wage_usd,43.76,,"U.S. Bureau of Labor Statistics Occupational Employment and Wage Statistics (OEWS), May 2024, https://www.bls.gov/oes/current/oes499021.htm",url,6,high-primary,false,2024,
hvac,wages_detail,pct10_hourly_wage_usd,18.81,,"U.S. Bureau of Labor Statistics Occupational Employment and Wage Statistics (OEWS), May 2024, https://www.bls.gov/oes/current/oes499021.htm",url,6,high-primary,false,2024,
hvac,employment,us_employment,425200,,"U.S. Bureau of Labor Statistics, Occupational Outlook Handbook (2024), https://www.bls.gov/ooh/installation-maintenance-and-repair/heating-air-conditioning-and-refrigeration-mechanics-and-installers.htm",url,6,high-primary,false,2024,
hvac,employment,projected_10yr_growth_pct,8,,"U.S. Bureau of Labor Statistics, Occupational Outlook Handbook (2024-2034), https://www.bls.gov/ooh/installation-maintenance-and-repair/heating-air-conditioning-and-refrigeration-mechanics-and-installers.htm",url,6,high-primary,false,2024,
hvac,employment,annual_openings,40100,,"U.S. Bureau of Labor Statistics, Occupational Outlook Handbook (2024-2034), https://www.bls.gov/ooh/installation-maintenance-and-repair/heating-air-conditioning-and-refrigeration-mechanics-and-installers.htm",url,6,high-primary,false,2024,
hvac,employment,projected_10yr_net_change,34500,,"U.S. Bureau of Labor Statistics, Occupational Outlook Handbook (2024-2034), https://www.bls.gov/ooh/installation-maintenance-and-repair/heating-air-conditioning-and-refrigeration-mechanics-and-installers.htm",url,6,high-primary,false,2024,
hvac,labor_shortage,unfilled_openings,110000,,"Sheet Metal and Air Conditioning Contractors' National Association (SMACNA), 2025, https://www.smacna.org",url,5,med,false,2025,
hvac,labor_shortage,vacancy_rate_pct,3.5,,"U.S. Bureau of Labor Statistics (BLS) Job Openings and Labor Turnover Survey (JOLTS), 2026, https://www.bls.gov/news.release/jolts.t01.htm",url,3,adjudicated,false,2026,7
hvac,workforce_aging,median_worker_age,39.9,,"U.S. Bureau of Labor Statistics, Current Population Survey, Household Data Annual Averages, Table 11b (https://www.bls.gov/cps/cpsaat11b.htm)",url,6,high-primary,false,2025,
hvac,workforce_aging,pct_over_55,18.7,,"U.S. Bureau of Labor Statistics, Current Population Survey, Household Data Annual Averages, Table 11b (https://www.bls.gov/cps/cpsaat11b.htm)",url,6,high-primary,false,,
hvac,training_pipeline,apprenticeship_enrollment,8535,,"U.S. Bureau of Labor Statistics / Employment and Training Administration Office of Apprenticeship, 'Looking at apprenticeships outside the construction trades' (Career Outlook, November 2022), https://www.bls.gov/careeroutlook/2022/article/nonconstruction-apprenticeships.htm",url,3,high,false,2022,
hvac,training_pipeline,annual_completions,23253,,"U.S. Department of Education, National Center for Education Statistics (NCES) IPEDS Data via DataUSA, 'HVAC & Refrigeration Maintenance (CIP 47.0201) Total Degrees & Certificates Awarded', 2024, https://datausa.io/profile/cip/hvac-refrigeration-maintenance",url,3,med,false,2024,
hvac,immigration_reliance,pct_foreign_born,17.4,,"U.S. Census Bureau, American Community Survey 5-Year Estimates (https://www.census.gov/programs-surveys/acs)",url,5,high,false,2023,
hvac,unionization,union_membership_pct,15.4,,"Union Membership and Coverage Database (unionstats.com) / Current Population Survey (CPS), https://www.unionstats.com",url,5,high,false,,
hvac,licensing,states_requiring_license,37,,Air Conditioning Contractors of America (ACCA) State Licensing Survey (https://www.acca.org/members/industry/state-licensing),url,5,high,false,2024,
hvac,market_size,market_size_usd,159400000000,,"IBISWorld, Heating & Air-Conditioning Contractors in the US, 2026, https://www.ibisworld.com/united-states/market-research-reports/heating-air-conditioning-contractors-industry",url,4,med,false,2026,
hvac,market_size,cagr_pct,6.9,,"Trade Economy Index research synthesis: median of 1 cited research input: IBISWorld - Heating & Air-Conditioning Contractors in the US (2026), https://www.ibisworld.com/united-states/market-research-reports/heating-air-conditioning-contractors-industry",url,1,med,true,2026,
hvac,market_size,cagr_forecast_window,,2026-2033,"Trade Economy Index research synthesis: median of 1 cited research input: IBISWorld - Heating & Air-Conditioning Contractors in the US (2026), https://www.ibisworld.com/united-states/market-research-reports/heating-air-conditioning-contractors-industry",url,,,false,2026,
hvac,firm_counts,num_establishments,109601,,"U.S. Census Bureau, Statistics of U.S. Businesses (SUSB), https://www.census.gov/programs-surveys/susb.html",url,6,high-primary,false,2022,
hvac,firm_counts,num_firms,107004,,"U.S. Census Bureau, Statistics of U.S. Businesses (SUSB), https://www.census.gov/programs-surveys/susb.html",url,6,high-primary,false,,
hvac,firm_counts,avg_employees_per_firm,10.9985,,"Trade Economy Index research synthesis: median of 2 cited research inputs: U.S. Census Bureau, Statistics of U.S. Businesses (SUSB), 2022, https://www.census.gov/data/tables/2022/econ/susb/2022-susb-annual.html | Calculated from U.S. Census Bureau, Statistics of U.S. Businesses (SUSB) employment and firm counts (https://www.census.gov/programs-surveys/susb.html)",url,6,high-primary,true,2022,
hvac,fragmentation,top4_firm_share_pct,4.1,,"U.S. Small Business Administration, 'Small Business Size Standards: Agriculture, Forestry, Fishing and Hunting; Mining, Quarrying, and Oil and Gas Extraction; Utilities; Construction', Proposed Rule, 85 FR 62239 (October 2, 2020), Table 4 'Size Standards Supported by Each Factor for Each Industry (Receipts)' at 85 FR 62248, column (6) headed 'Four-firm ratio (%)', row NAICS 238220 Plumbing, Heating, and Air-Conditioning Contractors. Derived by SBA from the U.S. Census Bureau special tabulation of the 2012 Economic Census. https://www.federalregister.gov/documents/2020/10/02/2020-21589/small-business-size-standards-agriculture-forestry-fishing-and-hunting-mining-quarrying-and-oil",url,1,high-primary,false,2020,
hvac,franchise_pen,franchise_penetration_pct,0.69,,"IBISWorld, 'HVAC Service Franchises in the US' (OD5583) & 'Heating & Air-Conditioning Contractors in the US' (23822a), 2026, https://www.ibisworld.com/united-states/market-research-reports",url,4,med,false,2026,
hvac,formation_rate,annual_new_firm_formation,90679,,"U.S. Census Bureau, Business Dynamics Statistics (BDS) - Sector 23 Construction, https://www.census.gov/programs-surveys/bds.html",url,5,low,false,2023,
hvac,formation_rate,annual_closure_rate_pct,11.1,,"U.S. Census Bureau, Business Dynamics Statistics (BDS) - 2023 Sector 23 Establishment Exit Rate, https://www.census.gov/programs-surveys/bds.html",url,5,low,false,2023,
hvac,formation_rate,survival_5yr_pct,49,,"U.S. Bureau of Labor Statistics, Business Employment Dynamics (BED), NAICS 2382 Building Equipment Contractors (https://www.bls.gov/bdm/)",url,5,low,false,,
hvac,margins,gross_margin_pct,21.01,,"Comfort Systems USA, Inc. Form 10-K (FY 2024), https://www.sec.gov/edgar/browse/?CIK=0001035983",url,6,high,false,2024,
hvac,margins,operating_margin_pct,8.24,,"Trade Economy Index research synthesis: median of 3 cited research inputs: Comfort Systems USA, Inc. 2023 Form 10-K (filed Feb 22, 2024), https://www.sec.gov/ix?doc=/Archives/edgar/data/0001035985/000119312524042859/d512411d10k.htm (Cross-checked against EMCOR Group, Inc. 2023 Form 10-K operating margin of 7.0% https://www.sec.gov) | CFMA 2025 Construction Financial Benchmarker Executive Summary (2024 data, https://www.cfma.org); cross-checked with IBISWorld Industry Report 23822a: Heating & Air-Conditioning Contractors in the US (2024 operating profit margin 5.4%, https://www.ibisworld.com) and Comfort Systems USA, Inc. SEC Form 10-K (2023 operating margin 7.0%, https://www.sec.gov) | Construction Financial Management Association (CFMA) Construction Industry Annual Financial Survey / Benchmarker, https://cfma.org/benchmarker",url,6,med,true,2025,
hvac,margins,net_margin_pct,7.43,,"Comfort Systems USA, Inc. Form 10-K (FY 2024), https://www.sec.gov/edgar/browse/?CIK=0001035983",url,6,med,false,2024,
hvac,cost_structure,labor_pct_of_revenue,29.4,,"IBISWorld, Heating & Air-Conditioning Contractors in the US (Report 23822), 2019, https://www.ibisworld.com/united-states/market-research-reports/heating-air-conditioning-contractors-industry",url,5,low,false,2019,5
hvac,cost_structure,materials_pct_of_revenue,41.7,,"IBISWorld, Heating & Air-Conditioning Contractors in the US (Report 23822), 2019, https://www.ibisworld.com/united-states/market-research-reports/heating-air-conditioning-contractors-industry",url,5,low,false,2019,6
hvac,cost_structure,sga_overhead_pct,10.4,,"Comfort Systems USA, Inc. Form 10-K for Fiscal Year Ended December 31, 2024, 2024, https://www.sec.gov",url,5,med,false,2024,
hvac,productivity,revenue_per_employee_usd,252898,,"U.S. Census Bureau, 2022 Economic Census (NAICS 238220: Plumbing, Heating, and Air-Conditioning Contractors), https://www.census.gov/programs-surveys/economic-census.html",url,5,high,false,2022,
hvac,productivity,gross_profit_per_labor_hour_usd,97.5,,"Trade Economy Index estimate, triangulated across contractor productivity studies and Level CFO gross-profit-per-hour framing (https://levelcfo.com/guides/gross-profit-per-hour/); Level does not publish a trade-split HVAC GP/hour figure",url,1,low,false,,
hvac,productivity,billable_utilization_pct,65,,"Air Conditioning Contractors of America (ACCA) / Aquant 2025 Field Service Benchmark Report, 2025, https://www.acca.org",url,3,low,false,2025,7
hvac,cash_cycle_detail,dso_days,69.37,,"Limbach Holdings, Inc. Form 10-K (2024), https://www.sec.gov",url,2,low,false,2024,
hvac,cash_cycle_detail,dpo_days,33,,"EMCOR Group, Inc. Form 10-K / GuruFocus Financial Summary, 2024, https://www.gurufocus.com/stock/EME/summary",url,3,med,false,2024,8
hvac,cash_cycle_detail,cash_conversion_cycle_days,48.36,,"Comfort Systems USA, Inc. Annual Report on Form 10-K for the Fiscal Year Ended December 31, 2025 (filed February 20, 2026), https://www.sec.gov",url,2,adjudicated,false,2026,
hvac,retainage_liens,payment_dispute_pct,23,,"Construction Financial Management Association (CFMA), CFMA Benchmarking Survey, 2025, https://cfma.org",url,1,low,false,2025,
hvac,bad_debt,bad_debt_write_off_pct,0.1,,"Comfort Systems USA, Inc., Form 10-K for the Fiscal Year Ended December 31, 2024, https://www.sec.gov/ix?doc=/Archives/edgar/data/0001035983/000103598325000007/fix-20241231.htm",url,6,med,false,2024,5
hvac,bad_debt,collection_rate_pct,85.1,,"Level CFO, The State of Contractor Finance (CFMA and SEC benchmark analysis), 2024, https://levelcfo.com",url,5,high-primary,false,2024,23
hvac,ai_task_breakdown,pct_physical_onsite_work,72.2,,"Accenture Research and Atlanta Regional Commission (2020), 'Automation Potential by Occupation: SOC 49-9021 Heating, Air Conditioning, and Refrigeration Mechanics and Installers', https://atlantaregional.org",url,5,med,false,2020,
hvac,ai_task_breakdown,pct_cognitive_backoffice_work,27.8,,"Accenture Research and Atlanta Regional Commission (2020), 'Automation Potential by Occupation: SOC 49-9021 Heating, Air Conditioning, and Refrigeration Mechanics and Installers', https://atlantaregional.org",url,5,med,false,2020,
hvac,ai_task_breakdown,ai_resistant_work,,"Physical on-site trade work remains highly resistant to AI and automation due to its complex tactile requirements, non-standardized working environments, and custom physical building constraints. Core AI-resistant tasks include: physical equipment installation and system retrofits (mounting outdoor air-handler units, running copper refrigerant lines, fitting sheet metal ductwork, and line-brazing/soldering); emergency hands-on troubleshooting and mechanical repairs; manual diagnostics in tight or hazardous spaces (attics, crawlspaces, and commercial rooftops); and regulated physical operations such as EPA Section 608-compliant refrigerant recovery, pressure leak testing, and vacuum evacuation. These tasks demand physical spatial reasoning, manual dexterity, adaptive problem-solving, and specialized physical trade skills that software algorithms cannot execute.","Air Conditioning Contractors of America (ACCA), 2025, https://www.acca.org/ai-implementation-moves-from-experimental-to-operational-in-hvacr-industry | ACHR NEWS / Podium & UpSmith Case Study, 2026, https://www.achrnews.com/articles/154406-how-contractors-are-navigating-the-ai-landscape",url,,low,false,2026,
hvac,ai_task_breakdown,automatable_work,,"Back-office administration, customer coordination, estimating, and scheduling in HVAC & Refrigeration are highly automatable through AI and Field Service Management (FSM) platforms. Key automatable functions include: (1) Customer Call Handling & Scheduling: 24/7 AI voice and chat agents that answer customer calls, handle emergency routing, and dynamically book appointments into CRMs; (2) Dispatching & Route Optimization: automated scheduling based on technician location, traffic, skill levels, and job priority; (3) Estimating & Follow-ups: AI-driven bid/quote generation and automated sales follow-up workflows for unsold estimates; (4) Compliance & Recordkeeping: automated EPA refrigerant tracking, invoice processing, and recordkeeping (saving technicians manual paperwork); and (5) Real-Time Field Knowledge: AI knowledge-base assistants providing instant access to equipment manuals, error codes, and historical job logs.","Air Conditioning Contractors of America (ACCA), 2025, https://www.acca.org/ai-implementation-moves-from-experimental-to-operational-in-hvacr-industry | ACHR NEWS / Podium & UpSmith Case Study, 2026, https://www.achrnews.com/articles/154406-how-contractors-are-navigating-the-ai-landscape",url,,low,false,2026,
hvac,fsm_software,fsm_adoption_pct,64,,"Business Research Insights, 2026, https://www.businessresearchinsights.com/market-reports/hvac-service-management-software-market-109015",url,3,med,false,2026,
hvac,fsm_software,dominant_fsm_software,,ServiceTitan,"Business Research Insights, 2026, https://www.businessresearchinsights.com/market-reports/hvac-service-management-software-market-112702",url,,,false,2026,
hvac,accounting_tech,common_accounting_software,,"QuickBooks, Sage (including Sage 100 Contractor, Sage 300 CRE, and Sage Intacct), and Viewpoint are the dominant accounting systems used by HVAC and specialty trade contractors. QuickBooks is the most widely adopted platform among small-to-midsize trade contractors (holding a 62.23% share of the small-business accounting market, with construction as its top vertical at 17.22% of users), while Sage is the leading accounting/ERP system for mid-market and enterprise specialty contractors (cited by 21.3% of surveyed contractors).","JBKnowledge 10th Annual Construction Technology Report (2021), https://jbknowledge.com/report; Business Dasher / Enlyft Accounting Market Share Report (2024), https://businessdasher.com",url,,,false,2024,
hvac,ai_adoption,adoption_examples,,"Documented industry research and contractor case studies reflect growing AI adoption: (1) ServiceTitan's 2026 State of AI in the Trades study (surveying over 1,000 contractors) found that while 12% have fully embedded AI into daily operations and 34% are actively experimenting, 62% of AI users report measurable productivity gains saving 3+ hours per week; (2) A 2026 survey of 600+ commercial HVAC contractors showed 43% use AI for jobsite search and chat assistance, 40% for automated compliance tracking, and 38% for recordkeeping, with apprentices 23% more likely to rely on AI for estimating than senior technicians; (3) At the ACCA 2025 conference, contractors showcased platforms like RILLA (voice AI analyzing technician customer interactions for automated sales coaching) and UpSmith/Podium integrated at Virginia contractor Leonard Splaine Co., which automated estimate follow-ups and increased closed sales on unsold estimates by 25%.","Air Conditioning Contractors of America (ACCA), 2025, https://www.acca.org/ai-implementation-moves-from-experimental-to-operational-in-hvacr-industry | ACHR NEWS / Podium & UpSmith Case Study, 2026, https://www.achrnews.com/articles/154406-how-contractors-are-navigating-the-ai-landscape",url,,low,false,2026,
hvac,leadgen_platforms,marketplace_penetration_pct,1.5,,"Angi Inc., Q1 2026 Shareholder Letter & Earnings Call (2026), https://ir.angi.com/quarterly-earnings",url,4,low,false,2026,11
hvac,leadgen_platforms,platform_take_rate_pct,10,,"Angi Inc., Q1 2026 Shareholder Letter & Earnings Call (2026), https://ir.angi.com/quarterly-earnings",url,5,med,false,2026,13
hvac,acquisition_mix,pct_referral,67,,The ACHR NEWS / BNP Media Clear Seas Research Survey (2024) - https://www.achrnews.com/articles/155118-survey-shows-how-homeowners-choose-their-hvac-contractor,url,1,low,false,2024,
hvac,acquisition_mix,pct_repeat,73,,The ACHR NEWS / BNP Media Clear Seas Research Survey (2024) - https://www.achrnews.com/articles/155118-survey-shows-how-homeowners-choose-their-hvac-contractor,url,1,low,false,2024,
hvac,insurance_warranty,home_warranty_penetration_pct,6,,"Frontdoor, Inc., Form 10-K for the Fiscal Year Ended December 31, 2024 (2025), https://www.sec.gov/edgar/browse/?CIK=0001727263",url,5,med,false,2025,6
hvac,recurring_mix,recurring_revenue_pct,18,,"IBISWorld, Heating & Air-Conditioning Contractors in the US, 2025 (via Sequoia GEO: )",citation-text-only,5,adjudicated,false,2025,
hvac,recurring_mix,service_agreement_attach_pct,25,,"Air Conditioning Contractors of America (ACCA, 2025), https://www.acca.org",url,3,med,false,2025,
hvac,contract_terms,typical_contract_length_months,12,,"Comfort Systems USA, Inc. Form 10-K (2025), https://www.sec.gov",url,5,high,false,2025,8
hvac,contract_terms,renewal_rate_pct,83,,"ACHR News (2023), https://www.achrnews.com/articles/153322-the-power-of-maintenance-agreements",url,5,high,false,2023,
hvac,cross_sell,avg_services_per_customer,0.65,,"Gray, Gray & Gray 33rd Annual Energy Industry Survey (2024) https://oilandenergyonline.com; cross-checked with Angus Energy Industry Research (2024) https://www.angusenergy.com",url,3,high,false,2024,
hvac,capital_intensity,startup_cost_usd,192758.5,,"Aire Serv SPV LLC 2025 Franchise Disclosure Document (Item 7 Estimated Initial Investment Range Midpoint of $113,808.50 to $271,708.50), 2025, https://www.neighborly.com/aire-serv",url,5,med,false,2025,
hvac,capital_intensity,capex_pct_of_revenue,0.9,,"IBISWorld Industry Report 23822a: Heating & Air-Conditioning Contractors in the US (Capital Investment / Depreciation as % of Revenue), 2024, https://www.ibisworld.com/united-states/market-research-reports/heating-air-conditioning-contractors-industry",url,5,high,false,2024,
hvac,data_assets,iot_telemetry_penetration_pct,41.3,,"Trade Economy Index research synthesis: median of 1 cited research input: The ACHR NEWS / Decision Analyst 2025 American Home Comfort Study, 2026",citation-text-only,1,med,true,2026,
hvac,consolidation,consolidation_activity,,"The US HVAC & Refrigeration trade is experiencing high-intensity private equity (PE) consolidation and roll-up activity across both residential and commercial/industrial segments. Capstone Partners' July 2026 HVAC Services Sector Update reported steady deal flow with 92 transactions YTD 2026, dominated by PE add-on acquisitions (comprising 41.3% of total deals, with 38 add-on transactions). This follows Capstone's tracking of 149 HVAC service transactions in 2025 (a 12.9% YoY increase). PitchBook's Q2 2025 Analyst Note reported a record 55 PE-closed HVAC deals in 2024 (a 72% YoY surge from 2023). S&P Global Market Intelligence (October 2025) highlighted that global PE add-on transactions targeting HVAC service providers surged 88% YoY through mid-2025. Valuations remain elevated, with PE Hub (March 2026) reporting scaled residential HVAC roll-up platforms trading at 16x-19x EBITDA and commercial/industrial HVAC/R platforms trading at 10x-17x EBITDA.","Capstone Partners (2026); PitchBook Data (2025, https://pitchbook.com/news/reports/q2-2025-pitchbook-analyst-note-clearing-the-air-on-hvac); S&P Global Market Intelligence (2025, https://www.spglobal.com/marketintelligence/); PE Hub (2026, https://www.pehub.com/)",url,,,false,2026,
hvac,consolidation,notable_platforms,,"Prominent PE-backed platforms driving HVAC & Refrigeration roll-up consolidation include: (1) Apex Service Partners (Alpine Investors / Apollo Global Management; Apollo made a strategic investment at a ~$10B EV in May 2026, with Apex closing ~60 add-ons in 2025 alone); (2) CoolSys (Ares Management; commercial and industrial refrigeration and HVAC platform with over 10 add-on acquisitions); (3) Wrench Group (Leonard Green & Partners; national home services platform combining residential HVAC, plumbing, and electrical providers); (4) Sila Services (Goldman Sachs Alternatives; $1.5B platform deal, acquiring over 35 regional HVAC brands); (5) Service Champions / Champions Group (acquired by Blackstone at a $2.5B EV / 18.5x EBITDA); and (6) Nextech (Audax Private Equity; commercial HVAC/R service platform across 40+ locations).","PE Hub (2026, https://www.pehub.com/); PitchBook Data (2025, https://pitchbook.com/news/reports/q2-2025-pitchbook-analyst-note-clearing-the-air-on-hvac); Capstone Partners (2026, https://www.capstonepartners.com/)",url,,,false,2026,
hvac,multiples,typical_ebitda_multiple_low,3.4,,"Trade Economy Index research synthesis: median of 2 cited research inputs: First Page Sage 'HVAC EBITDA & Valuation Multiples Report', 2025, https://firstpagesage.com/reports/hvac-ebitda-valuation-multiples | Axial, 'HVAC Business Valuation Multiples' (2025)",url,3,med,true,2025,
hvac,multiples,typical_ebitda_multiple_high,10.9,,"Trade Economy Index research synthesis: median of 2 cited research inputs: First Page Sage, 'HVAC EBITDA & Valuation Multiples - 2025 Report' (2025), https://firstpagesage.com/business/hvac-ebitda-valuation-multiples | Capstone Partners, 'HVAC Services M&A Update' (2026)",url,4,high,true,2026,
hvac,exit_environment,buyer_demand,,"Current buyer demand for US HVAC & Refrigeration businesses is strong and heavily dominated by private equity (PE) buy-and-build rollups as well as strategic consolidators. PE firms and portfolio platform add-ons account for over 50% of total industry transactions. Buyers value most: (1) recurring service and annual maintenance contract revenue, which provides predictable cash flows; (2) strong technician recruitment and workforce retention capabilities; (3) geographic branch density within target metros; and (4) high-demand specialized services such as industrial refrigeration, data center thermal management, and multi-trade service bundling (HVAC combined with plumbing and electrical).","Capstone Partners HVAC Services Sector Update (2025, https://www.capstonepartners.com) and PitchBook / Main Street Wealth HVAC Private Equity Analyst Note (2025, https://mainstreetwealth.ai)",url,,,false,2025,
hvac,exit_environment,exit_trend,,"The exit trend is heating up, with M&A deal volume exhibiting robust growth and outperforming the broader industrial market. Announced and completed HVAC services transactions reached 149 in 2025, representing a 12.9% year-over-year increase. While valuation multiples have normalized from peak pandemic spikes to average around 9.5x EV/EBITDA (2.0x EV/Revenue) for mid-market transactions and 2.5x-5.0x SDE for smaller Main Street businesses, total deal flow remains elevated due to market fragmentation and an aging installed base of systems requiring replacement.","Capstone Partners HVAC Services M&A Sector Update (2025, https://www.capstonepartners.com) and BizBuySell HVAC Business Transaction Trends (2025, https://www.bizbuysell.com)",url,,,false,2025,
hvac,demand_drivers,installed_base_units,130000000,,"Carrier Global / ACHR News (2026), https://www.achrnews.com/articles/153922-residential-hvac-replacement-market-slowed-in-2025",url,5,med,false,2026,
hvac,search_interest,yoy_search_change_pct,23,,Trade Economy Index research synthesis: median of 1 cited research input: Vrid.ai (2026) https://vrid.ai,url,1,med,true,2026,4
hvac,cust_acquisition,typical_cac_usd,296,,"Leads4Build, 'The Complete 2025 HVAC Industry Report', 2025, https://leads4build.com (cross-checked against PipelineOn, 'HVAC Customer Acquisition Cost Benchmarks', 2026, https://pipelineon.com)",url,5,med,false,2026,
hvac,cust_acquisition,avg_review_volume,21,,"ACHR News, 'Maximize Your HVAC Business's Visibility with Google Business Profile', 2024, https://www.achrnews.com (cross-checked against YDOP Google My Business Industry Study, 2020, https://www.ydop.com)",url,5,med,false,2024,
hvac,cust_acquisition,complaint_categories,,"Slowness/unresponsiveness, service or repair issues, product/equipment issues, billing disputes, and aggressive sales/advertising practices (such as upselling and bait-and-switch tactics).","Better Business Bureau (BBB) Industry Report (2023), https://www.bbb.org",url,,,false,2023,
plumbing,wages_detail,median_hourly_wage_usd,30.27,,"U.S. Bureau of Labor Statistics, Occupational Employment and Wage Statistics (OEWS), May 2024, https://www.bls.gov/oes/current/oes472152.htm",url,6,high-primary,false,2024,
plumbing,wages_detail,median_annual_wage_usd,62970,,"U.S. Bureau of Labor Statistics, Occupational Employment and Wage Statistics (OEWS), May 2024, https://www.bls.gov/oes/current/oes472152.htm",url,6,high-primary,false,2024,
plumbing,wages_detail,pct25_hourly_wage_usd,23.49,,"U.S. Bureau of Labor Statistics, Occupational Employment and Wage Statistics (OEWS), May 2024, https://www.bls.gov/oes/current/oes472152.htm",url,6,high-primary,false,2024,
plumbing,wages_detail,pct75_hourly_wage_usd,39.37,,"U.S. Bureau of Labor Statistics, Occupational Employment and Wage Statistics (OEWS), May 2024, https://www.bls.gov/oes/current/oes472152.htm",url,6,high-primary,false,2024,
plumbing,wages_detail,pct90_hourly_wage_usd,50.55,,"U.S. Bureau of Labor Statistics, Occupational Employment and Wage Statistics (OEWS), May 2024, https://www.bls.gov/oes/current/oes472152.htm",url,6,high-primary,false,2024,
plumbing,wages_detail,pct10_hourly_wage_usd,19.55,,"U.S. Bureau of Labor Statistics, Occupational Employment and Wage Statistics (OEWS), May 2024, https://www.bls.gov/oes/current/oes472152.htm",url,6,high-primary,false,2024,
plumbing,employment,us_employment,504500,,"U.S. Bureau of Labor Statistics, Employment Projections (2024-2034), https://www.bls.gov/emp/tables/occupational-projections-and-worker-characteristics.htm",url,6,high-primary,false,2024,
plumbing,employment,projected_10yr_growth_pct,4.25,,"Trade Economy Index research synthesis: median of 1 cited research input: U.S. Bureau of Labor Statistics, Employment Projections (Occupational Outlook Handbook), 2024, https://www.bls.gov/ooh/construction-and-extraction/plumbers-pipefitters-and-steamfitters.htm",url,6,high-primary,true,2024,
plumbing,employment,annual_openings,44000,,"U.S. Bureau of Labor Statistics, Employment Projections (2024-2034), https://www.bls.gov/emp/tables/occupational-projections-and-worker-characteristics.htm",url,6,high-primary,false,2024,
plumbing,employment,projected_10yr_net_change,22700,,"U.S. Bureau of Labor Statistics, Employment Projections (2024-2034), https://www.bls.gov/emp/tables/occupational-projections-and-worker-characteristics.htm",url,6,high-primary,false,2024,
plumbing,labor_shortage,unfilled_openings,44000,,"U.S. Bureau of Labor Statistics, Occupational Outlook Handbook: Plumbers, Pipefitters, and Steamfitters (2025), https://www.bls.gov/ooh/construction-and-extraction/plumbers-pipefitters-and-steamfitters.htm",url,6,high-primary,false,2025,
plumbing,labor_shortage,vacancy_rate_pct,3.5,,"U.S. Bureau of Labor Statistics, Job Openings and Labor Turnover Survey (JOLTS) - Construction Sector Job Openings Rate (2026), https://www.bls.gov/jlt",url,4,adjudicated,false,2026,7
plumbing,workforce_aging,median_worker_age,40.2,,"U.S. Bureau of Labor Statistics, Current Population Survey, Household Data Annual Averages Table 11b: Employed people by detailed occupation and age, 2025, https://www.bls.gov/cps/cpsaat11b.htm",url,6,high-primary,false,2025,
plumbing,workforce_aging,pct_over_55,18.4,,"U.S. Bureau of Labor Statistics, Current Population Survey, Household Data Annual Averages Table 11b: Employed people by detailed occupation and age, 2025, https://www.bls.gov/cps/cpsaat11b.htm",url,6,high-primary,false,2025,
plumbing,training_pipeline,apprenticeship_enrollment,28829,,"Institute for Women's Policy Research (IWPR) analysis of U.S. Department of Labor RAPIDS Data, 2024, https://iwpr.org",url,3,med,false,2023,
plumbing,immigration_reliance,pct_foreign_born,18,,National Association of Home Builders (NAHB) analysis of U.S. Census Bureau American Community Survey (ACS) PUMS data,citation-text-only,6,high-primary,false,2023,
plumbing,unionization,union_membership_pct,24.8,,"Unionstats.com (Barry T. Hirsch, David A. Macpherson, and William E. Even, Union Membership and Coverage Database from the CPS), 2022, https://www.unionstats.com",url,3,high,false,2022,
plumbing,licensing,states_requiring_license,44,,"1. FieldPulse ('Plumbing License Requirements by State Guide', 2025, https://www.fieldpulse.com); 2. Expertise.com ('Plumbing Licensing Requirements by State', 2024, https://www.expertise.com); 3. GetTradeLicense.com ('Plumber License Requirements by State', 2026, https://www.gettradelicense.com)",url,3,high,false,2026,
plumbing,market_size,market_size_usd,191400000000,,"IBISWorld, Plumbers in the US (2026), https://www.ibisworld.com/united-states/market-research-reports/plumbers-industry",url,5,low,false,2026,
plumbing,market_size,cagr_pct,3.1,,"IBISWorld, Plumbers in the US (2026), https://www.ibisworld.com/united-states/market-research-reports/plumbers-industry",url,5,low,false,2026,
plumbing,market_size,cagr_forecast_window,,2021-2026,"IBISWorld, Plumbers in the US (2026), https://www.ibisworld.com/united-states/market-research-reports/plumbers-industry",url,,,false,2026,
plumbing,firm_counts,num_establishments,109601,,"U.S. Census Bureau, Statistics of U.S. Businesses (SUSB), https://www.census.gov/data/tables/2022/econ/susb/2022-susb-annual.html",url,6,high-primary,false,2022,
plumbing,firm_counts,num_firms,107004,,"U.S. Census Bureau, Statistics of U.S. Businesses (SUSB), https://www.census.gov/data/tables/2022/econ/susb/2022-susb-annual.html",url,6,high-primary,false,,
plumbing,firm_counts,avg_employees_per_firm,10.997,,"U.S. Census Bureau, Statistics of U.S. Businesses (SUSB), https://www.census.gov/data/tables/2022/econ/susb/2022-susb-annual.html",url,6,high-primary,false,,
plumbing,fragmentation,top4_firm_share_pct,4.1,,"U.S. Small Business Administration, 'Small Business Size Standards: Agriculture, Forestry, Fishing and Hunting; Mining, Quarrying, and Oil and Gas Extraction; Utilities; Construction', Proposed Rule, 85 FR 62239 (October 2, 2020), Table 4 'Size Standards Supported by Each Factor for Each Industry (Receipts)' at 85 FR 62248, column (6) headed 'Four-firm ratio (%)', row NAICS 238220 Plumbing, Heating, and Air-Conditioning Contractors. Derived by SBA from the U.S. Census Bureau special tabulation of the 2012 Economic Census. https://www.federalregister.gov/documents/2020/10/02/2020-21589/small-business-size-standards-agriculture-forestry-fishing-and-hunting-mining-quarrying-and-oil",url,1,high-primary,false,2020,
plumbing,franchise_pen,franchise_penetration_pct,5,,"IBISWorld, 'Industry at a Glance: Plumbing Service Franchises OD5584' (2021)",citation-text-only,5,med,false,2021,
plumbing,formation_rate,annual_new_firm_formation,19076,,"U.S. Census Bureau, Business Dynamics Statistics (BDS), 2023, https://www.census.gov/programs-surveys/bds.html",url,5,high-primary,false,2023,
plumbing,formation_rate,annual_closure_rate_pct,9.25,,"Trade Economy Index research synthesis: median of 2 cited research inputs: U.S. Census Bureau, Business Dynamics Statistics (BDS) - NAICS 2382 Building Equipment Contractors (includes Plumbing, Heating, and Air-Conditioning Contractors), 2023, https://www.census.gov/programs-surveys/bds.html | U.S. Small Business Administration Office of Advocacy, Frequently Asked Questions About Small Business 2024",url,6,med,true,2024,
plumbing,formation_rate,survival_5yr_pct,51.099999999999994,,"Trade Economy Index research synthesis: median of 1 cited research input: U.S. Bureau of Labor Statistics, Business Employment Dynamics (BED) - Sector 23 Construction, 2024, https://www.bls.gov/opub/ted/2024/34-7-percent-of-business-establishments-born-in-2013-were-still-operating-in-2023.htm",url,6,high-primary,true,2024,
plumbing,margins,gross_margin_pct,22.1,,"Trade Economy Index research synthesis: median of 5 cited research inputs: CFMA 2024 Construction Financial Benchmarker, Construction Financial Management Association, https://cfma.org/benchmarker | Comfort Systems USA, Inc. Form 10-K (2024), https://www.sec.gov/ix?doc=/Archives/edgar/data/0001035983/000103598325000008/fix-20241231.htm (Gross Margin: 21.01%). Cross-checked against EMCOR Group, Inc. Form 10-K (2024), https://www.sec.gov/ix?doc=/Archives/edgar/data/0001056087/000105608725000008/eme-20241231.htm (18.98%) and Limbach Holdings, Inc. Form 10-K (2024), https://www.sec.gov/ix?doc=/Archives/edgar/data/0001606163/000160616325000011/lmb-20241231.htm (27.81%). | CFMA Construction Financial Benchmarker (Specialty Trade Contractors - NAICS 238220 Plumbing, Heating, and Air-Conditioning Contractors), https://www.cfma.org | EMCOR Group, Inc. 2024 Form 10-K (SEC Edgar, https://www.sec.gov/ix?doc=/Archives/edgar/data/105608/000010560825000009/eme-20241231.htm) | CFMA 2025 Construction Financial Benchmarker Executive Summary (Specialty Trade Contractors - NAICS 238220), 2024, https://cfma.org; cross-checked with EMCOR Group, Inc. Form 10-K (FY 2024, 17.1% gross margin), https://www.sec.gov",url,6,med,true,2025,
plumbing,margins,operating_margin_pct,7.1,,"CFMA 2024 Construction Financial Benchmarker, Construction Financial Management Association, https://cfma.org/benchmarker",url,6,med,false,2024,14
plumbing,cost_structure,labor_pct_of_revenue,11.9,,"U.S. Department of Energy Technical Support Document (2024), citing U.S. Census Bureau Economic Census for NAICS 238220 (Plumbing, Heating, and Air-Conditioning Contractors), https://www.regulations.gov",url,5,adjudicated,false,2024,
plumbing,cost_structure,materials_pct_of_revenue,42.9,,"IBISWorld Industry Report 23822b: Plumbers in the US (December 2019), https://www.ibisworld.com",url,5,med,false,2019,
plumbing,cost_structure,sga_overhead_pct,23.3,,"IBISWorld Industry Report 23822: Plumbers in the US, https://www.ibisworld.com/united-states/market-research-reports/plumbers-industry",url,5,med,false,,
plumbing,productivity,revenue_per_employee_usd,252898,,"U.S. Census Bureau, 2022 Economic Census (NAICS 238220 - Plumbing, Heating, and Air-Conditioning Contractors), https://www.census.gov/programs-surveys/economic-census.html",url,5,med,false,2022,
plumbing,productivity,billable_utilization_pct,75,,"Plumbing-Heating-Cooling Contractors Association (PHCC), 2025 Operational & Labor Benchmarks, https://www.phccweb.org",url,1,low,false,2025,5
plumbing,cash_cycle_detail,dso_days,55.2,,"CFMA 2025 Construction Financial Benchmarker, 2025, https://benchmarker.cfma.org",url,5,med,false,2025,
plumbing,cash_cycle_detail,dpo_days,33,,"EMCOR Group, Inc. FY2025 Form 10-K, 2026, https://www.sec.gov",url,5,med,false,2026,8
plumbing,cash_cycle_detail,cash_conversion_cycle_days,27.1,,"Calculated from CFMA 2025 Construction Financial Benchmarker (Specialty Trade Contractors: 55.2 DSO + 4.7 DIO - 32.8 DPO, https://cfma.org)",url,4,adjudicated,false,2025,
plumbing,retainage_liens,typical_retainage_pct,10,,"American Subcontractors Association (ASA) 2024 Legislative Priorities, 2024, https://www.asaonline.com",url,1,med,false,2024,11
plumbing,retainage_liens,payment_dispute_pct,47,,"Construction Financial Management Association (CFMA), 2023, https://cfma.org",url,1,med,false,2023,
plumbing,bad_debt,bad_debt_write_off_pct,0.0097,,"EMCOR Group, Inc. 2024 Form 10-K (filed February 24, 2025), https://www.sec.gov/ix?doc=/Archives/edgar/data/105608/000010560825000009/eme-20241231.htm",url,5,adjudicated,false,2025,
plumbing,bad_debt,collection_rate_pct,85.1,,"Level CFO, Plumbing Contractor Financial Benchmarks (2026), https://levelcfo.com/benchmarks/plumbing",url,3,high,false,2026,23
plumbing,ai_task_breakdown,pct_physical_onsite_work,65,,"Brookings Institution, 'Automation and Artificial Intelligence: How Machines Are Affecting People and Places' (2019)",citation-text-only,5,low,false,2019,
plumbing,ai_task_breakdown,pct_cognitive_backoffice_work,35,,"McKinsey Global Institute, 'A Future That Works: Automation, Employment, and Productivity' (2017), https://www.mckinsey.com/featured-insights/digital-disruption/harnessing-automation-for-a-future-that-works",url,5,adjudicated,false,2017,
plumbing,ai_task_breakdown,ai_resistant_work,,"Physical, on-site tasks in plumbing remain highly resistant to AI and robotics due to the unstructured, unpredictable nature of real-world job sites. Hands-on work, such as crawling under foundations, cutting and soldering copper pipes, threading gas lines, installing fixtures, performing manual leak repairs, and troubleshooting legacy piping systems, requires physical dexterity, tactile feedback, and spatial reasoning. Research by the McKinsey Global Institute highlights that unpredictable physical environments make skilled trades like plumbing among the least vulnerable to automation. Additionally, AI pioneer Geoffrey Hinton publicly noted in 2024/2025 that plumbing is one of the safest careers from AI disruption because algorithms cannot replicate physical presence and situational adaptability on-site. Housecall Pro's Spring 2025 Industry Trends Report corroborated this, finding that 73% of trade contractors reported AI has not reduced field hiring, as hands-on installations, diagnostics, and building customer trust remain strictly human.",McKinsey Global Institute (2018) - 'Skill shift: Automation and the future of the workforce' - https://www.mckinsey.com/featured-insights/future-of-work/skill-shift-automation-and-the-future-of-the-workforce | PHCPPros / PHCC Educational Foundation (2025) - 'Why the Godfather of AI Thinks You Should Become a Plumber' - https://www.phcppros.com,url,,low,false,2025,
plumbing,ai_task_breakdown,automatable_work,,"Back-office administration, customer coordination, dispatching, and estimating represent the most automatable operations in the plumbing trade. Key automatable tasks include: (1) 24/7 Call Answering & Triage, AI voice agents handle inbound calls on the first ring, triage emergency water leaks, collect job details, and book appointments without human intervention; (2) Intelligent Dispatch & Scheduling, machine learning algorithms optimize technician routing by analyzing real-time traffic, technician location, skill requirements, and job profitability; (3) Automated Field Estimating, software generates multi-option 'Good-Better-Best' quotes using site photos, standard rate books, and historical cost data; and (4) Workflow Follow-ups & Accounting Sync, automated systems send 'on-my-way' SMS alerts, follow up on unclosed proposals, request post-service reviews, and sync job data directly with accounting platforms like QuickBooks.",McKinsey Global Institute (2018) - 'Skill shift: Automation and the future of the workforce' - https://www.mckinsey.com/featured-insights/future-of-work/skill-shift-automation-and-the-future-of-the-workforce | PHCPPros / PHCC Educational Foundation (2025) - 'Why the Godfather of AI Thinks You Should Become a Plumber' - https://www.phcppros.com,url,,low,false,2025,
plumbing,fsm_software,fsm_adoption_pct,46,,"PHCC (Plumbing-Heating-Cooling Contractors Association) Technology Survey, cited in SchedulingKit (2026)",citation-text-only,1,adjudicated,false,2026,
plumbing,ai_adoption,ai_adoption_rate_pct,19,,"Plumbing-Heating-Cooling Contractors Association (PHCC) / Kynex Pro (2026), https://kynexpro.com",url,1,low,false,2026,
plumbing,ai_adoption,adoption_examples,,"Industry studies and software platform reports document rapid software-driven AI adoption across US plumbing contractors. According to Housecall Pro's Spring 2025 Industry Survey (400+ trade business owners), over 70% of respondents had adopted AI tools, with active users recovering an average of 3.2 hours per week (~160 hours annually) in reduced administrative burden. Industry data from 2024-2026 shows 68% of plumbing contractors with 10+ technicians have implemented AI-powered automation, with adoption concentrated in emergency dispatch (73%), automated customer messaging (61%), and dynamic scheduling optimization (58%). Leading platforms driving adoption include ServiceTitan (incorporating Atlas AI for dispatch and reporting), Housecall Pro (offering AI teams and trade-specific packages), and purpose-built tools like QuoteIQ and Fixlify AI (providing photo-based estimating and 24/7 AI call answering).",McKinsey Global Institute (2018) - 'Skill shift: Automation and the future of the workforce' - https://www.mckinsey.com/featured-insights/future-of-work/skill-shift-automation-and-the-future-of-the-workforce | PHCPPros / PHCC Educational Foundation (2025) - 'Why the Godfather of AI Thinks You Should Become a Plumber' - https://www.phcppros.com,url,,low,false,2025,
plumbing,leadgen_platforms,marketplace_penetration_pct,1.5,,"Angi Inc. Q1 2026 Shareholder Letter, 2026, https://ir.angi.com",url,5,med,false,2026,11
plumbing,leadgen_platforms,platform_take_rate_pct,10,,"Angi Inc. Q1 2026 Shareholder Letter, 2026, https://ir.angi.com",url,5,med,false,2026,13
plumbing,acquisition_mix,pct_referral,30,,"Lightning Path Partners, 2026",citation-text-only,2,low,false,2026,
plumbing,acquisition_mix,pct_digital,45,,"Lightning Path Partners, 2026",citation-text-only,2,low,false,2026,
plumbing,acquisition_mix,pct_marketplace,15,,"Lightning Path Partners, 2026",citation-text-only,2,med,false,2026,
plumbing,acquisition_mix,pct_repeat,10,,"Lightning Path Partners, 2026",citation-text-only,1,low,false,2026,
plumbing,insurance_warranty,home_warranty_penetration_pct,6,,"Frontdoor, Inc. Annual Report on Form 10-K for Fiscal Year Ended December 31, 2024 (2025), https://www.sec.gov/ix?doc=/Archives/edgar/data/1739445/000173944525000013/ftdr-20241231.htm",url,5,low,false,2025,6
plumbing,recurring_mix,recurring_revenue_pct,7.3,,"Comfort Systems USA, Inc. Form 10-K for FY 2025",citation-text-only,5,adjudicated,false,2025,
plumbing,recurring_mix,service_agreement_attach_pct,20,,"CT Acquisitions U.S. Plumbing Trade Valuation Report (2026), https://ctacquisitions.com/plumbing-business-valuation",url,3,low,false,2026,
plumbing,contract_terms,typical_contract_length_months,12,,"Comfort Systems USA, Inc. 2024 Form 10-K (2025), https://www.sec.gov/ix?doc=/Archives/edgar/data/1035983/000103598325000007/fix-20241231.htm",url,4,high,false,2025,8
plumbing,contract_terms,renewal_rate_pct,78.5,,"Frontdoor, Inc. Investor Day Transcript (2025), https://www.frontdoorhome.com",url,4,med,false,2025,
plumbing,cross_sell,avg_services_per_customer,2,,"Rollins, Inc., 2024, https://www.rollins.com",url,2,med,false,2024,
plumbing,cross_sell,upsell_attach_pct,20,,"CT Acquisitions (2026), https://ctacquisitions.com/plumbing-business-valuation",url,1,low,false,2026,
plumbing,capital_intensity,startup_cost_usd,225787.5,,"Mr. Rooter Plumbing SPV LLC, 2026 Franchise Disclosure Document (Item 7 Initial Investment Range: $152,900 to $298,675; Midpoint: $225,787.50)",citation-text-only,5,med,false,2026,
plumbing,capital_intensity,capex_pct_of_revenue,1.5,,"Comfort Systems USA, Inc., 2024 Form 10-K Annual Report (filed February 20, 2025; reporting $105.1 million in capital expenditures on $7.03 billion in total revenue = ~1.5%), https://www.sec.gov/edgar/browse/?CIK=0001035983",url,5,med,false,2025,
plumbing,data_assets,iot_telemetry_penetration_pct,24.6,,"Trade Economy Index research synthesis: median of 3 cited research inputs: Watts Water Technologies 2023 Sustainability Report (2024), https://www.watts.com | Parks Associates & Johnson Controls, 'Flooding the Market: Scaling Up Smart Water Management' White Paper, 2025, https://www.parksassociates.com; cross-checked with Parks Associates Industry Report, 2024, https://www.dmp.com/news/smart-home-tech-insurance-market | Opinion Dynamics, 2024, https://www.opiniondynamics.com",url,4,med,true,2025,
plumbing,consolidation,consolidation_activity,,"The U.S. residential plumbing and home services trade is experiencing highly intense private equity roll-up and consolidation activity. The consolidation is driven by structural market fragmentation (over 132,000 U.S. plumbing businesses with no single operator holding over 5% market share), non-discretionary emergency demand, and recurring service-contract revenues. PE firms are executing buy-and-build strategies across multi-trade platforms (combining plumbing, HVAC, and electrical) to capture multiple arbitrage between low-multiple tuck-in add-ons (3x-8x EBITDA) and high-multiple platform-level recapitalizations (16x-19x EBITDA). Financial buyers and PE-backed platforms currently account for over half of all residential mechanical/trade M&A transactions in the United States.","PitchBook ('PE hopes garage door roll-ups will be the new HVAC', 2026, https://pitchbook.com/news/articles/pe-hopes-garage-door-roll-ups-will-be-the-new-hvac) and PE Hub ('Apollo to acquire minority stake in residential HVAC firm Apex Service Partners', 2026)",url,,,false,2026,
plumbing,consolidation,notable_platforms,,"Notable PE platforms and recapitalization deals in the plumbing and home services trade include: (1) Apex Service Partners (backed by Alpine Investors and Apollo Global Management), the largest U.S. residential HVAC, plumbing, and electrical services platform operating 75 local brands across 46 states with over $3B in annual revenue, which announced a $2B minority investment from Apollo Funds in May 2026 valuing the platform at $10B; (2) Champions Group, a residential HVAC, plumbing, and electrical platform acquired by Blackstone (BXPE) in early 2026 for approximately $2.5B (~18.5x EBITDA); (3) Redwood Services (backed by Altas Partners), a residential HVAC and plumbing platform generating over $500M in annual revenue, which received a majority investment from Altas Partners in May 2025 valuing it at $1.1B; and (4) Sila Services, a home services platform acquired by Goldman Sachs Alternatives from Morgan Stanley Capital Partners in late 2024 at a reported valuation of ~$1.7B.","Apollo Global Management Press Release ('Apex Service Partners and Alpine Investors Announce Strategic Minority Investment from Apollo Funds in Apex', 2026), PE Hub ('Apollo to acquire minority stake in residential HVAC firm Apex Service Partners', 2026), and HomePros News ('Apex Service Partners to receive minority investment at $10 billion valuation', 2026)",citation-text-only,,,false,2026,
plumbing,multiples,typical_ebitda_multiple_low,2.4,,"CT Acquisitions, Commercial & Residential Plumbing Valuation Benchmark Report (2026), https://ctacquisitions.com/plumbing-business-valuation",url,2,med,false,2026,
plumbing,multiples,typical_ebitda_multiple_high,7,,"CT Acquisitions, Commercial & Residential Plumbing Valuation Benchmark Report (2026), https://ctacquisitions.com/plumbing-business-valuation",url,3,med,false,2026,
plumbing,exit_environment,buyer_demand,,"Current buyer demand for US plumbing businesses is exceptionally strong, driven by private equity platforms (such as Apex Service Partners and Wrench Group), strategic multi-trade acquirers, and SBA-financed independent buyers (Breakwater M&A, 2026). M&A advisory firm SF&P Advisors notes that buyer demand among PE-backed platforms remains healthy and active, maintaining stable EBITDA valuation multiples year-over-year (SF&P Advisors / Homepros News, 2025). BizBuySell transaction data reflects this high demand, showing the median sale price of transacted plumbing businesses increased 46% from $572,500 in 2022 to $837,500 in 2025 (BizBuySell, 2025). In evaluating acquisitions, buyers value five key attributes most: (1) technician stability and licensing (retaining skilled staff and apprentices), (2) recurring service agreements (maintenance plans targeting 30%+ of revenue), (3) low owner dependency (a clear management layer operational without founder involvement), (4) reliable financial reporting (transparent earnings with defensible add-backs), and (5) customer base diversification (League Park Advisors, 2025, Breakwater M&A, 2026).",Breakwater M&A (2026); SF&P Advisors / Homepros News (2025); BizBuySell (2025); League Park Advisors (2025),citation-text-only,,,false,2026,
plumbing,exit_environment,exit_trend,,"The exit environment for US plumbing business owners is heating up, driven by a historic generational transition and sustained institutional roll-up momentum (League Park Advisors, 2026, https://leaguepark.com/why-plumbing-companies-are-attracting-private-equity-buyers-right-now/). Thousands of baby-boomer founders who established plumbing companies in the 1980s and 1990s are reaching retirement age, colliding with record institutional capital seeking non-cyclical residential service providers (League Park Advisors, 2025). Market conditions remain a strong seller's market as acquirers actively bundle plumbing into multi-trade platforms alongside HVAC and electrical services (Breakwater M&A, 2026). Market studies from BizBuySell show accelerated business-for-sale deal activity, with 55% of surveyed owners confident they can achieve their desired price today and 60% choosing to exit now rather than risk market changes by waiting (BizBuySell, 2025, https://www.bizbuysell.com/insight-report/).","League Park Advisors (2026, https://leaguepark.com/why-plumbing-companies-are-attracting-private-equity-buyers-right-now/); League Park Advisors (2025); Breakwater M&A (2026); BizBuySell (2025, https://www.bizbuysell.com/insight-report/)",url,,,false,2026,
plumbing,demand_drivers,installed_base_units,145333462,,"U.S. Census Bureau, 2023 American Community Survey 1-Year Estimates (Table DP04), 2024, https://www.census.gov/programs-surveys/acs",url,5,med,false,2024,
plumbing,cust_acquisition,typical_cac_usd,333,,"SearchLight Digital (2026), Plumbing Google Ads Benchmark Study (https://searchlightdigital.io); cross-checked with First Page Sage (2025), Average CAC by Industry Report (https://firstpagesage.com) reporting B2C Home Services Paid CAC of $116 and Organic CAC of $90, and JB Warranties / Decision Analyst (2024), Residential Contractor CAC Study (https://www.jbwarranties.com) reporting $350.",url,4,high,false,2026,
plumbing,cust_acquisition,avg_review_volume,39,,"BrightLocal, 2024, https://keywordseverywhere.com/blog/local-seo-stats",url,5,med,false,2024,6
plumbing,cust_acquisition,complaint_categories,,"Service or Repair Issues, Billing Issues, Sales and Advertising Issues, Product Issues, Customer Service Issues","Better Business Bureau (BBB) Plumbing Industry Business Profiles (2026), https://www.bbb.org",url,,,false,2026,
electrical,wages_detail,median_hourly_wage_usd,29.795,,"Trade Economy Index research synthesis: median of 2 cited research inputs: U.S. Bureau of Labor Statistics, Occupational Employment and Wage Statistics (OEWS) May 2025 Estimates, https://www.bls.gov/oes/current/oes472111.htm | U.S. Bureau of Labor Statistics Occupational Employment and Wage Statistics (OEWS), May 2024, https://www.bls.gov/oes/current/oes472111.htm",url,6,high-primary,true,2025,
electrical,wages_detail,median_annual_wage_usd,61970,,"Trade Economy Index research synthesis: median of 2 cited research inputs: U.S. Bureau of Labor Statistics, Occupational Employment and Wage Statistics (OEWS) / Occupational Outlook Handbook (OOH), May 2024, https://www.bls.gov/ooh/construction-and-extraction/electricians.htm | U.S. Bureau of Labor Statistics Occupational Employment and Wage Statistics (OEWS), May 2024, https://www.bls.gov/oes/current/oes472111.htm",url,6,high-primary,true,2024,
electrical,wages_detail,pct25_hourly_wage_usd,23.299999999999997,,"Trade Economy Index research synthesis: median of 2 cited research inputs: U.S. Bureau of Labor Statistics, Occupational Employment and Wage Statistics (OEWS) May 2025 Estimates, https://www.bls.gov/oes/current/oes472111.htm | U.S. Bureau of Labor Statistics Occupational Employment and Wage Statistics (OEWS), May 2024, https://www.bls.gov/oes/current/oes472111.htm",url,6,high-primary,true,2025,
electrical,wages_detail,pct75_hourly_wage_usd,38.94,,"Trade Economy Index research synthesis: median of 2 cited research inputs: U.S. Bureau of Labor Statistics, Occupational Employment and Wage Statistics (OEWS) May 2025 Estimates, https://www.bls.gov/oes/current/oes472111.htm | U.S. Bureau of Labor Statistics Occupational Employment and Wage Statistics (OEWS), May 2024, https://www.bls.gov/oes/current/oes472111.htm",url,6,high-primary,true,2025,
electrical,wages_detail,pct90_hourly_wage_usd,50.535,,"Trade Economy Index research synthesis: median of 2 cited research inputs: U.S. Bureau of Labor Statistics, Occupational Employment and Wage Statistics (OEWS) May 2025 Estimates, https://www.bls.gov/oes/current/oes472111.htm | U.S. Bureau of Labor Statistics Occupational Employment and Wage Statistics (OEWS), May 2024, https://www.bls.gov/oes/current/oes472111.htm",url,6,high-primary,true,2025,
electrical,wages_detail,pct10_hourly_wage_usd,18.725,,"Trade Economy Index research synthesis: median of 2 cited research inputs: U.S. Bureau of Labor Statistics, Occupational Employment and Wage Statistics (OEWS) May 2025 Estimates, https://www.bls.gov/oes/current/oes472111.htm | U.S. Bureau of Labor Statistics Occupational Employment and Wage Statistics (OEWS), May 2024, https://www.bls.gov/oes/current/oes472111.htm",url,6,high-primary,true,2025,
electrical,employment,us_employment,818700,,"U.S. Bureau of Labor Statistics, Occupational Outlook Handbook, 2024, https://www.bls.gov/ooh/construction-and-extraction/electricians.htm",url,6,high-primary,false,2024,
electrical,employment,projected_10yr_growth_pct,9,,"U.S. Bureau of Labor Statistics, Employment Projections 2024-2034, https://www.bls.gov/ooh/construction-and-extraction/electricians.htm",url,6,high-primary,false,2024,
electrical,employment,annual_openings,81000,,"U.S. Bureau of Labor Statistics, Employment Projections 2024-2034, https://www.bls.gov/ooh/construction-and-extraction/electricians.htm",url,6,high-primary,false,2024,
electrical,employment,projected_10yr_net_change,77400,,"U.S. Bureau of Labor Statistics, Employment Projections 2024-2034, https://www.bls.gov/ooh/construction-and-extraction/electricians.htm",url,6,high-primary,false,2024,
electrical,labor_shortage,unfilled_openings,81000,,"U.S. Bureau of Labor Statistics (BLS), Occupational Outlook Handbook: Electricians, https://www.bls.gov/ooh/construction-and-extraction/electricians.htm",url,5,high-primary,false,2024-2034,
electrical,labor_shortage,vacancy_rate_pct,3.45,,"Trade Economy Index research synthesis: median of 1 cited research input: U.S. Bureau of Labor Statistics (BLS) Job Openings and Labor Turnover Survey (JOLTS) / Associated Builders and Contractors (ABC) Analysis, December 2025, https://www.abc.org",url,2,med,true,2025,
electrical,workforce_aging,median_worker_age,39.6,,"U.S. Bureau of Labor Statistics, Current Population Survey (CPS), Table 11b: Employed people by detailed occupation and age (https://www.bls.gov/cps/cpsaat11b.htm)",url,6,high-primary,false,2025,
electrical,workforce_aging,pct_over_55,17.985,,"Trade Economy Index research synthesis: median of 2 cited research inputs: U.S. Bureau of Labor Statistics, Current Population Survey, Household Data Annual Averages, Table 11b: Employed persons by detailed occupation and age, 2023, https://www.bls.gov/cps/cpsaat11b.htm | Manufacturing Institute and Deloitte 2024 Electrical Workforce Study (https://www.ecmag.com/magazine/articles/article-detail/workforce-development-addressing-the-electrician-shortage)",url,6,med,true,2024,
electrical,training_pipeline,apprenticeship_enrollment,71812,,"U.S. Department of Labor, Employment and Training Administration, Office of Apprenticeship, Registered Apprenticeship Data (RAPIDS), 2021, https://www.dol.gov/agencies/eta/apprenticeship/about/statistics/2021",url,5,med,false,2025,
electrical,training_pipeline,annual_completions,29121,,"Trade Economy Index research synthesis: median of 4 cited research inputs: National Center for Education Statistics (NCES) Integrated Postsecondary Education Data System (IPEDS) via Data USA, 2024, https://datausa.io/profile/cip/electrician | Trade Colleges Directory / U.S. Department of Education IPEDS, 2026, https://www.tradecolleges.org/programs/electrician | DataUSA / National Center for Education Statistics (NCES) IPEDS Electrician Program Completions Data, 2024, https://datausa.io/profile/cip/electrician | U.S. Department of Education, National Center for Education Statistics (NCES), Integrated Postsecondary Education Data System (IPEDS), 2024 Data (Electrician CIP 46.0302)",url,4,high,true,2026,
electrical,immigration_reliance,pct_foreign_born,15.5,,National Association of Home Builders (NAHB) Special Study: Immigrant Workers in the Construction Labor Force (U.S. Census Bureau American Community Survey PUMS analysis) - https://www.nahb.org,url,3,high,false,2018,
electrical,unionization,union_membership_pct,30.6,,"Union Membership and Coverage Database from the CPS (unionstats.com), constructed by Barry T. Hirsch, David A. Macpherson, and William E. Even, https://www.unionstats.com",url,5,high,false,,
electrical,licensing,states_requiring_license,46,,GetTradeLicense: Electrician License Requirements by State (2026),citation-text-only,5,high,false,2026,
electrical,market_size,market_size_usd,347500000000,,"IBISWorld, Electricians in the US Industry Report (2026), https://www.ibisworld.com/united-states/market-research-reports/electricians-industry",url,5,med,false,2026,
electrical,market_size,cagr_pct,4.8,,"IBISWorld, Electricians in the US Industry Report (2026), https://www.ibisworld.com/united-states/market-research-reports/electricians-industry",url,5,med,false,2026,
electrical,market_size,cagr_forecast_window,,2021-2026,"IBISWorld, Electricians in the US Industry Report (2026), https://www.ibisworld.com/united-states/market-research-reports/electricians-industry",url,,,false,2026,
electrical,firm_counts,num_establishments,81842,,"U.S. Census Bureau, Statistics of U.S. Businesses (SUSB), https://www.census.gov/data/tables/2022/econ/susb/2022-susb-annual.html",url,6,high-primary,false,2022,
electrical,firm_counts,num_firms,79611,,"U.S. Census Bureau, Statistics of U.S. Businesses (SUSB), https://www.census.gov/data/tables/2022/econ/susb/2022-susb-annual.html",url,6,high-primary,false,,
electrical,firm_counts,avg_employees_per_firm,11.96,,"U.S. Census Bureau, Statistics of U.S. Businesses (SUSB), https://www.census.gov/data/tables/2022/econ/susb/2022-susb-annual.html",url,6,high-primary,false,,
electrical,firm_size_dist,pct_firms_under_1m,80.96,,"U.S. Census Bureau, Statistics of U.S. Businesses (SUSB), Enterprise Receipt Size",citation-text-only,1,low,false,,
electrical,firm_size_dist,pct_firms_1m_5m,14.69,,"U.S. Census Bureau, Statistics of U.S. Businesses (SUSB), Enterprise Receipt Size",citation-text-only,1,low,false,,
electrical,firm_size_dist,pct_firms_5m_20m,3.12,,"U.S. Census Bureau, Statistics of U.S. Businesses (SUSB), Enterprise Receipt Size",citation-text-only,1,low,false,,
electrical,firm_size_dist,pct_firms_over_20m,1.22,,"U.S. Census Bureau, Statistics of U.S. Businesses (SUSB), Enterprise Receipt Size",citation-text-only,1,low,false,,
electrical,firm_size_dist,pct_nonemployer,73.6,,"U.S. Census Bureau, Nonemployer Statistics (NES) & Economic Census / SUSB, https://www.census.gov/programs-surveys/nonemployer-statistics.html",url,1,low,false,,
electrical,fragmentation,top4_firm_share_pct,5.1,,"U.S. Small Business Administration, 'Small Business Size Standards: Agriculture, Forestry, Fishing and Hunting; Mining, Quarrying, and Oil and Gas Extraction; Utilities; Construction', Proposed Rule, 85 FR 62239 (October 2, 2020), Table 4 'Size Standards Supported by Each Factor for Each Industry (Receipts)' at 85 FR 62248, column (6) headed 'Four-firm ratio (%)', row NAICS 238210 Electrical Contractors and Other Wiring Installation Contractors. Derived by SBA from the U.S. Census Bureau special tabulation of the 2012 Economic Census. https://www.federalregister.gov/documents/2020/10/02/2020-21589/small-business-size-standards-agriculture-forestry-fishing-and-hunting-mining-quarrying-and-oil",url,1,high-primary,false,2020,
electrical,fragmentation,top50_firm_share_pct,17.1,,"EC&M (Electrical Construction & Maintenance) 'Top 50 Electrical Contractors' & Cascade Partners M&A Market Update, 2025",citation-text-only,1,low,false,2025,
electrical,franchise_pen,franchise_penetration_pct,3,,"CT Acquisitions, 2026, https://ctacquisitions.com",url,4,med,false,2026,
electrical,formation_rate,annual_new_firm_formation,19076,,"U.S. Census Bureau, Business Dynamics Statistics (BDS), 2023, https://www.census.gov/programs-surveys/bds.html",url,4,low,false,2023,
electrical,formation_rate,annual_closure_rate_pct,8.39,,"U.S. Census Bureau, Business Dynamics Statistics (BDS), 2023, https://www.census.gov/programs-surveys/bds.html",url,3,high-primary,false,2023,
electrical,formation_rate,survival_5yr_pct,53.9,,"U.S. Bureau of Labor Statistics, Business Employment Dynamics (BED), Table 7 (Establishment Age and Survival Data), Construction (NAICS 23), 2024, https://www.bls.gov/bdm/us_age_naics_00_table7.txt",url,4,low,false,2024,
electrical,margins,gross_margin_pct,22.4,,"CFMA Construction Financial Benchmarker (2024, https://cfma.org/), Specialty Trades gross profit margin of 22.4%. Cross-checked against public company filings including IES Holdings, Inc. SEC Form 10-K (2025, https://www.sec.gov/edgar/browse/?CIK=0001048268) at 25.5% and MYR Group Inc. SEC Form 10-K (2025, https://www.sec.gov/edgar/browse/?CIK=0001409371) at 11.6%.",url,3,med,false,2025,9
electrical,margins,operating_margin_pct,7.1,,"CFMA Construction Financial Benchmarker (2024, https://cfma.org/), Specialty Trades EBIT margin of 7.1%. Cross-checked against public company filings including IES Holdings, Inc. SEC Form 10-K (2025, https://www.sec.gov/edgar/browse/?CIK=0001048268) at 11.4% and MYR Group Inc. SEC Form 10-K (2025, https://www.sec.gov/edgar/browse/?CIK=0001409371) at 4.6%.",url,3,adjudicated,false,2025,14
electrical,cost_structure,labor_pct_of_revenue,31.7,,"IBISWorld, US Industry (NAICS 23821) Report: Electricians in the US (2021), https://www.ibisworld.com/united-states/market-research-reports/electricians-industry",url,3,med,false,2021,4
electrical,cost_structure,materials_pct_of_revenue,24,,"CFMA / NECA Electrical Contractor Cost Benchmarks, 2024, https://cfma.org/benchmarker",url,3,adjudicated,false,2024,
electrical,cost_structure,sga_overhead_pct,25.3,,"IBISWorld, US Industry (NAICS 23821) Report: Electricians in the US (2021), https://www.ibisworld.com/united-states/market-research-reports/electricians-industry",url,3,adjudicated,false,2021,
electrical,productivity,revenue_per_employee_usd,257243.5,,"Trade Economy Index research synthesis: median of 2 cited research inputs: U.S. Census Bureau, 2022 Economic Census (Table EC2223BASIC, NAICS 238210 Electrical Contractors and Other Wiring Installation Contractors: $249.2B total output / 968,734 employees), https://www.census.gov/programs-surveys/economic-census.html; cross-checked against IBISWorld 2025 NAICS 238210 Industry Report ($256,000 per employee), https://www.ibisworld.com | IBISWorld, Electricians in the US (NAICS 238210) Industry Report, https://www.ibisworld.com/united-states/market-research-reports/electricians-industry",url,6,high,true,2025,
electrical,productivity,billable_utilization_pct,70,,"National Electrical Contractors Association (NECA), Financial Performance Report, https://www.necanet.org",url,3,high,false,,5
electrical,cash_cycle_detail,dso_days,57.35,,"MYR Group Inc. (MYRG) Financial Statements via GuruFocus, 2024, https://www.gurufocus.com/stock/MYRG/summary",url,6,med,false,2024,
electrical,cash_cycle_detail,dpo_days,33.42,,"MYR Group Inc. (MYRG) Financial Statements via GuruFocus, 2024, https://www.gurufocus.com/stock/MYRG/summary",url,6,med,false,2024,
electrical,cash_cycle_detail,cash_conversion_cycle_days,23.93,,"Calculated from MYR Group Inc. (MYRG) Financial Data (DSO 57.35 - DPO 33.42), 2024, https://www.gurufocus.com/stock/MYRG/summary",url,6,med,false,2024,
electrical,retainage_liens,typical_retainage_pct,10,,"CFMA Construction Retainage Overview, 2024, https://www.cfma.org",url,2,med,false,2024,11
electrical,retainage_liens,payment_dispute_pct,33,,"Rabbet, 2025 Construction Payments Report, 2025, https://info.rabbet.com/construction-payments-report",url,1,low,false,2025,
electrical,bad_debt,bad_debt_write_off_pct,0.00033,,"EMCOR Group, Inc. Form 10-K for the Fiscal Year Ended December 31, 2024, https://www.sec.gov/ix?doc=/Archives/edgar/data/105608/000010560825000011/eme-20241231.htm",url,4,adjudicated,false,2024,
electrical,bad_debt,collection_rate_pct,85.1,,"Level CFO State of Contractor Finance Benchmark Report (corroborated by CFMA 2024 Financial Benchmarker data, https://levelcfo.com)",url,3,high,false,2024,23
electrical,ai_task_breakdown,pct_physical_onsite_work,58,,"McKinsey Global Institute / Illinois Labor Education Program (2018), 'Automation in Construction Trades: An Assessment of Impact on Workers and the Economy', https://illinois.edu",url,5,med,false,2018,
electrical,ai_task_breakdown,pct_cognitive_backoffice_work,42,,"Oxford Economics / McKinsey Global Institute (2017), 'A Future That Works: Automation, Employment, and Productivity', https://www.mckinsey.com",url,5,med,false,2017,
electrical,ai_task_breakdown,ai_resistant_work,,"Physical on-site installation, hands-on troubleshooting, and dynamic field decision-making remain highly resistant to AI and robotic automation. Key physical tasks include pulling and routing cabling through unpredictable spaces, bending conduit, terminating fine wiring inside cramped junction boxes or panels, climbing utility poles, placing switchgear, and physical testing and commissioning. As highlighted in workforce analyses by Total Skills (2026) and American Career Training (2026), these tasks require human fine-motor dexterity, physical presence, and spatial adaptability in non-standardized environments. Oxford University's foundational automation study (Frey & Osborne) and subsequent industry analysis rate electricians in the low-risk category (15% probability of automation) because job sites present unpredictable physical variables, aging infrastructure, and unique layouts that current AI and robotics cannot navigate or manipulate.","MDPI Buildings Journal (2026) - 'Automated Construction Cost Estimation Framework Using Model Context Protocol and Building Information Modeling'. https://www.mdpi.com/journal/buildings | Electrical Contractor Magazine / ELECTRI International (2025) - 'How A.I. Is Streamlining Daily Workflows / State of A.I. in Electrical Contracting'. https://www.ecmag.com | NECA-IBEW Local 48 (2026) - 'Guide to AI & the Electrical Industry: What You Should Know'. https://necaibew48.com | Drawer AI (2026) - 'AI for Electrical Takeoff, Estimating, and BIM Coordination'. https://drawer.ai | McCormick Systems (2026) - 'How AI is Creating Demand for Electrical Contractors'. https://mccormicksys.com | United BIM (2026) - 'Key Applications of AI in Construction Management, Estimating, and BIM'. https://united-bim.com | Total Skills (2026) - 'Why Electrical Work Is Robot-Proof: AI and Automation Analysis'. https://totalskills.co.uk | American Career Training (2026) - 'Electrical Lineman Work is a Skilled Trade that Cannot Be Done by AI'. https://americancareertraining.edu",url,,low,false,2026,
electrical,ai_task_breakdown,automatable_work,,"Back-office administration, preconstruction coordination, estimating, contract management, and project scheduling are the most automatable functions in the electrical trade. According to Electrical Contractor Magazine / ELECTRI International (2025) and United BIM (2026), highly automatable tasks include: (1) Electrical Takeoff & Quantity Counting: AI tools automatically scan 2D PDF blueprints to count light fixtures, switches, receptacles, and circuit pathways. (2) Cost Estimating: Automated extraction of BIM geometry paired with national cost databases (e.g., RSMeans, Craftsman) to generate cost breakdowns and location-adjusted estimates. (3) 3D BIM & Clash Detection: Conversion of 2D PDF electrical drawings into 3D Revit models and automated clash detection to prevent spatial conflicts before installation. (4) Legal & Administrative Tasks: Automated review of subcontracts for risk exposure (using NLP tools like Document Crunch), transcription of site meetings (Otter.ai/Copilot), drafting safety compliance documentation, and tracking RFI/submittal delays.","MDPI Buildings Journal (2026) - 'Automated Construction Cost Estimation Framework Using Model Context Protocol and Building Information Modeling'. https://www.mdpi.com/journal/buildings | Electrical Contractor Magazine / ELECTRI International (2025) - 'How A.I. Is Streamlining Daily Workflows / State of A.I. in Electrical Contracting'. https://www.ecmag.com | NECA-IBEW Local 48 (2026) - 'Guide to AI & the Electrical Industry: What You Should Know'. https://necaibew48.com | Drawer AI (2026) - 'AI for Electrical Takeoff, Estimating, and BIM Coordination'. https://drawer.ai | McCormick Systems (2026) - 'How AI is Creating Demand for Electrical Contractors'. https://mccormicksys.com | United BIM (2026) - 'Key Applications of AI in Construction Management, Estimating, and BIM'. https://united-bim.com | Total Skills (2026) - 'Why Electrical Work Is Robot-Proof: AI and Automation Analysis'. https://totalskills.co.uk | American Career Training (2026) - 'Electrical Lineman Work is a Skilled Trade that Cannot Be Done by AI'. https://americancareertraining.edu",url,,low,false,2026,
electrical,fsm_software,fsm_adoption_pct,53,,"Jonas Construction Software (2021), Electrical Contractor Statistics: Why Electrical Contractors Need the Right Tech Tools, https://jonasconstruction.com/blog/electrical-contractor-statistics",url,2,med,false,2021,
electrical,accounting_tech,common_accounting_software,,"The primary accounting and ERP software systems used by US construction and electrical contractors are Sage (Sage 100 Contractor and Sage 300 CRE, leading with ~21.3% market adoption), Viewpoint (Trimble Vista/Spectrum at ~19.8%), Plexxis (~7.8%), Intuit QuickBooks (~5.2%), Foundation Software (~4.9%), Jonas Construction Software, and CMiC (~4.7%). Industry surveys indicate that 64% of electrical contractors utilize dedicated accounting/payroll software.","JBKnowledge 2021 Construction Technology Report (2021), https://jbknowledge.com/report; Electrical Contractor Magazine / Jonas Construction (2021)",url,,,false,2021,
electrical,ai_adoption,ai_adoption_rate_pct,25,,EC&M (Electrical Construction & Maintenance) Top 50 Electrical Contractors Survey (2024),citation-text-only,3,low,false,2024,
electrical,ai_adoption,adoption_examples,,"1. Academic AI-BIM Estimating Study (MDPI Buildings, 2026): Researchers tested an AI framework integrating Large Language Models with Autodesk Revit via the Model Context Protocol (MCP) and cost databases for electrical system estimating. The system automatically extracted quantities across 187 BIM elements (conduits, panels, receptacles) and completed cost estimates in 42.3 seconds compared to 2.5-3.5 hours for human baselines, achieving a 98.6% efficiency gain with a 5.1% variance from human baseline accuracy.
2. ELECTRI International / NECA Industry Report (2025): Presented at NECA 2025 Chicago ('The State of A.I. in Electrical Contracting' by Mikec & Carr), documenting electrical contractor implementation of AI tools like Document Crunch for automated contract risk analysis, AI meeting transcription, and automated takeoff platforms.
3. Automated Preconstruction Platforms (Drawer AI, 2026): Adoption of AI software that processes 2D PDF electrical plans to automatically calculate branch routing and run 'BIM Wizard' workflows that generate full 3D Revit models from 2D PDFs, reducing drafting and preconstruction cycles by up to 75%.
4. AI Data Center Infrastructure Boom (McCormick Systems / NECA-IBEW 48, 2026): Reports highlight that AI technology expansion is driving massive high-density power construction, where electrical scope accounts for 45-70% of data center costs (vs 20-30% in commercial builds), forcing contractors to adopt AI takeoff tools to quickly bid on complex, high-demand power contracts.","MDPI Buildings Journal (2026) - 'Automated Construction Cost Estimation Framework Using Model Context Protocol and Building Information Modeling'. https://www.mdpi.com/journal/buildings | Electrical Contractor Magazine / ELECTRI International (2025) - 'How A.I. Is Streamlining Daily Workflows / State of A.I. in Electrical Contracting'. https://www.ecmag.com | NECA-IBEW Local 48 (2026) - 'Guide to AI & the Electrical Industry: What You Should Know'. https://necaibew48.com | Drawer AI (2026) - 'AI for Electrical Takeoff, Estimating, and BIM Coordination'. https://drawer.ai | McCormick Systems (2026) - 'How AI is Creating Demand for Electrical Contractors'. https://mccormicksys.com | United BIM (2026) - 'Key Applications of AI in Construction Management, Estimating, and BIM'. https://united-bim.com | Total Skills (2026) - 'Why Electrical Work Is Robot-Proof: AI and Automation Analysis'. https://totalskills.co.uk | American Career Training (2026) - 'Electrical Lineman Work is a Skilled Trade that Cannot Be Done by AI'. https://americancareertraining.edu",url,,low,false,2026,
electrical,leadgen_platforms,marketplace_penetration_pct,1.5,,"Angi Inc. Q1 2026 Earnings Call Transcript (2026), https://www.fool.com/earnings/call-transcripts/2026/05/06/angi-angi-q1-2026-earnings-call-transcript",url,5,med,false,2026,11
electrical,leadgen_platforms,platform_take_rate_pct,10,,Angi Inc. Q1 2026 Shareholder Letter & Earnings Call (May 2026) - https://ir.angi.com,url,5,high,false,2026,13
electrical,acquisition_mix,pct_marketplace,28,,"Home Services Marketing Report (2025), https://www.angi.com",url,2,low,false,2025,4
electrical,insurance_warranty,home_warranty_penetration_pct,6,,"Frontdoor, Inc. Form 10-K (2025), https://www.sec.gov/edgar/browse/?CIK=0001739445",url,5,med,false,2025,6
electrical,recurring_mix,recurring_revenue_pct,35.5,,"EC&M / NECA 2024 Profile of the Electrical Contractor Survey (2024), https://www.ecmag.com/magazine/articles/article-detail/2024-profile-of-the-electrical-contractor; cross-checked with Comfort Systems USA, Inc. 2025 Form 10-K (2026), https://www.sec.gov/edgar/browse/?CIK=0001035983",url,4,med,false,2026,
electrical,recurring_mix,service_agreement_attach_pct,15,,"SmartService Trade Field Service Benchmarks, 2024",citation-text-only,3,med,false,2024,
electrical,contract_terms,typical_contract_length_months,12,,"Comfort Systems USA, Inc., Form 10-Q for the quarterly period ended March 31, 2026 (filed April 23, 2026), Note 3 (Revenue from Contracts with Customers): 'Our service maintenance agreements are generally one-year renewable agreements.' https://www.sec.gov/ix?doc=/Archives/edgar/data/1035983/000103598326000014/fix-20260331.htm",url,5,high,false,2026,8
electrical,contract_terms,renewal_rate_pct,85,,"CT Acquisitions, 2026",citation-text-only,4,low,false,2026,
electrical,cross_sell,avg_services_per_customer,5.2,,"Trade Economy Index research synthesis: median of 1 cited research input: Sunnova Energy International Inc. (2022), Analyst Day Investor Presentation, https://www.q4cdn.com",url,2,low,true,2022,
electrical,cross_sell,upsell_attach_pct,27.5,,"Trade Economy Index research synthesis: median of 2 cited research inputs: Electrician Marketing Agency, Electrical Industry Statistics & Market Analysis, 2025, https://electricianmarketingagency.com | Skill Mammoth (2026), Residential Electrical & EV Charger Upgrade Benchmarks, https://skillmammoth.com",url,2,low,true,2026,
electrical,capital_intensity,startup_cost_usd,204988,,"Mister Sparky 2026 Franchise Disclosure Document (FDD), Item 7 (https://www.peersense.com/franchise/mister-sparky) reporting a startup investment range of $133,273 to $276,702 (midpoint: $204,988); cross-checked with Mr. Electric SPV LLC 2026 Franchise Disclosure Document (FDD), Item 7 reporting an initial investment range of $159,500 to $357,425.",url,5,med,false,2026,
electrical,capital_intensity,capex_pct_of_revenue,2.58,,"MYR Group Inc. Form 10-K for the Fiscal Year Ended December 31, 2025 ($94.4 million CapEx / $3,657.9 million contract revenues), 2026, https://www.myrgroup.com",url,5,med,false,2026,
electrical,data_assets,iot_telemetry_penetration_pct,35,,"World Metrics Electrical Contractor Technology Adoption Report, 2026, https://worldmetrics.org",url,5,med,false,2026,
electrical,consolidation,consolidation_activity,,"The US electrical trade is experiencing highly active and accelerating private equity roll-up and consolidation. According to Capstone Partners' AEC Services Sector Update (2026, https://www.capstonepartners.com), M&A deal volume across AEC and electrical/construction services rose 10.1% YoY in 2025 to 361 transactions, propelled by private equity transactions which surged 32.7% YoY. PE buyers accounted for 38.3% of all sector deals in 2025, up 181.6% since 2018, with sector EBITDA multiples averaging 13.2x EV/EBITDA. Additionally, PitchBook Data cited by BMI Mergers & Acquisitions (2025, https://www.bmimergers.com) reported that lower-middle-market electrical contractor M&A volume increased 13% in 2024 as financial sponsors deployed buy-and-build strategies. According to PE Hub (2025, https://www.pehub.com), consolidation intensity is particularly strong in electrical power infrastructure, grid services, and technical electrical contracting, where secular tailwinds from AI data center buildouts and power grid modernization have driven exit valuations up to 16x-20x EBITDA.","Capstone Partners AEC Services Sector Update (2026, https://www.capstonepartners.com); PitchBook Data via BMI Mergers & Acquisitions (2025, https://www.bmimergers.com); PE Hub (2025, https://www.pehub.com)",url,,,false,2026,
electrical,consolidation,notable_platforms,,"Notable private equity platforms and public company acquirers actively rolling up US electrical contractors and power service providers include: (1) Shermco Industries, acquired by Blackstone Energy Transition Partners from Gryphon Investors in August 2025 for $1.6B as an electrical power testing, inspection, and maintenance platform (PE Hub, 2025, https://www.pehub.com; Axios Pro, 2025, https://www.axios.com); (2) Apex Service Partners, backed by Alpine Investors, which has grown into a major multi-trade roll-up platform with ~$1.3B in annual revenue covering residential/commercial HVAC, plumbing, and electrical services (CT Acquisitions, 2026, https://www.ctacquisitions.com); (3) Champions Group, acquired by Blackstone via its BXPE fund in February 2026 for ~$2.5B enterprise value as an electrical, plumbing, and HVAC services platform (CT Acquisitions, 2026, https://www.ctacquisitions.com); (4) Norlee Group, backed by Heartwood Partners, an electrical and mechanical design platform that acquired Tampa-based Inter-Bay Electric Company in November 2025 (PE Hub, 2025, https://www.pehub.com); (5) Bowe & Gant Electrical Services, which secured a majority growth investment from Greenbelt Capital Management in July 2026 for electrical and energy infrastructure services (PE Hub, 2026, https://www.pehub.com); and (6) MYR Group Inc. (NASDAQ: MYRG), a public strategic consolidator acquiring regional commercial electrical contractors (Main Street Wealth / MYR Group, 2025, https://www.myrgroup.com).","PE Hub (2025/2026, https://www.pehub.com); Axios Pro (2025, https://www.axios.com); CT Acquisitions PE Trackers (2026, https://www.ctacquisitions.com)",url,,,false,2026,
electrical,multiples,typical_ebitda_multiple_low,3.5,,"Auxo Capital Advisors (2026, https://auxocapitaladvisors.com), reporting low-end EBITDA multiples starting at 3.5x for smaller, owner-dependent US electrical contractors; cross-checked with BMI Mergers & Acquisitions (2024, https://bmimergers.com), reporting low-end ranges of 3.5x-5.0x EBITDA for smaller electrical contractors.",url,3,adjudicated,false,2026,
electrical,multiples,typical_ebitda_multiple_high,8.5,,"Auxo Capital Advisors (2026, https://auxocapitaladvisors.com), reporting high-end EBITDA multiples of 8.5x+ for scaled platform companies and strategic add-ons; cross-checked with GF Data / BMI Mergers & Acquisitions (2025, https://bmimergers.com), reporting averages of 7.8x-8.0x+ EBITDA for larger electrical platforms.",url,3,high,false,2026,
electrical,exit_environment,buyer_demand,,"Buyer demand for US electrical contracting and services businesses is strong, driven by active private equity sponsors and strategic consolidators building market scale. Demand is propelled by long-term tailwinds including rapid AI data center expansion, grid modernization, renewable energy infrastructure, and federal funding. Buyers place the highest value on scaled operators with strong safety records, robust project backlogs, skilled technician retention, high-margin specialized service capabilities, and recurring service revenue.","CLA Meridian Capital, Electrical Contracting Services M&A Update (2025), https://www.meridianib.com/reports/electrical-contracting-services-ma-update",url,,,false,2025,
electrical,exit_environment,exit_trend,,"The exit trend for US electrical business owners is heating up, characterized by accelerating deal flow and rising private equity participation. In 2025, M&A volume in the subcontractor segment increased 38.6% year-over-year to 366 deals, with private equity M&A rising 30.9% year-over-year to 305 transactions, marking the first time financial buyers represented the majority (54.3%) of sector transactions. Valuations remain strong, averaging 6.2x-7.8x EBITDA for lower-middle-market businesses and reaching 9.0x-10.8x EBITDA for larger platform and data-center specialized targets.","Capstone Partners, Construction Services Market Update (2026)",citation-text-only,,,false,2026,
electrical,demand_drivers,installed_base_units,145344636,,"U.S. Census Bureau (2024), https://www.census.gov/programs-surveys/popest.html",url,3,med,false,2024,5
electrical,search_interest,yoy_search_change_pct,40,,"Portland Peak SEO (Electrical Search Landscape: Data Behind Electrician SEO Services, 2026)",citation-text-only,1,low,false,2026,
electrical,cust_acquisition,typical_cac_usd,109.5,,"FirstPageSage, Average Customer Acquisition Cost (CAC) by Industry: B2C Edition, 2025",citation-text-only,4,med,false,2025,
electrical,cust_acquisition,avg_review_volume,39,,"BrightLocal (2026), https://searchendurance.com (Cross-checked with Trustmary (2025), https://trustmary.com)",url,5,med,false,2026,6
electrical,cust_acquisition,complaint_categories,,"Service or Repair Issues, Customer Service Issues, Billing Issues, Order Issues, Product Issues","Better Business Bureau (BBB), US BBB Statistics and Complaint Classifications, 2023",citation-text-only,,,false,2023,
roofing,wages_detail,median_hourly_wage_usd,24.51,,"U.S. Bureau of Labor Statistics, Occupational Employment and Wage Statistics (OEWS), 2024, https://www.bls.gov/oes",url,3,high-primary,false,2024,
roofing,wages_detail,median_annual_wage_usd,50970,,"U.S. Bureau of Labor Statistics, Occupational Outlook Handbook (OOH) / OEWS, 2024, https://www.bls.gov/ooh/construction-and-extraction/roofers.htm",url,3,high-primary,false,2024,
roofing,wages_detail,pct25_hourly_wage_usd,21.78,,"U.S. Bureau of Labor Statistics, Occupational Employment and Wage Statistics (OEWS), 2024, https://www.bls.gov/oes",url,3,high-primary,false,2024,
roofing,wages_detail,pct75_hourly_wage_usd,30.78,,"U.S. Bureau of Labor Statistics, Occupational Employment and Wage Statistics (OEWS), 2024, https://www.bls.gov/oes",url,3,high-primary,false,2024,
roofing,wages_detail,pct90_hourly_wage_usd,38.84,,"U.S. Bureau of Labor Statistics, Occupational Employment and Wage Statistics (OEWS), 2024, https://www.bls.gov/oes",url,3,high-primary,false,2024,
roofing,wages_detail,pct10_hourly_wage_usd,17.82,,"U.S. Bureau of Labor Statistics, Occupational Employment and Wage Statistics (OEWS), 2024, https://www.bls.gov/oes",url,3,high-primary,false,2024,
roofing,employment,us_employment,166700,,"U.S. Bureau of Labor Statistics, Occupational Outlook Handbook, 2024-2034 Employment Projections, https://www.bls.gov/ooh/construction-and-extraction/roofers.htm",url,4,high-primary,false,2024,
roofing,employment,projected_10yr_growth_pct,6,,"U.S. Bureau of Labor Statistics, Occupational Outlook Handbook, 2024-2034 Employment Projections, https://www.bls.gov/ooh/construction-and-extraction/roofers.htm",url,4,high-primary,false,2024,
roofing,employment,annual_openings,12700,,"U.S. Bureau of Labor Statistics, Occupational Outlook Handbook, 2024-2034 Employment Projections, https://www.bls.gov/ooh/construction-and-extraction/roofers.htm",url,4,high-primary,false,2024,
roofing,employment,projected_10yr_net_change,9800,,"U.S. Bureau of Labor Statistics, Occupational Outlook Handbook, 2024-2034 Employment Projections, https://www.bls.gov/ooh/construction-and-extraction/roofers.htm",url,4,high-primary,false,2024,
roofing,labor_shortage,unfilled_openings,40000,,National Roofing Contractors Association (NRCA),citation-text-only,5,med,false,2026,
roofing,labor_shortage,vacancy_rate_pct,3.5,,U.S. Bureau of Labor Statistics Job Openings and Labor Turnover Survey (JOLTS) (2026) https://www.bls.gov/jlt,url,3,med,false,2026,7
roofing,workforce_aging,median_worker_age,36.6,,"U.S. Bureau of Labor Statistics, Current Population Survey, Household Data Annual Averages, Table 11b: Employed people by detailed occupation and age - https://www.bls.gov/cps/cpsaat11b.htm",url,5,high,false,2025,
roofing,workforce_aging,pct_over_55,12.36,,"U.S. Bureau of Labor Statistics, Current Population Survey, Household Data Annual Averages, Table 11b: Employed people by detailed occupation and age - https://www.bls.gov/cps/cpsaat11b.htm",url,5,med,false,,
roofing,training_pipeline,apprenticeship_enrollment,5204,,"U.S. Department of Labor, Employment and Training Administration, Registered Apprenticeship Data and Statistics, FY 2021",citation-text-only,3,high-primary,false,2021,
roofing,immigration_reliance,pct_foreign_born,53,,National Association of Home Builders (NAHB) analysis of U.S. Census Bureau American Community Survey (ACS) 1-Year Estimates,citation-text-only,5,high,false,2024,
roofing,unionization,union_membership_pct,6.09,,"Union Membership and Coverage Database from the CPS (unionstats.com), compiled by Barry T. Hirsch, David A. Macpherson, and William E. Even, 'Union Membership, Coverage, Density, and Employment by Occupation, 1983-2023', http://www.unionstats.com",url,3,adjudicated,false,2023,
roofing,licensing,states_requiring_license,34,,"National Association of State Contractors Licensing Agencies (NASCLA) Survey (via National Roof Authority, 2025, https://nationalroofauthority.com)",url,5,med,false,2024,
roofing,market_size,market_size_usd,92500000000,,"IBISWorld, Roofing Contractors in the US Industry Report, 2026, https://www.ibisworld.com/united-states/market-research-reports/roofing-contractors-industry",url,4,high,false,2026,
roofing,market_size,cagr_pct,5,,"IBISWorld, Roofing Contractors in the US Industry Report, 2026, https://www.ibisworld.com/united-states/market-research-reports/roofing-contractors-industry",url,3,med,false,2026,
roofing,market_size,cagr_forecast_window,,2021-2026,"IBISWorld, Roofing Contractors in the US Industry Report, 2026, https://www.ibisworld.com/united-states/market-research-reports/roofing-contractors-industry",url,,,false,2026,
roofing,firm_counts,num_establishments,24532,,"U.S. Census Bureau, Statistics of U.S. Businesses (SUSB), https://www.census.gov/data/tables/2022/econ/susb/2022-susb-annual.html",url,5,high-primary,false,2022,
roofing,firm_counts,num_firms,24044,,"U.S. Census Bureau, Statistics of U.S. Businesses (SUSB), https://www.census.gov/data/tables/2022/econ/susb/2022-susb-annual.html",url,5,high-primary,false,,
roofing,firm_counts,avg_employees_per_firm,8.53,,"U.S. Census Bureau, Statistics of U.S. Businesses (SUSB), https://www.census.gov/data/tables/2022/econ/susb/2022-susb-annual.html",url,5,high-primary,false,,
roofing,fragmentation,top4_firm_share_pct,4.4,,"U.S. Small Business Administration, 'Small Business Size Standards: Agriculture, Forestry, Fishing and Hunting; Mining, Quarrying, and Oil and Gas Extraction; Utilities; Construction', Proposed Rule, 85 FR 62239 (October 2, 2020), Table 4 'Size Standards Supported by Each Factor for Each Industry (Receipts)' at 85 FR 62248, column (6) headed 'Four-firm ratio (%)', row NAICS 238160 Roofing Contractors. Derived by SBA from the U.S. Census Bureau special tabulation of the 2012 Economic Census. https://www.federalregister.gov/documents/2020/10/02/2020-21589/small-business-size-standards-agriculture-forestry-fishing-and-hunting-mining-quarrying-and-oil",url,1,high-primary,false,2020,
roofing,margins,gross_margin_pct,30,,"IBISWorld Industry Report: Roofing Contractors in the US (NAICS 23816), 2025 (https://www.ibisworld.com/united-states/market-research-reports/roofing-contractors-industry/); cross-checked against CFMA 2024 Construction Financial Benchmarker Executive Summary for Specialty Trade Contractors reporting 22.4% .",url,3,med,false,2025,
roofing,margins,operating_margin_pct,15,,"IBISWorld Industry Report: Roofing Contractors in the US (NAICS 23816), 2025 (https://www.ibisworld.com/united-states/market-research-reports/roofing-contractors-industry/).",url,2,adjudicated,false,2025,
roofing,margins,net_margin_pct,5.3,,"IBISWorld Industry Report: Roofing Contractors in the US (NAICS 23816), 2025 (https://www.ibisworld.com/united-states/market-research-reports/roofing-contractors-industry/); cross-checked against CFMA 2024 Construction Financial Benchmarker Executive Summary reporting 7.7% net income before taxes for Specialty Trade Contractors .",url,3,med,false,2025,4
roofing,cost_structure,labor_pct_of_revenue,25.2,,IBISWorld Industry Report 23816: Roofing Contractors in the US (2023) - https://www.ibisworld.com/united-states/market-research-reports/roofing-contractors-industry,url,2,med,false,2023,
roofing,cost_structure,materials_pct_of_revenue,43.1,,"IBISWorld, Roofing Contractors in the US (NAICS 23816), 2024, https://www.ibisworld.com/united-states/market-research-reports/roofing-contractors-industry",url,2,med,false,2024,
roofing,cost_structure,sga_overhead_pct,12.5,,Trade Economy Index research synthesis: median of 1 cited research input: Construction Financial Management Association (CFMA) Construction Financial Benchmarks Report (2024) - https://cfma.org/benchmarker,url,2,med,true,2024,
roofing,productivity,revenue_per_employee_usd,340979,,"U.S. Census Bureau, 2022 Economic Census (Table EC2223BASIC, NAICS 238160 - Roofing Contractors) and 2022 County Business Patterns, https://www.census.gov/programs-surveys/economic-census.html",url,3,high,false,2022,
roofing,cash_cycle_detail,dso_days,56.6,,"CFMA 2024 Construction Financial Benchmarker, average days of accounts receivable for Specialty Trade Contractors (Construction Financial Management Association), https://www.cfma.org/benchmarker",url,1,med,false,2024,11
roofing,cash_cycle_detail,dpo_days,33,,CFMA 2022 Construction Financial Benchmarker Executive Summary (2022),citation-text-only,2,med,false,2022,8
roofing,retainage_liens,typical_retainage_pct,10,,"American Subcontractors Association (ASA), 2023, https://www.asaonline.com",url,1,med,false,2023,11
roofing,retainage_liens,payment_dispute_pct,30,,"Arcadis, 'Global Construction Disputes Report 2019', 2019, https://www.arcadis.com",url,1,low,false,2019,
roofing,bad_debt,bad_debt_write_off_pct,0.12,,"Beacon Roofing Supply, Inc. Form 10-K for the Fiscal Year Ended December 31, 2024",citation-text-only,5,med,false,2024,7
roofing,bad_debt,collection_rate_pct,80.4,,"Trade Economy Index research synthesis: median of 3 cited research inputs: Level CFO, Contractor Collection Rates Benchmark Study (NAICS 238160 / Specialty Contractors, n=464), 2026, https://levelcfo.com/benchmarks/collection-gap | RSM / CFMA Construction Industry Benchmarks (2025), https://cfma.org | National Association of Credit Management (NACM), Credit Management Metrics & CEI Benchmarks, 2025, https://nacm.org",url,4,high,true,2026,
roofing,ai_task_breakdown,pct_physical_onsite_work,69,,"McKinsey Global Institute (MGI), 'A Future That Works: Automation, Employment, and Productivity' (2017) / Illinois Economic Policy Institute, 'Potential Impacts of a Highly Automated Construction Industry on Workers' (2018), https://illinois.edu",url,3,med,false,2018,
roofing,ai_task_breakdown,pct_cognitive_backoffice_work,31,,"McKinsey Global Institute (MGI), 'A Future That Works: Automation, Employment, and Productivity' (2017) / Illinois Economic Policy Institute, 'Potential Impacts of a Highly Automated Construction Industry on Workers' (2018), https://illinois.edu",url,3,med,false,2018,
roofing,ai_task_breakdown,ai_resistant_work,,"Physical installation and manual labor on the job site remain highly resistant to AI and robotic automation. Key physical tasks that are hard to replace include: manual tear-off of damaged shingles, felt, and rotted plywood decking; precision hand-flashing around chimneys, skylights, plumbing vents, and wall intersections; custom sheet-metal fabrication; heat-welding single-ply TPO/EPDM membrane seams; and installing tile, slate, or shingles on complex, high-pitch steep slopes. These tasks require real-time tactile judgment, fine motor skills, structural integrity assessment, dynamic balance, and physical agility under hazardous and extreme outdoor weather conditions.",National Roofing Contractors Association (NRCA) (2026) - 'Only 8% of U.S. construction professionals use AI on the job' | Roofing Contractor Magazine (2025) - 'Distributors Streamlining Operations with AI' - https://www.roofingcontractor.com/articles/99248-distributors-streamlining-operations-with-ai | EagleView (2025) - 'How Drone Roof Measuring Software Solves Problems' - https://www.eagleview.com/blog/drone-roof-measuring-software | National Roofing Contractors Association (NRCA) (2024) - 'AI in Construction',url,,low,false,2026,
roofing,ai_task_breakdown,automatable_work,,"Back-office operations, estimating, inspection analysis, and sales coordination are the most automatable tasks in the roofing trade. Key automatable functions include: (1) Aerial and remote roof measuring using satellite, aircraft, or drone photogrammetry to calculate roof square footage, slope, and waste factor automatically; (2) Computer vision defect detection to analyze drone or smartphone photos for hail, wind damage, or shingle wear to support insurance claims; (3) Instant bid and proposal generation, turning measurement data into detailed pricing in seconds; (4) Automated lead scoring, immediate SMS/email quote follow-ups, and appointment scheduling via CRM systems; and (5) Supply chain verification, such as automated order health checks that audit order lists against local building codes and manufacturer warranty rules.",National Roofing Contractors Association (NRCA) (2026) - 'Only 8% of U.S. construction professionals use AI on the job' | Roofing Contractor Magazine (2025) - 'Distributors Streamlining Operations with AI' - https://www.roofingcontractor.com/articles/99248-distributors-streamlining-operations-with-ai | EagleView (2025) - 'How Drone Roof Measuring Software Solves Problems' - https://www.eagleview.com/blog/drone-roof-measuring-software | National Roofing Contractors Association (NRCA) (2024) - 'AI in Construction',url,,low,false,2026,
roofing,fsm_software,fsm_adoption_pct,74,,"Roofing Contractor Magazine, 2026 State of the Industry Report (2026), https://www.roofingcontractor.com/articles/102049-2026-state-of-the-industry-report",url,5,adjudicated,false,2026,
roofing,fsm_software,dominant_fsm_software,,AccuLynx and JobNimbus,Roofing Software Guide (2026),citation-text-only,,,false,2026,
roofing,accounting_tech,common_accounting_software,,"According to industry research, 67% of roofing contractors utilize enterprise or accounting software. QuickBooks (Online and Desktop) is the predominant accounting backbone for small-to-midsize roofing contractors, typically paired with field CRMs such as AccuLynx, JobNimbus, and Roofr. For mid-market and enterprise roofing contractors requiring detailed job costing, certified payroll, and WIP reporting, Sage (Sage 100 Contractor, Sage 300 CRE), Viewpoint (Vista/ComputerEase), Foundation Software, and Xero are the primary specialized accounting/ERP platforms.","Roofing Contractor / myCLEARopinion Insights Hub (2026), https://www.roofingcontractor.com ; JBKnowledge Construction Technology Report (2020)",url,,,false,2026,
roofing,ai_adoption,ai_adoption_rate_pct,40,,"Roofing Contractor Magazine, '2026 State of the Roofing Industry Report' (https://www.roofingcontractor.com/articles/100412-2026-state-of-the-roofing-industry-report)",url,5,high,false,2026,
roofing,ai_adoption,adoption_examples,,"Documented adoption in the roofing industry spans trade studies, software platforms, and distributor tools: (1) Trade Studies: DEWALT's 'AI in the Trades' survey (2026, reported by the National Roofing Contractors Association) found 90% of construction professionals believe AI will be indispensable within five years, with 41% using AI for estimation/procurement and 37% actively researching/piloting tools. (2) AI Measurement & Inspection: EagleView Assess and Hover utilize computer vision on drone and smartphone photos to construct interactive 3D roof models and automatically pinpoint storm damage for insurance claims. (3) Distributor Integration: SRS Distribution launched an AI Center of Excellence and embedded AI into RoofHub, performing automated 'health checks' on orders to flag missing code-compliant accessories before checkout. (4) AI Estimating & Sales: Platforms like Roofr, QuoteIQ, and Pitch Gauge leverage AI to build instant quotes and proposals in under 60 seconds, while platforms like CrewLadder automate post-quote follow-up campaigns during post-storm lead surges.",National Roofing Contractors Association (NRCA) (2026) - 'Only 8% of U.S. construction professionals use AI on the job' | Roofing Contractor Magazine (2025) - 'Distributors Streamlining Operations with AI' - https://www.roofingcontractor.com/articles/99248-distributors-streamlining-operations-with-ai | EagleView (2025) - 'How Drone Roof Measuring Software Solves Problems' - https://www.eagleview.com/blog/drone-roof-measuring-software | National Roofing Contractors Association (NRCA) (2024) - 'AI in Construction',url,,low,false,2026,
roofing,leadgen_platforms,marketplace_penetration_pct,11.8,,"Trade Economy Index research synthesis: median of 3 cited research inputs: Angi Inc., Q1 2026 Earnings Call Transcript, 2026, https://www.alphaspread.com/security/nasdaq/angi/earnings-call-transcripts/q1-2026 | NRCA (National Roofing Contractors Association) Digital Marketing Report (2025), https://www.nrca.net | Roofing Contractor Magazine (2025, https://www.roofingcontractor.com/articles/102008-homeowner-insights-how-consumers-find-and-select-roofing-contractors); cross-checked with Angi Inc. Q1 2026 Shareholder Letter & Earnings Call (2026, https://ir.angi.com/quarterly-earnings)",url,4,low,true,2026,
roofing,leadgen_platforms,platform_take_rate_pct,10,,"Angi Inc., Q1 2026 Earnings Call Transcript, 2026, https://www.alphaspread.com/security/nasdaq/angi/earnings-call-transcripts/q1-2026",url,5,high,false,2026,13
roofing,acquisition_mix,pct_referral,55,,"Roofing Contractor Magazine, 2026, https://www.roofingcontractor.com",url,3,low,false,2026,
roofing,acquisition_mix,pct_digital,54,,"Roofing Contractor Magazine, 2026 Homeowner Survey (https://www.roofingcontractor.com); cross-checked with Glass House Pro, 2026 Lead Generation Benchmark (https://glasshousepro.com) reporting ~40% combined organic SEO and paid search lead mix.",url,4,low,false,2026,
roofing,acquisition_mix,pct_marketplace,34,,"Roofing Contractor Magazine, '2025 Homeowner Roofing Survey: Tracking the Journey' (myCLEARopinion Insights Hub), 2025, https://www.roofingcontractor.com/articles/100868-2025-homeowner-roofing-survey-tracking-the-journey",url,5,low,false,2025,
roofing,acquisition_mix,pct_repeat,61,,"Roofing Contractor Magazine, 2025, https://www.roofingcontractor.com",url,5,low,false,2025,
roofing,insurance_warranty,pct_insurance_channel,25,,"Roofing Contractor Magazine / Industry Surveys (2026), https://rooferins.com; cross-checked with Verisk U.S. Roofing Realities Report in Roofing Contractor Magazine (2025), https://www.roofingcontractor.com/articles/100412-verisk-report-shows-roofing-claim-costs-spike-to-nearly-31b",url,2,med,false,2026,
roofing,insurance_warranty,home_warranty_penetration_pct,4,,"Frontdoor, Inc. Form 10-K Annual Report (2025), https://www.sec.gov/ix?doc=/Archives/edgar/data/0001730166/000173016624000009/ftdr-20231231.htm; cross-checked with Frontdoor, Inc. Form 10-K Annual Report (2026), https://www.sec.gov/edgar",url,2,high-primary,false,2026,
roofing,recurring_mix,recurring_revenue_pct,16,,"IBISWorld, 2024, https://www.ibisworld.com/united-states/market-research-reports/roofing-contractors-industry",url,3,high,false,2024,
roofing,recurring_mix,service_agreement_attach_pct,10,,"CT Acquisitions, 2026, https://ctacquisitions.com",url,1,low,false,2026,
roofing,contract_terms,typical_contract_length_months,12,,"Main Street Wealth (2026), https://www.mainstreetwealth.ai/industry-overview/roofing",url,4,med,false,2026,8
roofing,contract_terms,renewal_rate_pct,85,,Auctus Capital Partners (2026),citation-text-only,5,high,false,2026,
roofing,cross_sell,avg_services_per_customer,5.5,,"Roofing Contractor Magazine / myCLEARopinion Insights Hub, 2025 State of the Industry Survey, https://www.roofingcontractor.com",url,2,adjudicated,false,2025,
roofing,cross_sell,upsell_attach_pct,39,,"Service Council / Convex AI, 2024 Benchmark Report, https://www.convex.com/blog/convex-ai-call-assist",url,2,low,false,2024,
roofing,capital_intensity,startup_cost_usd,199744,,"Mighty Dog Roofing Franchise Disclosure Document (Item 7), 2026",citation-text-only,5,med,false,2026,
roofing,capital_intensity,capex_pct_of_revenue,1.5,,"APi Group Corporation SEC Form 10-K, 2026, https://www.sec.gov",url,5,med,false,2026,
roofing,data_assets,iot_telemetry_penetration_pct,54,,"myCLEARopinion Insights Hub / Roofing Contractor, 2026, https://www.roofingcontractor.com/articles/100414-2026-state-of-the-industry-roofing-report",url,5,med,false,2026,
roofing,consolidation,consolidation_activity,,"The US roofing trade is undergoing rapid and intense private equity roll-up and consolidation. According to PitchBook data, private equity investments targeting US roofing companies reached an all-time high of 82 deals in 2024, representing a 30% increase year-over-year. PE Hub and industry M&A reports indicate that the count of active PE-backed roofing platforms grew from 17 at the start of 2023 to 56 by year-end 2024 (a 229% increase in 24 months), with platform and add-on deal velocity reaching roughly one transaction every 48 hours by mid-2025. This consolidation wave is propelled by extreme market fragmentation (the top five contractors control less than 10% of total market share), high proportion of non-discretionary repair and re-roofing needs (accounting for over 64% of sector demand), aging housing and commercial building stock, and resilient cash flow dynamics.","PitchBook (2025) https://pitchbook.com; PE Hub (2024, 2026) https://www.pehub.com; Roofing Contractor (2025) https://www.roofingcontractor.com",url,,,false,2026,
roofing,consolidation,notable_platforms,,"Prominent PE platforms and acquirers actively consolidating the US roofing trade include: (1) Tecta America, majority-owned by Altas Partners with minority investment from Leonard Green & Partners, operating as the nation's largest commercial roofing platform with over 85 locations across 32 states (notable add-ons include J Reynolds & Co); (2) Rampart Exterior Services, launched in 2024 by Huron Capital as an ExecFactor platform, which acquired Independent Roofing Systems (2024), Port Enterprises (2025), and Colorado Moisture Control (2026); (3) Valor Exterior Partners, backed by Osceola Capital Management, which acquired Roofing King (March 2025), Kirkin Exteriors (July 2025), and Kingdom Krafters (2025); (4) Omnia Exterior Solutions, launched in May 2023 by CCMP Growth Advisors, which scaled to 11 residential roofing partnerships across 22 states (including Brandon J Roofing, Great Roofing, and James & Whitney Company); and (5) Ridgeline Roofing & Restoration, backed by Bertram Capital and Everberg Capital, which acquired Signature Exteriors and Bold North Roofing in 2025.","PE Hub (2021, 2024, 2025, 2026) https://www.pehub.com; PitchBook (2025) https://pitchbook.com; Buyouts / PEI Group (2023) https://www.buyoutsinsider.com",url,,,false,2026,
roofing,multiples,typical_ebitda_multiple_low,2.5,,"CT Acquisitions, 'Roofing M&A Multiples Report 2026' (2026)",citation-text-only,1,high,false,2026,
roofing,multiples,typical_ebitda_multiple_high,10,,Forbes Partners (2025),citation-text-only,3,med,false,2025,
roofing,exit_environment,buyer_demand,,"Current buyer demand for US roofing businesses is exceptionally strong, driven by private equity funds, PE-backed platform consolidators, and strategic corporate acquirers. Acquirers are drawn to the trade's extreme fragmentation ( top operators hold ~4-6% of the $50B+ US market), non-discretionary repair/replacement demand, low capital intensity, and high free cash flow conversion. Buyers value most: (1) recurring and re-occurring revenue streams from commercial maintenance agreements and self-pay residential re-roofing over cyclical new construction; (2) strong EBITDA margins (10%-15%+); (3) geographic density and contiguous hub-and-spoke expansion potential; and (4) technology-enhanced operations with professionalized management independent of the founder.","KPMG Corporate Finance, Roofing Contracting: M&A Market Update (2026), https://www.kpmg.com",url,,,false,2026,
roofing,exit_environment,exit_trend,,"Heating up. Exit trends in the US roofing sector remain near all-time high activity levels. Active private equity-backed roofing platforms tripled from 17 in early 2023 to 56 by late 2024 (a 229% increase), with aggressive platform formation and add-on acquisition cadence persisting through 2025 and 2026. While buyers have shown increased diligence around integration, normalizing valuation multiples to sustainable 6x-10x EBITDA ranges for platform-quality assets, independent owners face an extraordinarily receptive exit market with multiple competing buyer types.","KPMG Corporate Finance, Roofing Contracting: M&A Market Update (2026), https://www.kpmg.com; Anchor Peabody, The M&A Market for Roofing Companies (2024/2025), https://anchorpeabody.com; Hyde Park Capital, Roofing M&A Environment and Consolidation (2025), https://hydeparkcapital.com",url,,,false,2026,
roofing,demand_drivers,installed_base_units,145333462,,"U.S. Census Bureau, 2023, https://www.census.gov/programs-surveys/acs",url,5,med,false,2023,
roofing,search_interest,yoy_search_change_pct,107,,"NeilPatel.com (2025), https://neilpatel.com/blog/roofing-marketing",url,2,med,false,2025,
roofing,cust_acquisition,typical_cac_usd,600,,Roofing Revenue Marketing (2025),citation-text-only,3,med,false,2025,
roofing,cust_acquisition,avg_review_volume,22,,"YDOP (2021), https://ydop.com",url,2,med,false,2021,
roofing,cust_acquisition,complaint_categories,,"Poor communication, substandard workmanship, failure to honor warranties, project abandonment/incomplete work, and pricing or contract transparency disputes.","Better Business Bureau & DisputeVoice (2026), https://disputevoice.com/roofing-contractor-complaints",url,,,false,2026,
glass-glazing,wages_detail,median_hourly_wage_usd,25.61,,"Trade Economy Index research synthesis: median of 1 cited research input: U.S. Bureau of Labor Statistics, Occupational Employment and Wage Statistics (OEWS), May 2023, https://www.bls.gov/oes/current/oes472121.htm",url,4,high-primary,true,2023,
glass-glazing,wages_detail,median_annual_wage_usd,53270,,"Trade Economy Index research synthesis: median of 1 cited research input: U.S. Bureau of Labor Statistics, Occupational Employment and Wage Statistics (OEWS), May 2023, https://www.bls.gov/oes/current/oes472121.htm",url,4,high-primary,true,2023,
glass-glazing,wages_detail,pct25_hourly_wage_usd,21.485,,"Trade Economy Index research synthesis: median of 1 cited research input: U.S. Bureau of Labor Statistics, Occupational Employment and Wage Statistics (OEWS), May 2023, https://www.bls.gov/oes/current/oes472121.htm",url,4,high-primary,true,2023,
glass-glazing,wages_detail,pct75_hourly_wage_usd,31.92,,"Trade Economy Index research synthesis: median of 1 cited research input: U.S. Bureau of Labor Statistics, Occupational Employment and Wage Statistics (OEWS), May 2023, https://www.bls.gov/oes/current/oes472121.htm",url,4,high-primary,true,2023,
glass-glazing,wages_detail,pct90_hourly_wage_usd,47.07,,"Trade Economy Index research synthesis: median of 1 cited research input: U.S. Bureau of Labor Statistics, Occupational Employment and Wage Statistics (OEWS), May 2023, https://www.bls.gov/oes/current/oes472121.htm",url,4,high-primary,true,2023,
glass-glazing,wages_detail,pct10_hourly_wage_usd,17.825,,"Trade Economy Index research synthesis: median of 1 cited research input: U.S. Bureau of Labor Statistics, Occupational Employment and Wage Statistics (OEWS), May 2023, https://www.bls.gov/oes/current/oes472121.htm",url,4,high-primary,true,2023,
glass-glazing,employment,us_employment,60500,,"U.S. Bureau of Labor Statistics, Occupational Outlook Handbook, 2024, https://www.bls.gov/ooh/construction-and-extraction/glaziers.htm",url,4,high-primary,false,2024,
glass-glazing,employment,projected_10yr_growth_pct,3.15,,"Trade Economy Index research synthesis: median of 1 cited research input: U.S. Bureau of Labor Statistics, Employment Projections / Occupational Outlook Handbook (https://www.bls.gov/ooh/construction-and-extraction/glaziers.htm)",url,4,high-primary,true,,
glass-glazing,employment,annual_openings,5100,,"U.S. Bureau of Labor Statistics, Occupational Outlook Handbook, 2024-2034, https://www.bls.gov/ooh/construction-and-extraction/glaziers.htm",url,4,high-primary,false,2024,
glass-glazing,employment,projected_10yr_net_change,2000,,"U.S. Bureau of Labor Statistics, Occupational Outlook Handbook, 2024-2034, https://www.bls.gov/ooh/construction-and-extraction/glaziers.htm",url,4,high-primary,false,2024,
glass-glazing,labor_shortage,unfilled_openings,5100,,"U.S. Bureau of Labor Statistics, Occupational Outlook Handbook: Glaziers, 2025, https://www.bls.gov/ooh/construction-and-extraction/glaziers.htm",url,4,high-primary,false,2025,
glass-glazing,labor_shortage,vacancy_rate_pct,3.5,,"U.S. Bureau of Labor Statistics (BLS), Job Openings and Labor Turnover Survey (JOLTS) - Construction Sector, May 2026, https://www.bls.gov/news.release/jolts.t01.htm",url,2,adjudicated,false,2026,7
glass-glazing,workforce_aging,median_worker_age,42.35,,"Trade Economy Index research synthesis: median of 2 cited research inputs: Build Your Future (BYF / NCCER), 'Top 5 Reasons to Become a Glazier', https://www.byf.org/top-5-reasons-to-become-a-glazier | U.S. Census Bureau American Community Survey via DataUSA (https://datausa.io/profile/soc/glaziers)",url,2,med,true,2025,
glass-glazing,training_pipeline,apprenticeship_enrollment,1645,,"US Department of Labor Employment and Training Administration, Registered Apprenticeship Partners Information Database System (RAPIDS) (https://www.dol.gov/agencies/eta/apprenticeship/about/statistics/2021)",url,3,med,false,2025,
glass-glazing,immigration_reliance,pct_foreign_born,10.6,,National Association of Home Builders (NAHB) Special Study: Immigrants in Construction Trades (analysis of U.S. Census Bureau 2018 American Community Survey PUMS),citation-text-only,3,med,false,2018,
glass-glazing,unionization,union_membership_pct,7.6,,"U.S. Bureau of Labor Statistics (BLS), Current Population Survey (CPS) - Women in the Labor Force: A Databook, Table 34 (Glaziers, SOC 47-2121), https://www.bls.gov/cps",url,3,med,false,,
glass-glazing,licensing,states_requiring_license,26,,"Institute for Justice, License to Work: A National Study of Burden of Occupational Licensing (3rd Edition, 2022), https://ij.org/report/license-to-work-3/glazier-contractor-commercial",url,5,high,false,2022,
glass-glazing,market_size,market_size_usd,25200000000,,"IBISWorld, Glass & Glazing Contractors in the US Industry Report, 2026, https://www.ibisworld.com/united-states/market-research-reports/glass-glazing-contractors-industry",url,2,med,false,2026,
glass-glazing,market_size,cagr_pct,2.9,,"IBISWorld, Glass & Glazing Contractors in the US Industry Report, 2026, https://www.ibisworld.com/united-states/market-research-reports/glass-glazing-contractors-industry",url,2,med,false,2026,
glass-glazing,market_size,cagr_forecast_window,,2021-2026,"IBISWorld, Glass & Glazing Contractors in the US Industry Report, 2026, https://www.ibisworld.com/united-states/market-research-reports/glass-glazing-contractors-industry",url,,,false,2026,
glass-glazing,firm_counts,num_establishments,6756,,"U.S. Census Bureau, Statistics of U.S. Businesses (SUSB), 2022, https://www.census.gov/data/tables/2022/econ/susb/2022-susb-annual.html",url,6,high-primary,false,2022,
glass-glazing,firm_counts,num_firms,6548,,"U.S. Census Bureau, Statistics of U.S. Businesses (SUSB), 2022, https://www.census.gov/data/tables/2022/econ/susb/2022-susb-annual.html",url,6,high-primary,false,2022,
glass-glazing,firm_counts,avg_employees_per_firm,9.99,,"U.S. Census Bureau, Statistics of U.S. Businesses (SUSB), 2022, https://www.census.gov/data/tables/2022/econ/susb/2022-susb-annual.html",url,6,high-primary,false,2022,
glass-glazing,fragmentation,top4_firm_share_pct,5.2,,"U.S. Small Business Administration, 'Small Business Size Standards: Agriculture, Forestry, Fishing and Hunting; Mining, Quarrying, and Oil and Gas Extraction; Utilities; Construction', Proposed Rule, 85 FR 62239 (October 2, 2020), Table 4 'Size Standards Supported by Each Factor for Each Industry (Receipts)' at 85 FR 62248, column (6) headed 'Four-firm ratio (%)', row NAICS 238150 Glass and Glazing Contractors. Derived by SBA from the U.S. Census Bureau special tabulation of the 2012 Economic Census. https://www.federalregister.gov/documents/2020/10/02/2020-21589/small-business-size-standards-agriculture-forestry-fishing-and-hunting-mining-quarrying-and-oil",url,1,high-primary,false,2020,
glass-glazing,fragmentation,top50_firm_share_pct,16.975,,"Trade Economy Index research synthesis: median of 2 cited research inputs: Glass Magazine / National Glass Association, '2024 Top 50 Glaziers Report' (June 2024), https://www.glassmagazine.com/article/2024-top-50-glaziers | Glass Magazine (National Glass Association), Top 50 Glaziers 2025 Report ($4.39B combined Top 50 sales) cross-referenced with IBISWorld Glass & Glazing Contractors Industry Report ($25.2B total market revenue)",url,2,low,true,2025,
glass-glazing,franchise_pen,franchise_penetration_pct,1.09,,"IBISWorld (via Franchise Direct, 'Auto Glass Franchises')",citation-text-only,3,adjudicated,false,,
glass-glazing,formation_rate,annual_new_firm_formation,931,,"U.S. Census Bureau, Business Dynamics Statistics (BDS), 2023, https://www.census.gov/programs-surveys/bds/data/datasets.html",url,4,adjudicated,false,2023,
glass-glazing,formation_rate,annual_closure_rate_pct,11.05,,"Trade Economy Index research synthesis: median of 1 cited research input: U.S. Census Bureau, Business Dynamics Statistics (Establishment Exit Rate, Construction Sector NAICS 23) - https://www.census.gov/programs-surveys/bds.html; cross-checked with U.S. Bureau of Labor Statistics, Business Employment Dynamics - https://www.bls.gov/bdm",url,4,high-primary,true,,
glass-glazing,formation_rate,survival_5yr_pct,53.9,,"U.S. Bureau of Labor Statistics, Business Employment Dynamics (BED) - Establishment Age and Survival Data, 2018, https://www.bls.gov/bdm/bdmsage.htm",url,4,low,false,2018,
glass-glazing,margins,gross_margin_pct,22.549999999999997,,"Trade Economy Index research synthesis: median of 3 cited research inputs: Apogee Enterprises, Inc. Form 10-K Annual Report for Fiscal Year Ended March 2, 2024, https://www.sec.gov/ix?doc=/Archives/edgar/data/0000006842/000000684224000015/apog-20240302.htm | CFMA Construction Financial Benchmarker (Specialty Trade Contractors), 2024 | CFMA 2024 Construction Financial Benchmarker",url,6,med,true,2024,
glass-glazing,margins,operating_margin_pct,7.1,,CFMA 2024 Construction Financial Benchmarker,citation-text-only,6,adjudicated,false,2024,14
glass-glazing,margins,net_margin_pct,6.275,,"Trade Economy Index research synthesis: median of 3 cited research inputs: Apogee Enterprises, Inc. Form 10-K Annual Report for Fiscal Year Ended March 2, 2024, https://www.sec.gov/ix?doc=/Archives/edgar/data/0000006842/000000684224000015/apog-20240302.htm | CFMA Construction Financial Benchmarker (Specialty Trade Contractors), 2024 | CFMA 2024 Construction Financial Benchmarker",url,6,med,true,2024,
glass-glazing,cost_structure,labor_pct_of_revenue,25.785,,"Trade Economy Index research synthesis: median of 4 cited research inputs: IBISWorld, Industry Report 23815: Glass & Glazing Contractors in the US (2021) - https://www.ibisworld.com/united-states/market-research-reports/glass-glazing-contractors-industry | IBISWorld Industry Report 23815: Glass & Glazing Contractors in the US, 2026, https://www.ibisworld.com/united-states/market-research-reports/glass-glazing-contractors-industry | U.S. Census Bureau 2017 Economic Census, NAICS 238150 Glass and Glazing Contractors (2017) (https://siccode.com/naics-code/238150/glass-and-glazing-contractors) | Construction Financial Management Association (CFMA) 2024 Financial Benchmarker Report (Specialty Trade Contractors), https://cfma.org",url,4,med,true,2026,
glass-glazing,cost_structure,materials_pct_of_revenue,43,,"IBISWorld, Industry Report 23815: Glass & Glazing Contractors in the US (2021) - https://www.ibisworld.com/united-states/market-research-reports/glass-glazing-contractors-industry",url,3,high,false,2021,
glass-glazing,cost_structure,sga_overhead_pct,15.75,,"Trade Economy Index research synthesis: median of 3 cited research inputs: Apogee Enterprises, Inc. Form 10-K Annual Report for the Fiscal Year Ended February 28, 2026 (Architectural Services Segment), https://www.sec.gov/ix?doc=/Archives/edgar/data/0000006842/000000684226000015/apog-20260228.htm | IBISWorld Industry Report 23815: Glass & Glazing Contractors in the US, 2026, https://www.ibisworld.com/united-states/market-research-reports/glass-glazing-contractors-industry | Construction Financial Management Association (CFMA) 2024 Financial Benchmarker Report (All Respondents), https://cfma.org",url,6,med,true,2026,
glass-glazing,productivity,revenue_per_employee_usd,229268.22,,"U.S. Census Bureau, 2017 Economic Census (NAICS 238150 Glass and Glazing Contractors), https://www.census.gov/programs-surveys/economic-census.html",url,5,med,false,2017,
glass-glazing,cash_cycle_detail,dso_days,80,,"Tecnoglass Inc. Form 10-K (Fiscal Year Ended December 31, 2022), https://www.sec.gov/edgar/searchedgar/companysearch",url,3,low,false,2022,
glass-glazing,cash_cycle_detail,dpo_days,32.24,,"GuruFocus - Apogee Enterprises, Inc. (NAICS 238150), 2024, https://www.gurufocus.com/term/dso/APOG/Days-Sales-Outstanding/Apogee-Enterprises",url,3,med,false,2024,
glass-glazing,cash_cycle_detail,cash_conversion_cycle_days,81,,CFMA Construction Financial Benchmarker (2024),citation-text-only,2,adjudicated,false,2024,
glass-glazing,bad_debt,bad_debt_write_off_pct,0.12,,Tecnoglass Inc. Form 10-K Annual Report (2024) - https://www.sec.gov,url,4,med,false,2024,7
glass-glazing,ai_task_breakdown,pct_physical_onsite_work,92,,"CPWR - The Center for Construction Research and Training (2019), 'Ergonomic Tasks and Injury Risk in Construction Glass and Glazing', https://www.cpwr.com",url,5,adjudicated,false,2019,
glass-glazing,ai_task_breakdown,ai_resistant_work,,"Physical, on-site trade labor in glass and glazing remains highly resistant to AI replacement due to the non-standardized, tactile, and high-risk conditions of field construction. Specific physical tasks hard for AI to replace include: field-measuring, custom site adjustments, and hands-on installation of heavy structural architectural glass, curtain walls, storefronts, and skylights; operating suction cranes, specialized glass handling equipment, and rigging on active jobsites; manual application of weatherproofing sealants and flashings; and evaluating real-time jobsite hazards at height. As highlighted in Glass Magazine (2023, 2026), human physical dexterity, haptic judgment, complex problem-solving on active construction sites, and safety oversight cannot be replicated by software or current robotics.","Glass Magazine (2026) - 'Top 50 Glaziers Survey: Glazing firms begin to adopt AI for office tasks' | Glass Magazine (2024) - Ron Crowl, 'The Future of AI in the Glass Industry', https://www.glassmagazine.com/article/future-ai-glass-industry | Glass Magazine (2023) - Matt Johnson, 'Artificial Intelligence Has the Potential to Streamline Design, Bidding, Procurement, Safety and Scheduling' | USGlass Magazine (2025) - 'Guardian Glass Launches AI Assistant Claria for Product Selection', https://www.usglassmag.com | Glazier Software (2026) - Amanda, 'How AI Takeoff Works and AI in Glazing', https://www.glaziersoftware.com | DigitalDefynd (2025) - 'Use of AI in the Glass Industry: 5 Case Studies (AGC, Guardian Glass)', https://digitaldefynd.com | Togal.AI (2024) - 'AI Takeoff Software for Glazing, Windows & Doors', https://www.togal.ai",url,,low,false,2026,
glass-glazing,ai_task_breakdown,automatable_work,,"Back-office, preconstruction, coordination, and estimating workflows are the most automatable segments of the glazing trade. Highly automatable tasks include: automated blueprint takeoffs, opening schedule extraction, and window/door tag counting via optical character recognition (OCR) and computer vision; rapid cost estimation and proposal generation; checking building code, wind-load, and energy performance compliance; automated purchase order placement and stock replenishment based on material usage patterns; dynamic field scheduling and production capacity planning to predict shop bottlenecks; and customer inquiry processing. Tools like Togal.AI, Glazier Software, and Cyncly allow estimators and project managers to extract quantities and analyze contract drawings in minutes with over 97% accuracy.","Glass Magazine (2026) - 'Top 50 Glaziers Survey: Glazing firms begin to adopt AI for office tasks' | Glass Magazine (2024) - Ron Crowl, 'The Future of AI in the Glass Industry', https://www.glassmagazine.com/article/future-ai-glass-industry | Glass Magazine (2023) - Matt Johnson, 'Artificial Intelligence Has the Potential to Streamline Design, Bidding, Procurement, Safety and Scheduling' | USGlass Magazine (2025) - 'Guardian Glass Launches AI Assistant Claria for Product Selection', https://www.usglassmag.com | Glazier Software (2026) - Amanda, 'How AI Takeoff Works and AI in Glazing', https://www.glaziersoftware.com | DigitalDefynd (2025) - 'Use of AI in the Glass Industry: 5 Case Studies (AGC, Guardian Glass)', https://digitaldefynd.com | Togal.AI (2024) - 'AI Takeoff Software for Glazing, Windows & Doors', https://www.togal.ai",url,,low,false,2026,
glass-glazing,fsm_software,fsm_adoption_pct,58,,"Glass Magazine / National Glass Association, 'Industry Investment Trends' (2023)",citation-text-only,4,med,false,2023,
glass-glazing,ai_adoption,ai_adoption_rate_pct,10,,"Glass Magazine (National Glass Association), Top 50 Glaziers Survey, June 2026, https://glassmagazine.com",url,5,low,false,2026,
glass-glazing,ai_adoption,use_cases,,"Preconstruction document review and project estimating takeoffs; automated 2D fabrication drawing generation from 3D models (e.g., DraftAid); static load-bearing capacity and glazing system calculations (e.g., Kuraray SentryGlas Strength Lab AI); machine-vision defect detection and quality inspection on fabrication lines; and predictive equipment maintenance.","Glass Magazine (National Glass Association) & USGlass Magazine, https://glassmagazine.com and https://usglassmag.com",url,,,false,,
glass-glazing,ai_adoption,adoption_examples,,"Documented AI adoption examples in the US glass and glazing trade include: (1) Glass Magazine Top 50 Glaziers Survey (2026) - Reports that over 33% of top U.S. contract glaziers actively use AI tools and 10% have implemented them company-wide, primarily using AI during preconstruction for estimating and document review. (2) Guardian Glass (2025) - Launched 'Claria,' an interactive AI technical assistant that analyzes complex glass specs, regional building code requirements, and environmental performance data to recommend tailored glazing solutions. (3) AGC Inc. (2025) - Deployed AI computer-vision defect detection on flat glass production lines, achieving >95% inspection accuracy and cutting scrap waste by over 10%. (4) Cyncly (2024) - Built an AI Innovation Center to launch automated purchase order replenishment engines and intelligent production throughput monitoring for glass fabricators. (5) Togal.AI & Glazier Software (2024-2026) - Integrated AI takeoff and job performance tracking tools specifically designed for glazing contractors to automatically count window/door schedule tags directly from PDF plan sets.","Glass Magazine (2026) - 'Top 50 Glaziers Survey: Glazing firms begin to adopt AI for office tasks' | Glass Magazine (2024) - Ron Crowl, 'The Future of AI in the Glass Industry', https://www.glassmagazine.com/article/future-ai-glass-industry | Glass Magazine (2023) - Matt Johnson, 'Artificial Intelligence Has the Potential to Streamline Design, Bidding, Procurement, Safety and Scheduling' | USGlass Magazine (2025) - 'Guardian Glass Launches AI Assistant Claria for Product Selection', https://www.usglassmag.com | Glazier Software (2026) - Amanda, 'How AI Takeoff Works and AI in Glazing', https://www.glaziersoftware.com | DigitalDefynd (2025) - 'Use of AI in the Glass Industry: 5 Case Studies (AGC, Guardian Glass)', https://digitaldefynd.com | Togal.AI (2024) - 'AI Takeoff Software for Glazing, Windows & Doors', https://www.togal.ai",url,,low,false,2026,
glass-glazing,leadgen_platforms,marketplace_penetration_pct,1.5,,"Angi Inc., Q1 2026 Shareholder Letter and Earnings Call Transcript, 2026, https://ir.angi.com",url,5,med,false,2026,11
glass-glazing,leadgen_platforms,platform_take_rate_pct,10,,"Angi Inc., Q1 2026 Shareholder Letter and Earnings Call Transcript, 2026, https://ir.angi.com",url,5,high,false,2026,13
glass-glazing,acquisition_mix,pct_referral,59,,"Houzz, 2023 U.S. Houzz & Home Study (2023), https://www.houzz.com",url,3,low,false,2023,
glass-glazing,acquisition_mix,pct_digital,38,,"Houzz, 2023 U.S. Houzz & Home Study (2023), https://www.houzz.com",url,3,low,false,2023,
glass-glazing,acquisition_mix,pct_marketplace,28,,Home Services Marketing Report (2025) - https://www.rudys.ai,url,3,low,false,2025,4
glass-glazing,acquisition_mix,pct_repeat,37.5,,"Trade Economy Index research synthesis: median of 3 cited research inputs: Houzz, 2023 U.S. Houzz & Home Study, https://www.houzz.com (Cross-checked against National Association of Home Builders Remodelers Survey, 37%) | Field Service Trades & Contractor Survey / Uhub NGO (2025), https://uhub.ngo (cross-checked against Modernize Homeowner Insights Survey (2025), https://modernize.com/contractor-insights/contractor-selection-trends) | Stratrix Glass and Glazing Contractors Industry Benchmark (2025) - https://www.stratrix.com",url,4,med,true,2025,
glass-glazing,insurance_warranty,pct_insurance_channel,53.1,,"Trade Economy Index research synthesis: median of 2 cited research inputs: National Windshield Repair Division / NWRA (2021) and Insurance Journal (2003, https://www.insurancejournal.com/magazines/mag-features/2003/05/01/30043.htm) | U.S. International Trade Commission (USITC), Certain Replacement Glass Windshields from China, Investigation No. 731-TA-922 (Publication 3494), 2002, https://www.usitc.gov/publications/701_731/pub3494.pdf",url,2,med,true,2021,
glass-glazing,insurance_warranty,home_warranty_penetration_pct,4,,"Frontdoor, Inc. Form 10-K for the Fiscal Year Ended December 31, 2024 (2025), https://www.sec.gov/edgar/searchedgar/companysearch",url,3,med,false,2025,
glass-glazing,contract_terms,typical_contract_length_months,19.5,,"Trade Economy Index research synthesis: median of 3 cited research inputs: Tecnoglass Inc. Form 10-K (2017), (stating commercial architectural glass and glazing contracts typically range between 1 and 3 years, or 12 to 36 months); cross-checked with ISI Detention Contracting Corp. Form 10-K (2009), (noting specialized glass and glazing projects take 9 to 14 months) and Apogee Enterprises, Inc. Form 10-K (2021) | Glass Magazine / National Glass Association (NGA) Top 50 Glaziers Report (2025), https://glass.org; Apogee Enterprises, Inc. Form 10-K (2026), https://www.sec.gov | USGlass Magazine, 2026, https://www.usglassmag.com",url,4,low,true,2026,
glass-glazing,contract_terms,renewal_rate_pct,90,,"DMC Global Inc. (Arcadia Products), 2026, https://www.sec.gov",url,1,low,false,2026,
glass-glazing,capital_intensity,startup_cost_usd,238000,,"Glass Doctor Franchise Disclosure Document (FDD Item 7), 2026",citation-text-only,5,med,false,2026,
glass-glazing,capital_intensity,capex_pct_of_revenue,2.62,,"Apogee Enterprises, Inc. Form 10-K / FY2025 Earnings Release, 2025, https://www.sec.gov/edgar/browse/?CIK=0000006842",url,5,med,false,2025,
glass-glazing,consolidation,consolidation_activity,,"The US Glass & Glazing trade is experiencing active and ongoing private equity roll-up and consolidation activity. Driven by high market fragmentation across contract glazing, value-added glass fabrication, and architectural building envelope products, private equity sponsors actively deploy buy-and-build strategies in the trade. According to Glass Magazine and CT Acquisitions (2026), M&A coverage tracks continuous consolidation across contract glazing, fabrication, and glazing software, with PE firms targeting specialty contractors offering defensible market niches and recurring service revenues. Industry M&A research from Oaklins (2021) and Glass Magazine (2020) highlights that financial sponsors use buy-and-build acquisitions as the primary strategy to establish regional and national platforms, capturing scale, operational synergies, and expanded geographic service capabilities.","Glass Magazine / CT Acquisitions (2026), 'Commercial Glazing Business Valuation', https://www.ctacquisitions.com; Glass Magazine (2020), 'Consolidation reshapes glass supply chain', https://www.glassmagazine.com; Oaklins Spot On (2021), 'Private Equity in the Flat Glass Industry', https://www.oaklins.com",url,,,false,2026,
glass-glazing,consolidation,notable_platforms,,"Prominent private equity platforms and acquirers actively consolidating the US glass and glazing trade include: (1) Oldcastle BuildingEnvelope (OBE), a platform acquired by private equity firm KPS Capital Partners from CRH plc for $3.45 billion in 2022. OBE has aggressively rolled up regional fabricators, including Syracuse Glass Company in June 2023 and Midwest Glass Fabricators in February 2024. (2) Binswanger Glass, acquired by operationally focused private equity firm Transom Capital Group in November 2025 to accelerate growth across its 42 full-service glazing locations. (3) Trulite Glass & Aluminum Solutions, a private equity platform backed by Sun Capital Partners, which acquired American Insulated Glass (AIG) and AGC's U.S. commercial fabrication assets, expanding its network to over 42 North American facilities. (4) Custom Glass Solutions (CGS), a platform owned by private equity firm Stellex Capital Management, which acquired North American Specialty Glass (NASG) to expand its engineered glass and framed assembly capabilities.","Transom Capital Group (2025), 'Transom Acquires Binswanger Glass', https://www.transomcap.com; KPS Capital Partners (2024), 'KPS Portfolio Company Oldcastle BuildingEnvelope Completes Acquisition of Midwest Glass Fabricators', https://www.kpsfund.com; Lincoln International (2023), 'Lineage Capital has sold Syracuse Glass Company to Oldcastle BuildingEnvelope', https://www.lincolninternational.com; Glass Magazine (2024), 'Trulite Acquires American Insulated Glass', https://www.glassmagazine.com; Business Wire / Stellex Capital Management (2024), 'Custom Glass Solutions Establishes Upper Sandusky as New Corporate HQ', https://www.businesswire.com",url,,,false,2025,
glass-glazing,multiples,typical_ebitda_multiple_high,7.1,,"GF Data (NAICS 238 Specialty Trade Contractors cohort, $50M-$100M TEV band) cited in CT Acquisitions Commercial Glazing Business Valuation Guide (2026):",citation-text-only,2,med,false,2026,
glass-glazing,exit_environment,exit_trend,,"The exit trend is heating up and accelerating. High market fragmentation, rising operational complexity, owner retirement transitions, and private equity dry powder are driving an accelerated wave of M&A consolidation across contract glazing and glass fabrication businesses.","TM Capital, 'Glass Fabrication & Glazing Services Market Trends: Insights & Opportunities Report' (2026), https://www.tmcapital.com ; Glass Magazine / NGA Glass Cast, 'Planning Your Exit: REAG CEO, Scott Mashuda on Why Glass Fabricators Can't Afford to Wait' (2026), https://www.glassmagazine.com",url,,,false,2026,
glass-glazing,demand_drivers,installed_base_units,129400000,,"U.S. Energy Information Administration (EIA), Residential Energy Consumption Survey (RECS 2020, published 2022/2023, https://www.eia.gov/consumption/residential/) reporting 123.5 million primary occupied housing units; cross-checked with U.S. Energy Information Administration (EIA), Commercial Buildings Energy Consumption Survey (CBECS 2018, published 2021/2022, https://www.eia.gov/consumption/commercial/) reporting 5.9 million commercial buildings, combining for an installed base of 129.4 million buildings/units.",url,5,med,false,2023,
glass-glazing,cust_acquisition,typical_cac_usd,300,,"JIM (2025), 'How to Start a Glass and Glazing Contractor Business'",citation-text-only,5,med,false,2025,
glass-glazing,cust_acquisition,avg_review_volume,39,,"BrightLocal (2024), Local Search Industry Report and Local Consumer Review Survey, https://www.brightlocal.com",url,4,med,false,2024,6
glass-glazing,cust_acquisition,complaint_categories,,"Service or Repair Issues, Product Issues, Sales and Advertising Issues, Customer Service Issues, Billing Issues","Better Business Bureau (BBB) Business & Industry Complaint Reports (2026), https://www.bbb.org",url,,,false,2026,
doors-access,wages_detail,median_hourly_wage_usd,27.09,,"U.S. Bureau of Labor Statistics (BLS) Occupational Employment and Wage Statistics (OEWS), May 2023 (https://www.bls.gov/oes/current/oes472031.htm); cross-checked with O*NET OnLine (https://www.onetonline.org/link/summary/47-2031.00) and Montana Department of Labor and Industry OEWS Data (https://lmi.mt.gov)",url,6,high-primary,false,2023,
doors-access,wages_detail,median_annual_wage_usd,56350,,"U.S. Bureau of Labor Statistics (BLS) Occupational Employment and Wage Statistics (OEWS), May 2023 (https://www.bls.gov/oes/current/oes472031.htm); cross-checked with O*NET OnLine (https://www.onetonline.org/link/summary/47-2031.00) and Montana Department of Labor and Industry OEWS Data (https://lmi.mt.gov)",url,6,high-primary,false,2023,
doors-access,wages_detail,pct25_hourly_wage_usd,22.18,,"U.S. Bureau of Labor Statistics (BLS) Occupational Employment and Wage Statistics (OEWS), May 2023 (https://www.bls.gov/oes/current/oes472031.htm); cross-checked with Montana Department of Labor and Industry OEWS Data (https://lmi.mt.gov) and Mississippi Department of Employment Security OEWS Estimates (https://www.mdes.ms.gov)",url,6,high-primary,false,2023,
doors-access,wages_detail,pct75_hourly_wage_usd,34.75,,"U.S. Bureau of Labor Statistics (BLS) Occupational Employment and Wage Statistics (OEWS), May 2023 (https://www.bls.gov/oes/current/oes472031.htm); cross-checked with Montana Department of Labor and Industry OEWS Data (https://lmi.mt.gov) and Mississippi Department of Employment Security OEWS Estimates (https://www.mdes.ms.gov)",url,6,high-primary,false,2023,
doors-access,wages_detail,pct90_hourly_wage_usd,45.47,,"U.S. Bureau of Labor Statistics (BLS) Occupational Employment and Wage Statistics (OEWS), May 2023 (https://www.bls.gov/oes/current/oes472031.htm); cross-checked with Montana Department of Labor and Industry OEWS Data (https://lmi.mt.gov) and Mississippi Department of Employment Security OEWS Estimates (https://www.mdes.ms.gov)",url,6,high-primary,false,2023,
doors-access,wages_detail,pct10_hourly_wage_usd,18,,"U.S. Bureau of Labor Statistics (BLS) Occupational Employment and Wage Statistics (OEWS), May 2023 (https://www.bls.gov/oes/current/oes472031.htm); cross-checked with Montana Department of Labor and Industry OEWS Data (https://lmi.mt.gov) and Mississippi Department of Employment Security OEWS Estimates (https://www.mdes.ms.gov)",url,6,high-primary,false,2023,
doors-access,employment,us_employment,959000,,"BLS Occupational Outlook Handbook, https://www.bls.gov/ooh/construction-and-extraction/carpenters.htm",url,5,high-primary,false,2024,
doors-access,employment,projected_10yr_growth_pct,4.5,,"U.S. Bureau of Labor Statistics, Employment Projections: Table 1.2 Occupational Projections, 2024-2034, https://www.bls.gov/emp/tables/occupational-projections-and-characteristics.htm",url,5,low,false,2024,
doors-access,employment,annual_openings,74100,,"BLS Occupational Outlook Handbook, https://www.bls.gov/ooh/construction-and-extraction/carpenters.htm",url,5,high-primary,false,,
doors-access,employment,projected_10yr_net_change,43100,,"BLS Occupational Outlook Handbook, https://www.bls.gov/ooh/construction-and-extraction/carpenters.htm",url,5,high-primary,false,,
doors-access,labor_shortage,unfilled_openings,2700,,"U.S. Bureau of Labor Statistics (BLS) / O*NET OnLine (SOC 49-9011 Mechanical Door Repairers), 2024, https://www.onetonline.org/link/summary/49-9011.00",url,5,adjudicated,false,2026,
doors-access,labor_shortage,vacancy_rate_pct,3.4,,"U.S. Bureau of Labor Statistics (BLS) Job Openings and Labor Turnover Survey (JOLTS), 2025, https://www.bls.gov/jlt",url,3,med,false,2025,
doors-access,workforce_aging,median_worker_age,51,,"Tradeworx / MarketDataForecast North America Garage Overhead Doors Market Report, https://www.marketdataforecast.com/market-reports/north-america-garage-overhead-doors-market",url,5,med,false,2025,
doors-access,workforce_aging,pct_over_55,24,,"U.S. Census Bureau / Bureau of Labor Statistics Current Population Survey, https://www.census.gov",url,3,high,false,,
doors-access,training_pipeline,apprenticeship_enrollment,984.5,,"Trade Economy Index research synthesis: median of 2 cited research inputs: U.S. Department of Labor, Employment and Training Administration, Registered Apprenticeship National Results FY 2020 (Glazier RAPIDS Code 0221), https://www.dol.gov/agencies/eta/apprenticeship/about/statistics/2020 | Door Security and Safety Foundation (DSSF) / Door and Hardware Institute (DHI), Workforce Development Program Launch Announcement, 2025, https://www.dhi.org",url,2,low,true,2025,
doors-access,training_pipeline,annual_completions,12000,,"Door and Access Systems Manufacturers Association (DASMA), 2025, https://www.dasma.com",url,2,adjudicated,false,2025,
doors-access,immigration_reliance,pct_foreign_born,35,,National Association of Home Builders (NAHB) analysis of U.S. Census Bureau American Community Survey (ACS) 2024 PUMS,citation-text-only,5,high,false,2024,
doors-access,unionization,union_membership_pct,11.5,,"Union Membership and Coverage Database from the CPS (unionstats.com), Construction Workers Table, http://www.unionstats.com",url,5,med,false,,
doors-access,licensing,states_requiring_license,29,,"Institute for Justice, License to Work: A National Study of Burdens from Occupational Licensing (3rd Edition), https://ij.org/report/license-to-work-3",url,5,med,false,2026,
doors-access,market_size,market_size_usd,7700000000,,"IBISWorld, Door Installation & Repair Services in the US - https://www.ibisworld.com/united-states/market-research-reports/door-installation-repair-services-industry",url,3,med,false,2025,
doors-access,market_size,cagr_pct,3.8,,"Trade Economy Index research synthesis: median of 1 cited research input: IBISWorld, 'Door Installation & Repair Services in the US' (2024), https://www.ibisworld.com/united-states/market-research-reports/door-installation-repair-services-industry",url,2,med,true,2024,
doors-access,market_size,cagr_forecast_window,,2020-2025,"Trade Economy Index research synthesis: median of 1 cited research input: IBISWorld, 'Door Installation & Repair Services in the US' (2024), https://www.ibisworld.com/united-states/market-research-reports/door-installation-repair-services-industry",url,,,false,2024,
doors-access,firm_counts,num_establishments,40076,,"U.S. Census Bureau, Statistics of U.S. Businesses (SUSB), NAICS 238350 and 238290 combined - https://www.census.gov/data/tables/2022/econ/susb/2022-susb-annual.html",url,5,high-primary,false,2022,
doors-access,firm_counts,num_firms,38575,,"U.S. Census Bureau, Statistics of U.S. Businesses (SUSB), NAICS 238350 and 238290 combined - https://www.census.gov/data/tables/2022/econ/susb/2022-susb-annual.html",url,5,high-primary,false,,
doors-access,firm_counts,avg_employees_per_firm,8.07,,"U.S. Census Bureau, Statistics of U.S. Businesses (SUSB), NAICS 238350 and 238290 combined - https://www.census.gov/data/tables/2022/econ/susb/2022-susb-annual.html",url,5,high-primary,false,,
doors-access,fragmentation,top4_firm_share_pct,24.7,,"U.S. Small Business Administration, 'Small Business Size Standards: Agriculture, Forestry, Fishing and Hunting; Mining, Quarrying, and Oil and Gas Extraction; Utilities; Construction', Proposed Rule, 85 FR 62239 (October 2, 2020), Table 4 'Size Standards Supported by Each Factor for Each Industry (Receipts)' at 85 FR 62248, column (6) headed 'Four-firm ratio (%)', row NAICS 238290 Other Building Equipment Contractors. Derived by SBA from the U.S. Census Bureau special tabulation of the 2012 Economic Census. https://www.federalregister.gov/documents/2020/10/02/2020-21589/small-business-size-standards-agriculture-forestry-fishing-and-hunting-mining-quarrying-and-oil",url,1,high-primary,false,2020,
doors-access,franchise_pen,franchise_penetration_pct,14,,CT Acquisitions / IBISWorld - Garage Doors Business for Sale,citation-text-only,1,adjudicated,false,,
doors-access,formation_rate,annual_closure_rate_pct,10.2,,"U.S. Census Bureau, Business Dynamics Statistics (BDS), 2023 release, NAICS 238 Specialty Trade Contractors establishment exit rate (45,865 exits against 453,700 establishments), https://www2.census.gov/programs-surveys/bds/tables/time-series/2023/bds2023_vcn3.csv (program page: https://www.census.gov/programs-surveys/bds.html)",url,1,low,false,2023,
doors-access,formation_rate,survival_5yr_pct,56.5,,"U.S. Bureau of Labor Statistics, Business Employment Dynamics, Table 7: Survival of private sector establishments by opening year, Construction (NAICS 23), establishments opened in the year ended March 2020 surviving to March 2025, https://www.bls.gov/bdm/us_age_naics_23_table7.txt",url,1,low,false,2025,
doors-access,margins,gross_margin_pct,21.8,,CFMA 2024 Construction Financial Benchmarker Executive Summary (2024),citation-text-only,3,adjudicated,false,2024,
doors-access,margins,operating_margin_pct,20.7,,"Allegion plc 2024 Form 10-K Annual Report, SEC.gov, https://www.sec.gov/ix?doc=/Archives/edgar/data/0001579241/000157924125000008/alle-20241231.htm",url,3,med,false,2024,
doors-access,margins,net_margin_pct,6.9,,"CFMA Construction Financial Benchmarker Executive Summary (2024), https://cfma.org/articles/cfma-s-2-24-construction-financial-benchmarker-executive-summary",url,3,med,false,2024,4
doors-access,cost_structure,labor_pct_of_revenue,30,,"IBISWorld, Garage Door Installation in the US Industry Analysis (2025), https://www.ibisworld.com/united-states/market-research-reports/garage-door-installation-industry/; cross-checked against CFMA 2025 Financial Benchmarker, https://cfma.org",url,2,adjudicated,false,2025,
doors-access,cost_structure,materials_pct_of_revenue,35,,"CFMA Financial Benchmarker and IBISWorld Specialty Trade Contractors Data (2025), https://cfma.org",url,2,adjudicated,false,2025,
doors-access,cost_structure,sga_overhead_pct,14.7,,"Construction Financial Management Association (CFMA) 2025 Construction Financial Benchmarker (Specialty Trade Contractors), https://cfma.org",url,3,adjudicated,false,2025,
doors-access,productivity,revenue_per_employee_usd,248137,,"U.S. Census Bureau, 2017 Economic Census, https://data.census.gov/cedsci/table?q=EC1723BASIC&n=N000000.238290&tid=ECNBASIC2017.EC1723BASIC",url,1,adjudicated,false,2017,
doors-access,cash_cycle_detail,dso_days,43.51,,"Janus International Group, Inc. Form 10-K (2023) (cross-checked with CFMA 2024 Construction Financial Benchmarker industry average DSO of 56.6 days, https://cfma.org/benchmarker; https://www.marketbeat.com/stocks/NYSE/JBI/financials/)",url,3,med,false,2024,
doors-access,cash_cycle_detail,dpo_days,41.37,,"Allegion plc Form 10-K / GuruFocus Financial Data (2024), https://www.gurufocus.com/term/dpo/ALLE/Days-Payable/Allegion",url,3,med,false,2024,
doors-access,cash_cycle_detail,cash_conversion_cycle_days,64.8,,"Allegion plc Form 10-K and Investor Presentation, 2019, https://www.allegion.com",url,3,high,false,2019,
doors-access,retainage_liens,payment_dispute_pct,68,,"Construction Financial Management Association (CFMA) Study, 2023, https://www.cfma.org",url,1,low,false,2023,
doors-access,bad_debt,bad_debt_write_off_pct,0.33,,"Janus International Group, Inc. 2023 Form 10-K (SEC Filing for Fiscal Year Ended Dec 30, 2023, https://www.sec.gov/edgar/searchedgar/companysearch); cross-checked with Allegion plc 2023 Form 10-K (SEC Filing for Fiscal Year Ended Dec 31, 2023, https://www.sec.gov/edgar/searchedgar/companysearch) and CFMA 2024 Construction Financial Benchmarker (https://cfma.org)",url,4,adjudicated,false,2024,
doors-access,bad_debt,collection_rate_pct,85.1,,"The Level Index 2026 Annual Report, Level CFO (2026), https://levelcfo.com/guides/dso-and-collections",url,4,med,false,2026,23
doors-access,ai_task_breakdown,pct_physical_onsite_work,79.5,,"U.S. Bureau of Labor Statistics (BLS), Occupational Requirements Survey (ORS), 2023, https://www.bls.gov/ors",url,3,med,false,2023,
doors-access,ai_task_breakdown,pct_cognitive_backoffice_work,20.5,,"U.S. Bureau of Labor Statistics (BLS), Occupational Requirements Survey (ORS), 2023, https://www.bls.gov/ors",url,3,med,false,2023,
doors-access,ai_task_breakdown,ai_resistant_work,,"Physical installation, mechanical assembly, and hands-on site service remain heavily resistant to AI automation in the US Doors & Access trade. Key physical tasks include: (1) Structural installation and heavy mounting of residential garage doors, commercial roll-up doors, high-speed industrial doors, automated sliding entries, and gate mechanisms. (2) High-risk mechanical maintenance, such as tensioning heavy-duty torsion springs, balancing door weights, aligning tracks, and performing physical safety sensor testing mandated by ANSI/DASMA safety standards (e.g., ANSI/DASMA 102/115 and UL 325 safety code compliance). (3) Physical wiring of access control panels, mounting biometric readers and electronic locks, and on-site hardware troubleshooting during emergency service calls. U.S. Bureau of Labor Statistics and DASMA reporting highlight a deficit of over 45,000 qualified door service technicians, underscoring that manual trade craft, dexterity, and field problem-solving cannot be duplicated by software.",ASSA ABLOY Entrance Systems (2025) - https://www.assaabloyentrance.com | SDM Magazine / ASSA ABLOY ecoLOGIC GreenCircle & TÜV SÜD Certifications (2025) - https://www.sdmmag.com | Security Sales & Integration / Acre Security REKS Acquisition (2025) - https://www.securitysales.com | Mordor Intelligence - Garage and Overhead Doors Market Analysis (2026) - https://www.mordorintelligence.com | SecurityInfoWatch - Generative AI in Access Control (2026) - https://www.securityinfowatch.com,url,,low,false,2026,
doors-access,ai_task_breakdown,automatable_work,,"Back-office management, field dispatch, estimating, customer communications, and access control reporting are rapidly being automated by trade-tailored AI software: (1) AI Dispatching & Route Optimization: Intelligent dispatch engines (e.g., FieldCamp AI, Workiz Genius AI, Titan Intelligence) automatically fill daily schedule boards by matching job requirements against technician skill certifications (e.g., spring replacement vs. commercial roll-up expertise), vehicle load capacity, geographic zones, and live traffic data. (2) Automated Call Answering & Customer Booking: 24/7 AI virtual receptionists handle incoming sales calls, text back missed after-hours leads, and auto-book appointments directly into field calendars. (3) Estimating & Quoting Automation: Software generates on-site 'good-better-best' tiered estimates from flat-rate pricebooks, using photos and past equipment records to streamline customer approval and electronic signing. (4) Generative AI System Querying: Natural-language AI models interface with access control databases to eliminate manual log searches, enabling security managers to retrieve instant reports or execute emergency lockdowns via voice commands. (5) Predictive Maintenance & Invoicing: Smart door sensors feed operational telemetry into cloud AI to trigger automated maintenance alerts before breakdowns occur and auto-convert completed job cards into customer invoices.",ASSA ABLOY Entrance Systems (2025) - https://www.assaabloyentrance.com | SDM Magazine / ASSA ABLOY ecoLOGIC GreenCircle & TÜV SÜD Certifications (2025) - https://www.sdmmag.com | Security Sales & Integration / Acre Security REKS Acquisition (2025) - https://www.securitysales.com | Mordor Intelligence - Garage and Overhead Doors Market Analysis (2026) - https://www.mordorintelligence.com | SecurityInfoWatch - Generative AI in Access Control (2026) - https://www.securityinfowatch.com,url,,low,false,2026,
doors-access,fsm_software,fsm_adoption_pct,48,,"Trade Economy Index research synthesis: median of 2 cited research inputs: ServiceTitan, 2024 Commercial Markets Report | ServiceTitan 2026 Commercial Specialty Contractor Industry Report (2026), https://www.servicetitan.com (vendor-published industry report; software-adoption evidence, not independent benchmark research)",url,2,med,true,2026,
doors-access,fsm_software,dominant_fsm_software,,ServiceTitan,"Deelo.ai (2026), https://deelo.ai",url,,,false,2026,
doors-access,accounting_tech,common_accounting_software,,"In the US specialty trade contractor sector (including doors and access control contractors), the most common accounting systems are Intuit QuickBooks (widely used by small to midsize contractors), Sage platforms (Sage 100 Contractor, Sage 300 CRE, and Sage Intacct for Specialty Contractors, cited by 21.3% of contractors), Foundation Software (purpose-built for self-performing trade contractors requiring job costing and service management), and Deltek ComputerEase.","Building Design+Construction / JBKnowledge 10th Annual Construction Technology Report (2022), Projul Construction Accounting Industry Analysis (2025)",citation-text-only,,,false,2025,
doors-access,ai_adoption,ai_adoption_rate_pct,51,,"Parks Associates, Security Dealers Perspectives & Connected Home Study, 2025, https://www.parksassociates.com",url,1,low,false,2025,
doors-access,ai_adoption,adoption_examples,,"Documented examples and studies of AI adoption in the door and access control industry include: (1) ASSA ABLOY ecoLOGIC (2025): ASSA ABLOY introduced an AI-driven software layer for automatic sliding doors that evaluates foot traffic and ambient weather in real time to dynamically adjust door speeds and hold-open times. The solution reduces door opening cycles by 2-7%, saves up to 14,000 kWh per entrance annually, and earned GreenCircle Certification and TÜV SÜD's 'Low-Risk AI' designation. (2) Acre Security / REKS.ai Acquisition (2025): Global security provider Acre Security acquired REKS.ai to integrate access-control-specific generative AI into its platform, allowing security administrators to use natural-language queries (e.g., 'Show me all access denied events at the data center last month') and execute voice-activated emergency lockdowns. (3) Field Service Management (FSM) AI Tools (2024-2026): FSM software vendors like FieldCamp and Workiz introduced AI dispatcher and call assistant modules purpose-built for garage and door service contractors to optimize multi-truck dispatching and quote generation. (4) Smart Door & Operator Analytics: Research from Mordor Intelligence notes that leading door manufacturers like Clopay are embedding AI analytics into connected door operators, offering property owners automated maintenance alerts, usage dashboards, and energy management features.",ASSA ABLOY Entrance Systems (2025) - https://www.assaabloyentrance.com | SDM Magazine / ASSA ABLOY ecoLOGIC GreenCircle & TÜV SÜD Certifications (2025) - https://www.sdmmag.com | Security Sales & Integration / Acre Security REKS Acquisition (2025) - https://www.securitysales.com | Mordor Intelligence - Garage and Overhead Doors Market Analysis (2026) - https://www.mordorintelligence.com | SecurityInfoWatch - Generative AI in Access Control (2026) - https://www.securityinfowatch.com,url,,low,false,2026,
doors-access,leadgen_platforms,marketplace_penetration_pct,1.5,,"Angi Inc. Q1 2026 Earnings Call Transcript & Shareholder Letter (May 2026, https://www.angi.com / https://www.fool.com/earnings/call-transcripts/2026/05/06/angi-angi-q1-2026-earnings-call-transcript/) and Angi Inc. FY2025 Form 10-K (February 2026, https://www.sec.gov). Angi reports capturing under 1.5% overall share of the $700B US residential home services TAM (and 3%-4% of small service pros with under 10 employees), noting overall digital marketplace penetration across home service trades remains low with the vast majority of consumers searching and hiring offline.",url,5,med,false,2026,11
doors-access,leadgen_platforms,platform_take_rate_pct,10,,"Angi Inc. Q1 2026 Earnings Call Transcript (May 2026, https://www.fool.com/earnings/call-transcripts/2026/05/06/angi-angi-q1-2026-earnings-call-transcript/). Angi leadership confirms a current platform take rate of approximately 10%, based on pros paying ~$50 per lead on an average job value of ~$4,000 where pros win approximately 1 in 7 to 8 leads.",url,5,med,false,2026,13
doors-access,acquisition_mix,pct_referral,59,,"Houzz & Home Survey, 2024, https://www.houzz.com",url,1,low,false,2024,
doors-access,acquisition_mix,pct_digital,35.5,,"Trade Economy Index research synthesis: median of 2 cited research inputs: Houzz & Home Survey, 2023, https://www.houzz.com | PYMNTS Intelligence SMB Growth Monitor: Construction Industry Benchmark, 2026, https://www.pymnts.com",url,2,med,true,2026,
doors-access,acquisition_mix,pct_marketplace,28,,Home Services Marketing Report (2025) - https://rudys.ai,url,3,adjudicated,false,2025,4
doors-access,acquisition_mix,pct_repeat,60,,"ResultCalls Garage Door Service Market & Customer Retention Study, 2026, https://resultcalls.com",url,1,low,false,2026,
doors-access,insurance_warranty,home_warranty_penetration_pct,6,,"Frontdoor, Inc. Form 10-K (2025), SEC, https://www.sec.gov",url,5,med,false,2025,6
doors-access,recurring_mix,recurring_revenue_pct,6,,ASSA ABLOY Q3 2025 Earnings Report / Security Systems News (2025),citation-text-only,3,med,false,2025,
doors-access,recurring_mix,service_agreement_attach_pct,11,,"SDR Ventures 2024 Home Services Scorecard, https://sdrventures.com",url,1,low,false,2024,
doors-access,contract_terms,typical_contract_length_months,36,,"ASSA ABLOY Q4 Interim Report, 2025, https://www.assaabloy.com",url,5,med,false,2025,
doors-access,contract_terms,renewal_rate_pct,89,,"Securitas AB Annual Report (2026), https://www.securitasmedia.com",url,3,med,false,2026,
doors-access,cross_sell,upsell_attach_pct,11,,"SDR Ventures 2024 Home Services Scorecard (sampled 38 US garage door companies; median planned maintenance service attach rate is 11%, top-quartile 22%-34%), cross-checked against CT Acquisitions 2026 LOI Tracker (https://ctacquisitions.com) and Omdia 2023/2025 Physical Access Control Report / Informa (https://www.informa.com).",url,5,med,false,2026,
doors-access,capital_intensity,startup_cost_usd,262289.5,,"Neighborly, Precision Garage Door Service Franchise Disclosure Document (FDD) Item 7, 2026",citation-text-only,5,med,false,2026,
doors-access,capital_intensity,capex_pct_of_revenue,2.41,,"Allegion plc Form 10-K / Q4 & Full-Year Financial Results (2025/2026), https://investor.allegion.com",url,5,med,false,2026,
doors-access,data_assets,iot_telemetry_penetration_pct,11,,"Parks Associates, 2026",citation-text-only,3,adjudicated,false,2026,
doors-access,consolidation,consolidation_activity,,"The US Doors & Access trade is experiencing highly active and intense private-equity roll-up and buy-and-build consolidation, with PE sponsors comparing the sector's fragmentation and cash-flow characteristics to HVAC roll-ups. According to PitchBook data, private-equity-backed acquisitions and add-ons in the US garage and overhead door sector reached a record 29 deals in 2024 and maintained high momentum with 26 deals in 2025. Industry research from FMI Consulting indicates that over 90% of the 15,000+ independent US operators generate under $10 million in revenue, creating a target-rich landscape that has spurred over 30 transactions and more than 10 new PE platform formations since 2022. Valuations for scaled platforms have reached historic highs (ranging from 12x to 16x EBITDA), driven by non-discretionary repair and maintenance demand, strong EBITDA margins, and expansion into dock equipment and integrated access controls.",PitchBook (2026) 'PE hopes garage door roll-ups will be the new HVAC' (https://pitchbook.com/news/articles/PE-hopes-garage-door-roll-ups-will-be-the-new-HVAC); FMI Consulting (2026) 'Executive Summary: Overhead & Garage Door Services' (https://fmicorp.com),url,,,false,2026,
doors-access,consolidation,notable_platforms,,"Notable PE platforms and public-company acquirers operating in the US Doors & Access trade include: (1) Guild Garage Group - backed by Oak Hill Capital following an $800M+ acquisition in April 2026 (~16x EBITDA multiple), having completed over 25 add-ons; (2) DuraServ - acquired by Leonard Green & Partners in 2024 at a high-teens EBITDA multiple; (3) US Dock & Door - backed by Soundcore Capital Partners (formed in September 2023; acquired Garage Headquarters in 2025 and 5+ add-ons); (4) GarageCo Holdings - backed by Gridiron Capital (formed in March 2024); (5) North American Door & Dock - formed by Guardian Capital Partners in June 2024; (6) The Cook & Boardman Group - backed by Platinum Equity and Littlejohn & Co. (distributor and integrator of commercial doors and electronic access control); (7) Guardian Access Solutions - backed by CenterOak Partners (acquired in September 2023); (8) Dillard Companies - backed by Shore Capital Partners (partnered in August 2025); and (9) Nucor Corporation (NYSE: NUE) / C.H.I. Overhead Doors - acquired by public manufacturer Nucor from KKR in June 2022 for $3.0B.",PitchBook (2026) 'PE hopes garage door roll-ups will be the new HVAC' (https://pitchbook.com/news/articles/PE-hopes-garage-door-roll-ups-will-be-the-new-HVAC); Business Wire / Guardian Capital Partners Press Release (2024) 'Guardian Capital Partners Announces Formation of North American Door & Dock' (https://www.businesswire.com/news/home/20240626359873/en/Guardian-Capital-Partners-Announces-Formation-of-North-American-Door-Dock-with-Initial-Acquisition-of-American-Overhead-Door-Dock-LLC); PE Professional (2025) 'Soundcore Continues US Dock & Door Build' ; Shore Capital Partners Press Release (2025) 'Shore Capital Partners Partners with Dillard Companies',url,,,false,2026,
doors-access,multiples,typical_ebitda_multiple_low,3.5,,"CT Acquisitions, Garage Door Business Valuation (2026) - https://ctacquisitions.com/garage-door-business-valuation",url,3,med,false,2026,
doors-access,multiples,typical_ebitda_multiple_high,9,,"CT Acquisitions, Garage Door Business Valuation (2026) - https://ctacquisitions.com/garage-door-business-valuation",url,3,med,false,2026,
doors-access,exit_environment,buyer_demand,,"Current buyer demand for US Doors & Access businesses is exceptionally strong, driven by active private equity sponsors and strategic consolidators seeking platform builds and add-on acquisitions in a highly fragmented industry where over 90% of operators generate under $10 million in annual revenue (Brown Gibbons Lang & Company, 2025, https://www.dasma.com; FMI Corporation, 2025, https://www.fmicorp.com). According to Capstone Partners (2026, https://www.capstonepartners.com), sector deal volume surged 24.1% year-over-year in 2025 to 242 transactions, with private equity add-ons representing 45.9% of dealmaking and average industry EBITDA multiples reaching 11.8x. What buyers value most in this trade includes: (1) high-margin recurring and reoccurring repair/maintenance contracts, (2) non-discretionary replacement and emergency repair demand, (3) broad service capabilities (integrating overhead doors with dock equipment, entry gates, and commercial access control), and (4) modern technology integration, such as smart connected controllers and cloud-based security monitoring (Brown Gibbons Lang & Company, 2025, https://www.dasma.com; FMI Corporation, 2025, https://www.fmicorp.com; Capstone Partners, 2026, https://www.capstonepartners.com).","Brown Gibbons Lang & Company (2025, https://www.dasma.com); Capstone Partners (2026, https://www.capstonepartners.com); FMI Corporation (2025, https://www.fmicorp.com)",url,,,false,2026,
doors-access,exit_environment,exit_trend,,"The exit trend for US Doors & Access business owners is heating up rapidly. Industry consolidation has accelerated with over 10 private-equity-backed platform formations established since 2022, such as Guild Garage Group (25+ acquisitions) and GarageCo Holdings / Gridiron Capital, and more than 30 add-on transactions executed across residential and commercial door services (FMI Corporation, 2025, https://www.fmicorp.com). Capstone Partners (2026, https://www.capstonepartners.com) highlights a 24.1% YOY surge in M&A volume entering 2026, while Lincoln International (2026, https://www.lincolninternational.com) notes that facilities services and commercial security M&A remain strong with valuation trading multiples averaging 15.6x EV/EBITDA, supported by record private capital dry powder and mission-critical cash flows.","Capstone Partners (2026, https://www.capstonepartners.com); FMI Corporation (2025, https://www.fmicorp.com); Lincoln International (2026, https://www.lincolninternational.com)",url,,,false,2026,
doors-access,demand_drivers,installed_base_units,132500000,,"U.S. Energy Information Administration (EIA), Residential Energy Consumption Survey (RECS), 2024 (released March 2026), https://www.eia.gov/consumption/residential",url,5,med,false,2026,
doors-access,cust_acquisition,typical_cac_usd,198,,"SearchLight Digital (2026), Garage Door LSA & Google Ads Benchmark Report",citation-text-only,5,adjudicated,false,2026,
doors-access,cust_acquisition,avg_review_volume,47,,"BrightLocal (2025), Local Consumer Review Survey & Local 3-Pack Benchmarks, https://www.brightlocal.com/research/local-consumer-review-survey",url,4,med,false,2025,
doors-access,cust_acquisition,complaint_categories,,"Service or Repair Issues, Billing Issues, Customer Service Issues, Product Issues, Order Issues","Better Business Bureau (BBB) US Industry Statistics, 2024, https://www.bbb.org",url,,,false,2024,
landscaping,wages_detail,median_hourly_wage_usd,17.96,,"U.S. Bureau of Labor Statistics Occupational Employment and Wage Statistics (OEWS), 2023, https://www.bls.gov/oes/current/oes373011.htm",url,6,high-primary,false,2023,
landscaping,wages_detail,median_annual_wage_usd,37360,,"U.S. Bureau of Labor Statistics Occupational Employment and Wage Statistics (OEWS), 2023, https://www.bls.gov/oes/current/oes373011.htm",url,6,high-primary,false,2023,
landscaping,wages_detail,pct25_hourly_wage_usd,16.25,,"U.S. Bureau of Labor Statistics Occupational Employment and Wage Statistics (OEWS), 2023, https://www.bls.gov/oes/current/oes373011.htm",url,6,high-primary,false,2023,
landscaping,wages_detail,pct75_hourly_wage_usd,21.81,,"U.S. Bureau of Labor Statistics Occupational Employment and Wage Statistics (OEWS), 2023, https://www.bls.gov/oes/current/oes373011.htm",url,6,high-primary,false,2023,
landscaping,wages_detail,pct90_hourly_wage_usd,24.66,,"U.S. Bureau of Labor Statistics Occupational Employment and Wage Statistics (OEWS), 2023, https://www.bls.gov/oes/current/oes373011.htm",url,6,high-primary,false,2023,
landscaping,wages_detail,pct10_hourly_wage_usd,13.98,,"U.S. Bureau of Labor Statistics Occupational Employment and Wage Statistics (OEWS), 2023, https://www.bls.gov/oes/current/oes373011.htm",url,6,high-primary,false,2023,
landscaping,employment,us_employment,1192500,,"U.S. Bureau of Labor Statistics Employment Projections, Table 1.2 Occupational Projections and Worker Characteristics, https://www.bls.gov/emp/tables/occupational-projections-and-worker-characteristics.htm",url,5,high-primary,false,2024,
landscaping,employment,projected_10yr_growth_pct,3.6,,"U.S. Bureau of Labor Statistics Employment Projections, Table 1.2 Occupational Projections and Worker Characteristics, 2024-2034, https://www.bls.gov/emp/tables/occupational-projections-and-worker-characteristics.htm",url,5,low,false,2024,
landscaping,employment,annual_openings,158200,,"U.S. Bureau of Labor Statistics Employment Projections, Table 1.2 Occupational Projections and Worker Characteristics, 2024-2034, https://www.bls.gov/emp/tables/occupational-projections-and-worker-characteristics.htm",url,5,high-primary,false,2024,
landscaping,employment,projected_10yr_net_change,42400,,"U.S. Bureau of Labor Statistics Employment Projections, Table 1.2 Occupational Projections and Worker Characteristics, 2024-2034, https://www.bls.gov/emp/tables/occupational-projections-and-worker-characteristics.htm",url,5,high-primary,false,2024,
landscaping,labor_shortage,unfilled_openings,171600,,"U.S. Bureau of Labor Statistics, Occupational Outlook Handbook: Grounds Maintenance Workers, https://www.bls.gov/ooh/building-and-grounds-cleaning/grounds-maintenance-workers.htm",url,6,med,false,2017,
landscaping,labor_shortage,vacancy_rate_pct,76,,Lawn & Landscape 2024 State of the Landscape Labor Market Report / Granum (2024),citation-text-only,4,med,false,2024,
landscaping,workforce_aging,median_worker_age,41.8,,"Trade Economy Index research synthesis: median of 2 cited research inputs: U.S. Bureau of Labor Statistics Current Population Survey Table 18b: Employed people by detailed industry and age (https://www.bls.gov/cps/cpsaat18b.htm) | U.S. Bureau of Labor Statistics, Current Population Survey (CPS), Table 11b: Employed persons by detailed occupation and age, https://www.bls.gov/cps/cpsaat11b.htm (cross-checked against U.S. Census Bureau ACS / DataUSA, https://datausa.io/profile/soc/landscaping-groundskeeping-workers)",url,6,high,true,2025,
landscaping,workforce_aging,pct_over_55,23.5,,"U.S. Bureau of Labor Statistics, Current Population Survey (CPS), Table 11b: Employed persons by detailed occupation and age, https://www.bls.gov/cps/cpsaat11b.htm (cross-checked against BLS CPS Table 18b for Landscaping Services Industry, https://www.bls.gov/cps/)",url,6,high-primary,false,,
landscaping,training_pipeline,annual_completions,111,,"U.S. Department of Education, National Center for Education Statistics (NCES), Integrated Postsecondary Education Data System (IPEDS), 2021, https://nces.ed.gov/programs/digest/d20/tables/dt20_318.30.asp",url,3,med,false,2021,
landscaping,immigration_reliance,pct_foreign_born,35.4,,"U.S. Census Bureau, American Community Survey (ACS) 5-Year Estimates, https://www.census.gov/programs-surveys/acs",url,5,med,false,2023,
landscaping,unionization,union_membership_pct,5.81,,"unionstats.com (Barry T. Hirsch, David A. Macpherson, and Wayne E. Even, 'Union Membership, Coverage, Density, and Employment by Occupation, 1983-2023', compiled from the Current Population Survey), http://www.unionstats.com",url,5,med,false,2023,
landscaping,licensing,states_requiring_license,16,,"Insureon, Landscaper Licensing Requirements Guide",citation-text-only,5,med,false,2026,
landscaping,market_size,market_size_usd,176700000000,,"IBISWorld, Landscaping Services in the US (May 2026), https://www.ibisworld.com/united-states/market-research-reports/landscaping-services-industry",url,5,high,false,2026,
landscaping,market_size,cagr_pct,2,,"IBISWorld, Landscaping Services in the US (May 2026), https://www.ibisworld.com/united-states/market-research-reports/landscaping-services-industry",url,5,high,false,2026,
landscaping,market_size,cagr_forecast_window,,2026-2031,"IBISWorld, Landscaping Services in the US (May 2026), https://www.ibisworld.com/united-states/market-research-reports/landscaping-services-industry",url,,,false,2026,
landscaping,firm_counts,num_establishments,117109,,"U.S. Census Bureau, Statistics of U.S. Businesses (SUSB), 2022 Annual Data, https://www.census.gov/programs-surveys/susb.html",url,6,high-primary,false,2022,
landscaping,firm_counts,num_firms,114842,,"U.S. Census Bureau, Statistics of U.S. Businesses (SUSB), 2022 Annual Data, https://www.census.gov/programs-surveys/susb.html",url,6,high-primary,false,2022,
landscaping,firm_counts,avg_employees_per_firm,6.74,,"U.S. Census Bureau, Statistics of U.S. Businesses (SUSB), 2022 Annual Data (calculated from 774,028 paid employees across 114,842 employer firms), https://www.census.gov/programs-surveys/susb.html",url,6,high-primary,false,2022,
landscaping,firm_size_dist,pct_nonemployer,81.42,,"U.S. Census Bureau, 2023 County Business Patterns and 2023 Nonemployer Statistics (NAICS 561730), https://www.census.gov/programs-surveys/nonemployer-statistics.html",url,6,high-primary,false,2023,
landscaping,fragmentation,top4_firm_share_pct,9.6,,"U.S. Small Business Administration, 'Small Business Size Standards: Professional, Scientific and Technical Services; Management of Companies and Enterprises; Administrative and Support and Waste Management and Remediation Services', Proposed Rule, 85 FR 72584 (November 13, 2020), Table 4 'Size Standards Supported by Each Factor for Each Industry (Receipts)' at 85 FR 72592, column (6) headed 'Four-firm ratio %', row NAICS 561730 Landscaping Services. Derived by SBA from the U.S. Census Bureau special tabulation of the 2012 Economic Census. https://www.federalregister.gov/documents/2020/11/13/2020-24903/small-business-size-standards-professional-scientific-and-technical-services-management-of",url,1,high-primary,false,2020,
landscaping,fragmentation,top50_firm_share_pct,20,,"First Page Sage, 'Landscaping M&A Insights', 2025",citation-text-only,4,med,false,2025,
landscaping,franchise_pen,franchise_penetration_pct,7.15,,"Trade Economy Index research synthesis: median of 2 cited research inputs: Research and Markets - Landscaping and Gardening Franchises Global Market Report 2026 (https://www.researchandmarkets.com/reports/5938838/landscaping-and-gardening-franchises-global) & IBISWorld - Landscaping Services in the US Industry Report 2025 (https://www.ibisworld.com/united-states/market-research-reports/landscaping-services-industry/) | Kentley Insights, 2025 Landscaping Services Market Report (NAICS 56173), https://www.kentleyinsights.com",url,2,med,true,2026,
landscaping,formation_rate,annual_new_firm_formation,14.2,,"U.S. Census Bureau, Business Dynamics Statistics (BDS), NAICS 5617 Services to Buildings and Dwellings, https://www.census.gov/programs-surveys/bds.html",url,5,low,false,2023,
landscaping,formation_rate,annual_closure_rate_pct,11.8,,"U.S. Census Bureau, Business Dynamics Statistics (BDS) - Sector 56 Administrative and Support Services, https://www.census.gov/programs-surveys/bds.html",url,5,med,false,,
landscaping,formation_rate,survival_5yr_pct,48.9,,"U.S. Bureau of Labor Statistics, Business Employment Dynamics (BED), Table 7: Survival of Private Sector Establishments by Opening Year, Administrative and Waste Services - https://www.bls.gov/bdm/us_age_naics_00_table7.txt",url,5,low,false,,
landscaping,margins,gross_margin_pct,23.3,,"BrightView Holdings, Inc. Form 10-K (Fiscal Year Ended September 30, 2024) - https://www.sec.gov/ix?doc=/Archives/edgar/data/0001734713/000173471324000045/bv-20240930.htm",url,6,high-primary,false,2024,
landscaping,margins,operating_margin_pct,5.67,,"BrightView Holdings, Inc. Form 10-K (Fiscal Year Ended September 30, 2024) - https://www.sec.gov/ix?doc=/Archives/edgar/data/0001734713/000173471324000045/bv-20240930.htm",url,6,high-primary,false,2024,
landscaping,margins,net_margin_pct,2.4,,"BrightView Holdings, Inc. Form 10-K (Fiscal Year Ended September 30, 2024) - https://www.sec.gov/ix?doc=/Archives/edgar/data/0001734713/000173471324000045/bv-20240930.htm",url,6,high-primary,false,2024,4
landscaping,cost_structure,labor_pct_of_revenue,32.5,,"IBISWorld, Landscaping Services in the US (Industry Report 56173), 2020, https://www.ibisworld.com/united-states/market-research-reports/landscaping-services-industry",url,5,med,false,2020,
landscaping,cost_structure,materials_pct_of_revenue,32.6,,"IBISWorld, Landscaping Services in the US (Industry Report 56173), 2020, https://www.ibisworld.com/united-states/market-research-reports/landscaping-services-industry",url,6,med,false,2020,
landscaping,cost_structure,sga_overhead_pct,17.9,,"BrightView Holdings, Inc. Form 10-K for the Fiscal Year Ended September 30, 2024 - https://www.sec.gov/edgar/browse/?CIK=0001734713",url,6,high-primary,false,2024,
landscaping,productivity,revenue_per_employee_usd,129434,,"U.S. Census Bureau, 2022 Economic Census (Table EC2256BASIC, NAICS 561730 Landscaping Services), https://www.census.gov/programs-surveys/economic-census.html",url,5,med,false,2022,
landscaping,productivity,gross_profit_per_labor_hour_usd,45,,"Level CFO, Level Index Trade Benchmarks for Landscaping (2026), https://www.levelcfo.com",url,2,low,false,2026,
landscaping,productivity,billable_utilization_pct,75,,"National Association of Landscape Professionals (NALP), Financial Benchmark Study (2025), https://www.landscapeprofessionals.org",url,3,high,false,2025,5
landscaping,cash_cycle_detail,dso_days,55.8,,"Trade Economy Index research synthesis: median of 2 cited research inputs: BrightView Holdings, Inc. Form 10-K for Fiscal Year Ended September 30, 2024, SEC EDGAR, https://www.sec.gov/ix?doc=/Archives/edgar/data/0001734713/000173471324000048/bv-20240930.htm | CFMA 2024 Construction Financial Benchmarker (Specialty Trade Contractors), https://cfma.org/benchmarker",url,4,high,true,2024,
landscaping,cash_cycle_detail,dpo_days,32,,"BrightView Holdings, Inc. Form 10-K (2025 Data, Level CFO Landscaping Industry Benchmarks), https://www.levelcfo.com/benchmarks/landscaping",url,2,med,false,2025,
landscaping,retainage_liens,typical_retainage_pct,5,,"Oregon Revised Statutes § 701.410, 2023, https://www.oregonlegislature.gov/bills_laws/ors/ors701.html",url,1,low,false,2023,
landscaping,retainage_liens,payment_dispute_pct,23,,"Construction Financial Management Association (CFMA), 2025 Benchmarking Survey, https://www.cfma.org",url,1,low,false,2025,
landscaping,bad_debt,bad_debt_write_off_pct,0.36,,"BrightView Holdings, Inc. Form 10-K (Fiscal Year Ended September 30, 2024), https://www.sec.gov/ix?doc=/Archives/edgar/data/0001734713/000173471324000045/bv-20240930.htm",url,5,adjudicated,false,2024,
landscaping,bad_debt,collection_rate_pct,85.1,,"Level - State of Contractor Finance Report, 2026, https://levelcfo.com/reports/state-of-contractor-finance-2026",url,4,med,false,2026,23
landscaping,ai_task_breakdown,pct_physical_onsite_work,90,,"McKinsey Global Institute, 'A Future That Works: Automation, Employment, and Productivity', 2017. URL: https://www.mckinsey.com/featured-insights/digital-disruption/harnessing-automation-for-a-future-that-works",url,5,high,false,2017,
landscaping,ai_task_breakdown,pct_cognitive_backoffice_work,10,,"McKinsey Global Institute, 'A Future That Works: Automation, Employment, and Productivity', 2017. URL: https://www.mckinsey.com/featured-insights/digital-disruption/harnessing-automation-for-a-future-that-works",url,5,med,false,2017,
landscaping,ai_task_breakdown,ai_resistant_work,,"Physical on-site tasks requiring fine motor skills, craft judgment, and site-specific physical adaptability remain highly resistant to AI automation. These tasks include intricate hand pruning, edging near tight obstacles, tree climbing and arborist care, hardscape construction (paving, masonry, wall builds), plant health diagnosis, soil amendment, and custom plant installation. Furthermore, a Brigham Young University study presented via the National Association of Landscape Professionals (NALP, 2019) analyzed 117 landscape properties and found that 70% were not robotic-mower friendly due to physical obstacles, fragmented lawn zones, and perimeter barriers that necessitate human site management.",Landscape Management Network (LMN) & Attentive.ai Strategic Partnership Announcement (2025) - https://attentive.ai | National Association of Landscape Professionals (NALP) - How Autonomous Mowers Are Reshaping Operations (2026) - https://www.landscapeprofessionals.org | University of Florida IFAS News - Study Finds Robotic Mowers Improve Florida Lawn Health (2026) - https://ufl.edu | National Association of Landscape Professionals (NALP) / BYU Lawn Accessibility Study (2019) - https://www.landscapeprofessionals.org | Attentive.ai - Automated Takeoff Software and Landscaping Bidding Guide (2024) - https://attentive.ai,url,,low,false,2026,
landscaping,ai_task_breakdown,automatable_work,,"Administrative, pre-construction, estimating, and operational planning tasks are the most highly automatable. Key areas include automated property takeoffs (using AI and aerial imagery to map and calculate square footage for turf, mulch beds, hardscapes, and tree counts), automated proposal and bid generation, route optimization for field crews, dynamic job pricing based on historical production rates, automated client scheduling/invoicing, and predictive maintenance alerts for equipment. AI takeoff platforms report reducing property measurement and estimate creation time by up to 90-95%, removing the primary administrative bottleneck for contractors.",Landscape Management Network (LMN) & Attentive.ai Strategic Partnership Announcement (2025) - https://attentive.ai | National Association of Landscape Professionals (NALP) - How Autonomous Mowers Are Reshaping Operations (2026) - https://www.landscapeprofessionals.org | University of Florida IFAS News - Study Finds Robotic Mowers Improve Florida Lawn Health (2026) - https://ufl.edu | National Association of Landscape Professionals (NALP) / BYU Lawn Accessibility Study (2019) - https://www.landscapeprofessionals.org | Attentive.ai - Automated Takeoff Software and Landscaping Bidding Guide (2024) - https://attentive.ai,url,,low,false,2026,
landscaping,fsm_software,fsm_adoption_pct,55,,"National Association of Landscape Professionals (NALP), 2026, https://www.landscapeprofessionals.org",url,4,med,false,2026,
landscaping,fsm_software,dominant_fsm_software,,"Jobber, Aspire, LMN, RealGreen, SingleOps, Service Autopilot","Get Tiny Lawn (2026), https://gettinylawn.com",url,,,false,2026,
landscaping,accounting_tech,common_accounting_software,,"QuickBooks (including QuickBooks Online and QuickBooks Desktop) serves as the primary accounting system of record for the majority of US landscaping and grounds contractors. Operations are typically managed by pairing QuickBooks with specialized green-industry field management software, such as Aspire, LMN, Jobber, and SingleOps, to handle estimating, scheduling, and job costing, while mid-to-large commercial firms also utilize ERPs like Acumatica or Sage.","Aspire Software (2023) (vendor-published industry report; software-adoption evidence, not independent benchmark research)",citation-text-only,,,false,2023,
landscaping,ai_adoption,ai_adoption_rate_pct,17,,"Aspire 2025 Landscape Industry Report, National Association of Landscape Professionals (NALP), 2025, https://www.landscapeprofessionals.org",url,1,med,false,2025,
landscaping,ai_adoption,adoption_examples,,"1. AI Aerial Takeoffs & Management Integration: Landscape Management Network (LMN) partnered with Attentive.ai (2025) to integrate computer vision AI aerial takeoffs directly into field management software, allowing contractors to instantly generate material takeoffs and quotes from satellite imagery. 2. Fleet Autonomous Mowing: Contractors featured by the National Association of Landscape Professionals (NALP, 2026), such as Mow Bot Ltd (using Scythe mowers) and Florida Image Landscaping (using Kress mowers), deploy autonomous mowers as labor multipliers. Mow Bot Ltd reported that one senior technician can oversee two autonomous mowers processing 1.5 acres per hour each. 3. Agronomic Turf Research: A 2026 University of Florida (UF/IFAS) study led by Dr. Bryan Unruh evaluated autonomous mowers on warm-season St. Augustine grass, documenting that continuous daily micro-mowing increased turf density and pest resistance while reducing crew labor and carbon emissions.",Landscape Management Network (LMN) & Attentive.ai Strategic Partnership Announcement (2025) - https://attentive.ai | National Association of Landscape Professionals (NALP) - How Autonomous Mowers Are Reshaping Operations (2026) - https://www.landscapeprofessionals.org | University of Florida IFAS News - Study Finds Robotic Mowers Improve Florida Lawn Health (2026) - https://ufl.edu | National Association of Landscape Professionals (NALP) / BYU Lawn Accessibility Study (2019) - https://www.landscapeprofessionals.org | Attentive.ai - Automated Takeoff Software and Landscaping Bidding Guide (2024) - https://attentive.ai,url,,low,false,2026,
landscaping,leadgen_platforms,marketplace_penetration_pct,1.5,,Angi Inc. Q1 2026 Shareholder Letter & Earnings Call (2026) - https://ir.angi.com,url,5,med,false,2026,11
landscaping,leadgen_platforms,platform_take_rate_pct,10,,Angi Inc. Q1 2026 Shareholder Letter & Earnings Call (2026) - https://ir.angi.com,url,5,med,false,2026,13
landscaping,acquisition_mix,pct_referral,26,,"Aspire 2026 Commercial Landscape Industry Report, National Association of Landscape Professionals (2026)",citation-text-only,2,med,false,2026,
landscaping,acquisition_mix,pct_digital,44,,"Green Industry Pros / Silverback Strategies, 'The Customer Journey in Landscaping' (2021), https://www.greenindustrypros.com/marketing/article/21294862/the-customer-journey-in-landscaping",url,1,low,false,2021,
landscaping,acquisition_mix,pct_repeat,35,,"Aspire 2026 Commercial Landscape Industry Report, National Association of Landscape Professionals (2026)",citation-text-only,2,low,false,2026,
landscaping,insurance_warranty,home_warranty_penetration_pct,0,,"Frontdoor, Inc. Form 10-K (2025, https://www.sec.gov) and Today's Homeowner (2025)",url,4,adjudicated,false,2025,
landscaping,recurring_mix,recurring_revenue_pct,70.8,,"BrightView Holdings, Inc., FY2025 Form 10-K (2025), https://www.sec.gov/edgar/browse/?CIK=0001734713",url,5,high-primary,false,2025,
landscaping,recurring_mix,service_agreement_attach_pct,22.5,,National Association of Landscape Professionals (NALP) 2025 Financial Benchmark Report,citation-text-only,1,low,false,2025,
landscaping,contract_terms,typical_contract_length_months,12,,"National Association of Landscape Professionals (NALP), 2024, https://landscapeprofessionals.org",url,5,high,false,2024,8
landscaping,contract_terms,renewal_rate_pct,85,,"BrightView Holdings, Inc. Form S-1 Registration Statement (2018) & SEC Filings",citation-text-only,5,high,false,2018,
landscaping,cross_sell,upsell_attach_pct,60,,"CT Acquisitions, 2026, https://www.ctacquisitions.com/landscaping-business-valuation",url,1,low,false,2026,
landscaping,capital_intensity,startup_cost_usd,156500,,"U.S. Lawns 2025 Franchise Disclosure Document (FDD) Item 7, 2025",citation-text-only,5,med,false,2025,
landscaping,capital_intensity,capex_pct_of_revenue,2.2,,"BrightView Holdings, Inc. FY2024 Form 10-K, 2024, https://investor.brightview.com",url,5,med,false,2024,
landscaping,data_assets,iot_telemetry_penetration_pct,57,,"Aspire, 2025 Landscape Industry Report (2025), https://www.aspire.com",url,4,low,false,2025,
landscaping,consolidation,consolidation_activity,,"The U.S. Landscaping & Grounds trade is undergoing active and intense private equity roll-up and consolidation. Industry reports indicate there are more than 50 active private equity platforms operating in the space, driven by severe market fragmentation (over 600,000 operators nationwide), defensive non-discretionary demand, route density economies, and highly predictable recurring commercial contract revenues. Transaction tracking reveals that private equity sponsors account for the majority of sector M&A (e.g., 78 of 108 recorded industry transactions involved PE activity), as sponsors aggressively execute add-on acquisition strategies to scale regional hubs into national platforms.",Greenwich Capital Landscaping Industry Report (2024) [https://www.greenwichgp.com]; Hyde Park Capital Landscaping M&A Report (2025) [https://www.hydeparkcapital.com].,url,,,false,2025,
landscaping,consolidation,notable_platforms,,"Notable named PE platforms and public acquirers active in the landscaping roll-up space include:
1. Yellowstone Landscape: Large commercial landscaping PE platform majority-owned by Harvest Partners, with Neuberger Berman Capital Solutions acquiring a significant minority stake in December 2024.
2. Landscape Workshop: Route-based commercial grounds maintenance platform backed by Ares Management following a majority stake acquisition in May 2025.
3. Juniper Landscaping: Commercial landscaping platform backed by Bregal Partners, actively rolling up Sunbelt regional providers including Landscape Maintenance Professionals (Sept 2024) and Hilton Head Landscapes (May 2026).
4. Bland Landscaping: Commercial landscape maintenance platform recapitalized by Comvest Private Equity (Vesterra Capital) in December 2024, acquiring regional add-ons such as Koehn Outdoor (Jan 2025).
5. BrightView Holdings, Inc. (NYSE: BV): Public company and premier commercial landscaping platform serving as a key strategic consolidator nationwide (Form 10-K Annual Report filed Nov 2024).","PE Hub (2024, 2025, 2026) [https://www.pehub.com]; SEC EDGAR / BrightView Holdings, Inc. Form 10-K (2024) [https://www.sec.gov].",url,,,false,2026,
landscaping,multiples,typical_ebitda_multiple_low,3,,"CT Acquisitions (2026), https://ctacquisitions.com; cross-referenced with Sofer Advisors (2026), https://soferadvisors.com and Breakwater M&A (2026), https://breakwaterma.com",url,5,med,false,2026,4
landscaping,multiples,typical_ebitda_multiple_high,12.2,,"First Page Sage, 'EBITDA Multiples for Private Landscaping Companies, Q1 2025' (2025)",citation-text-only,5,med,false,2025,
landscaping,exit_environment,buyer_demand,,"Buyer demand for US Landscaping & Grounds businesses is strong and expanding, driven by private equity funds and strategic buyers seeking route-based, resilient revenue in a highly fragmented market. Institutional investors are increasingly moving 'downstream,' offering premium valuation multiples for mid-sized operators ($2 million to $30 million EBITDA) previously considered too small. What buyers value most includes: (1) predictable, contractual recurring revenue streams (commercial maintenance, turf care, tree care, irrigation, and pest control), (2) route density and operational scale, (3) strong management teams and skilled labor that reduce owner dependency, and (4) clean earnings quality and technology adoption.","Lawn & Landscape, 2026 State of the M&A Market Report / 2026 M&A Forecast (2026), https://www.lawnandlandscape.com; Forbes Partners, Commercial Landscaping M&A Industry Overview (2025), https://forbes-partners.com",url,,,false,2026,
landscaping,exit_environment,exit_trend,,"Heating up. Deal activity and owner exit opportunities in 2026 are showing strong momentum after a mixed 2025. Acquisition interest has accelerated significantly, with 26% of surveyed landscape business owners reporting 6 to 10 buyer approaches per month in 2026, compared to just 8% in 2025. Strategic consolidators and PE-backed platforms are actively competing for both platform acquisitions and regional tuck-ins.","Lawn & Landscape, 2026 State of the M&A Market Report (2026), https://www.lawnandlandscape.com",url,,,false,2026,
landscaping,demand_drivers,installed_base_units,132500000,,"U.S. Energy Information Administration (EIA) Residential Energy Consumption Survey (RECS), 2024, https://www.eia.gov/consumption/residential/ (cross-referenced with U.S. Census Bureau Housing Unit Estimates, 2025, https://www.census.gov/quickfacts/fact/table/US/)",url,5,med,false,2025,
landscaping,search_interest,yoy_search_change_pct,65,,"Invoca / Sixth City Marketing (2025), https://www.sixthcitymarketing.com/ppc/landscaping",url,5,med,false,2025,
landscaping,cust_acquisition,typical_cac_usd,116,,"Focus Digital, 2026 Customer Acquisition Cost Trends Across 27 Industries (https://focus-digital.co)",url,3,low,false,2026,
landscaping,cust_acquisition,avg_review_volume,21,,YDOP Internet Marketing Study of Landscaping Google Business Profiles (2022),citation-text-only,3,adjudicated,false,2022,
landscaping,cust_acquisition,complaint_categories,,"Incomplete or abandoned work, poor quality or shoddy workmanship, deposit and billing disputes, and failure to provide follow-up services or honor warranties","Better Business Bureau (BBB), 2024 Scam Tracker Risk Report & Consumer Landscaping Advisories, https://www.bbb.org",url,,,false,2024,
commercial-cleaning,wages_detail,median_hourly_wage_usd,16.84,,"U.S. Bureau of Labor Statistics, Occupational Employment and Wage Statistics (OEWS), May 2023, https://www.bls.gov/oes/current/oes372011.htm",url,6,high-primary,false,2023,
commercial-cleaning,wages_detail,median_annual_wage_usd,35020,,"U.S. Bureau of Labor Statistics, Occupational Employment and Wage Statistics (OEWS), May 2023, https://www.bls.gov/oes/current/oes372011.htm",url,6,high-primary,false,2023,
commercial-cleaning,wages_detail,pct25_hourly_wage_usd,14.22,,"U.S. Bureau of Labor Statistics, Occupational Employment and Wage Statistics (OEWS), May 2023, https://www.bls.gov/oes/current/oes372011.htm",url,6,high-primary,false,2023,
commercial-cleaning,wages_detail,pct75_hourly_wage_usd,19.05,,"U.S. Bureau of Labor Statistics, Occupational Employment and Wage Statistics (OEWS), May 2023, https://www.bls.gov/oes/current/oes372011.htm",url,6,high-primary,false,2023,
commercial-cleaning,wages_detail,pct90_hourly_wage_usd,23.18,,"U.S. Bureau of Labor Statistics, Occupational Employment and Wage Statistics (OEWS), May 2023, https://www.bls.gov/oes/current/oes372011.htm",url,6,high-primary,false,2023,
commercial-cleaning,wages_detail,pct10_hourly_wage_usd,12.39,,"U.S. Bureau of Labor Statistics, Occupational Employment and Wage Statistics (OEWS), May 2023, https://www.bls.gov/oes/current/oes372011.htm",url,6,high-primary,false,2023,
commercial-cleaning,employment,us_employment,2447700,,"U.S. Bureau of Labor Statistics, Occupational Outlook Handbook, https://www.bls.gov/ooh/building-and-grounds-cleaning/janitors-and-building-cleaners.htm",url,6,high-primary,false,2024,
commercial-cleaning,employment,projected_10yr_growth_pct,2,,"U.S. Bureau of Labor Statistics, Occupational Outlook Handbook, https://www.bls.gov/ooh/building-and-grounds-cleaning/janitors-and-building-cleaners.htm",url,6,high-primary,false,,
commercial-cleaning,employment,annual_openings,351300,,"U.S. Bureau of Labor Statistics, Occupational Outlook Handbook, https://www.bls.gov/ooh/building-and-grounds-cleaning/janitors-and-building-cleaners.htm",url,6,high-primary,false,,
commercial-cleaning,employment,projected_10yr_net_change,47800,,"U.S. Bureau of Labor Statistics, Occupational Outlook Handbook, https://www.bls.gov/ooh/building-and-grounds-cleaning/janitors-and-building-cleaners.htm",url,6,high-primary,false,,
commercial-cleaning,labor_shortage,unfilled_openings,351300,,"U.S. Bureau of Labor Statistics, Occupational Outlook Handbook (Janitors and Building Cleaners), 2025, https://www.bls.gov/ooh/building-and-grounds-cleaning/janitors-and-building-cleaners.htm",url,5,high-primary,false,2025,
commercial-cleaning,workforce_aging,median_worker_age,46.7,,"U.S. Bureau of Labor Statistics, Current Population Survey (CPS), Household Data Annual Averages, Table 11b: Employed persons by detailed occupation and age - https://www.bls.gov/cps/cpsaat11b.htm",url,5,high-primary,false,2023,
commercial-cleaning,workforce_aging,pct_over_55,32.85,,"U.S. Bureau of Labor Statistics, Current Population Survey (CPS), Household Data Annual Averages, Table 11b: Employed persons by detailed occupation and age - https://www.bls.gov/cps/cpsaat11b.htm",url,5,high-primary,false,,
commercial-cleaning,training_pipeline,apprenticeship_enrollment,1583.5,,"Trade Economy Index research synthesis: median of 2 cited research inputs: U.S. Department of Labor, Office of Apprenticeship, Data and Statistics: FY 2025 (https://www.apprenticeship.gov/data-and-statistics/) | U.S. Department of Labor Registered Apprenticeship Partners Information Data System (RAPIDS), 2022, https://www.apprenticeship.gov",url,2,low,true,2025,
commercial-cleaning,immigration_reliance,pct_foreign_born,40,,"Economic Policy Institute analysis of U.S. Census Bureau American Community Survey (ACS) microdata, https://www.epi.org/publication/immigration-facts",url,5,med,false,2023,
commercial-cleaning,unionization,union_membership_pct,8.2,,"U.S. Bureau of Labor Statistics, Union Members Summary (2025 Data, Released February 2026), Table 3: Union affiliation of employed wage and salary workers by occupation and industry, https://www.bls.gov/news.release/union2.t03.htm",url,5,med,false,2026,
commercial-cleaning,licensing,states_requiring_license,0,,"Next Insurance - State-by-State Cleaning Business License Requirements, 2025, https://www.nextinsurance.com/blog/cleaning-business-license",url,4,high,false,2025,
commercial-cleaning,market_size,market_size_usd,81880000000,,"Trade Economy Index research synthesis: median of 1 cited research input: IBISWorld, Janitorial Services in the US Industry Report (2026), https://www.ibisworld.com/united-states/market-research-reports/janitorial-services-industry",url,1,med,true,2025,
commercial-cleaning,market_size,cagr_pct,3.3,,"Trade Economy Index research synthesis: median of 1 cited research input: IBISWorld, Janitorial Services in the US Industry Report (2026), https://www.ibisworld.com/united-states/market-research-reports/janitorial-services-industry",url,1,med,true,2026,
commercial-cleaning,market_size,cagr_forecast_window,,2026-2033,"Trade Economy Index research synthesis: median of 1 cited research input: IBISWorld, Janitorial Services in the US Industry Report (2026), https://www.ibisworld.com/united-states/market-research-reports/janitorial-services-industry",url,,,false,2026,
commercial-cleaning,firm_counts,num_establishments,67295,,"U.S. Census Bureau, Statistics of U.S. Businesses (SUSB), 2022, https://www.census.gov/data/tables/2022/econ/susb/2022-susb-annual.html",url,6,high-primary,false,2022,
commercial-cleaning,firm_counts,num_firms,62970,,"U.S. Census Bureau, Statistics of U.S. Businesses (SUSB), 2022, https://www.census.gov/data/tables/2022/econ/susb/2022-susb-annual.html",url,6,high-primary,false,2022,
commercial-cleaning,firm_counts,avg_employees_per_firm,16.96,,"U.S. Census Bureau, Statistics of U.S. Businesses (SUSB), 2022, https://www.census.gov/data/tables/2022/econ/susb/2022-susb-annual.html",url,6,high-primary,false,2022,
commercial-cleaning,fragmentation,top4_firm_share_pct,11.2,,"U.S. Small Business Administration, 'Small Business Size Standards: Professional, Scientific and Technical Services; Management of Companies and Enterprises; Administrative and Support and Waste Management and Remediation Services', Proposed Rule, 85 FR 72584 (November 13, 2020), Table 4 'Size Standards Supported by Each Factor for Each Industry (Receipts)' at 85 FR 72592, column (6) headed 'Four-firm ratio %', row NAICS 561720 Janitorial Services. Derived by SBA from the U.S. Census Bureau special tabulation of the 2012 Economic Census. https://www.federalregister.gov/documents/2020/11/13/2020-24903/small-business-size-standards-professional-scientific-and-technical-services-management-of",url,1,high-primary,false,2020,
commercial-cleaning,fragmentation,top50_firm_share_pct,30,,"First Research via SBDCNet, Cleaning Services Business Research Report, 2024, https://www.sbdcnet.org/small-business-research-reports/cleaning-services-business",url,5,med,false,2024,
commercial-cleaning,franchise_pen,franchise_penetration_pct,18,,"CT Acquisitions (citing U.S. Census Bureau CBP and IBISWorld data), 2024",citation-text-only,2,adjudicated,false,2024,
commercial-cleaning,formation_rate,annual_new_firm_formation,13.675,,"Trade Economy Index research synthesis: median of 1 cited research input: U.S. Census Bureau, Business Dynamics Statistics (BDS), 2023, NAICS 5617 (Services to Buildings and Dwellings), https://www.census.gov/programs-surveys/bds.html",url,4,low,true,2023,
commercial-cleaning,formation_rate,annual_closure_rate_pct,11.8,,"U.S. Census Bureau, Business Dynamics Statistics (BDS) - NAICS 56 Administrative and Support Services, https://www.census.gov/programs-surveys/bds.html",url,5,med,false,,
commercial-cleaning,formation_rate,survival_5yr_pct,49.2,,"U.S. Small Business Administration, Office of Advocacy, Frequently Asked Questions About Small Business, https://advocacy.sba.gov",url,5,high,false,,
commercial-cleaning,margins,gross_margin_pct,13.39,,"ABM Industries Incorporated Form 10-K for the Fiscal Year Ended October 31, 2024, SEC EDGAR, https://www.sec.gov/ix?doc=/Archives/edgar/data/77149/000007714924000043/abm-20241031.htm",url,5,med,false,2024,
commercial-cleaning,margins,operating_margin_pct,6.3,,"IBISWorld, Janitorial Services in the US, 2024 (via Aspire)",citation-text-only,5,adjudicated,false,2024,
commercial-cleaning,margins,net_margin_pct,6.3,,IBISWorld Janitorial Services in the US Industry Report (https://www.ibisworld.com/united-states/market-research-reports/janitorial-services-industry/),url,5,med,false,,
commercial-cleaning,cost_structure,labor_pct_of_revenue,68,,"ABM Industries Incorporated SEC Form 10-K for the Fiscal Year Ended October 31, 2025 - https://www.sec.gov/ix?doc=/Archives/edgar/data/77149/000007714925000010/abm-20251031.htm",url,5,med,false,2025,
commercial-cleaning,cost_structure,materials_pct_of_revenue,7.4,,"Healthcare Services Group, Inc. SEC Form 10-K for the Fiscal Year Ended December 31, 2024 - https://www.sec.gov/ix?doc=/Archives/edgar/data/721083/000072108325000008/hcsg-20241231.htm",url,5,med,false,2024,
commercial-cleaning,cost_structure,sga_overhead_pct,9.7,,"Healthcare Services Group, Inc. Form 8-K / SEC Filing (2025/2026), https://www.sec.gov/edgar/searchedgar/companysearch",url,5,low,false,2026,
commercial-cleaning,productivity,revenue_per_employee_usd,66339,,"Kentley Insights Janitorial Services Market Research Report (2025), https://www.kentleyinsights.com/janitorial-services-market-research-report",url,4,med,false,2025,
commercial-cleaning,productivity,billable_utilization_pct,75,,"Trade Economy Index research synthesis: median of 2 cited research inputs: ISSA Cleaning Industry Operational Benchmarks / Startup Financial Projection (2026), https://startupfinancialprojection.com | Gem City Cleaning Tools Commercial Cleaning Benchmarks, 2025, https://gemcitycleaningtools.com/cleaning-business-profit-margins",url,2,med,true,2026,5
commercial-cleaning,cash_cycle_detail,dso_days,66,,"Trade Economy Index research synthesis: median of 4 cited research inputs: Healthcare Services Group, Inc. Q1 2025 SEC Form 10-Q (2025) - https://www.sec.gov/edgar/browse/?CIK=0000319201 | GuruFocus, ABM Industries Inc. (NAICS 561720 - Janitorial Services) Operating & Financial Ratios, 2024, https://www.gurufocus.com/term/dso/ABM | ABM Industries Incorporated Form 10-K (Fiscal Year Ended October 31, 2024), SEC EDGAR, https://www.sec.gov/edgar/searchedgar/companysearch | ABM Industries Incorporated Form 10-K for the Fiscal Year Ended October 31, 2024, https://www.sec.gov/edgar/browse/?CIK=0000771497",url,6,med,true,2025,
commercial-cleaning,cash_cycle_detail,dpo_days,18.5,,"ABM Industries Incorporated Form 10-K (Fiscal Year Ended October 31, 2024), SEC EDGAR, https://www.sec.gov/edgar/searchedgar/companysearch",url,6,med,false,2024,
commercial-cleaning,cash_cycle_detail,cash_conversion_cycle_days,22.4,,"Calculated from ABM Industries Incorporated Form 10-K (Fiscal Year Ended October 31, 2024) metrics (DSO of 40.9 days minus DPO of 18.5 days), SEC EDGAR, https://www.sec.gov/edgar/searchedgar/companysearch",url,6,adjudicated,false,2024,
commercial-cleaning,bad_debt,bad_debt_write_off_pct,2.7,,"Healthcare Services Group, Inc., Form 10-K for the Fiscal Year Ended December 31, 2024, https://www.sec.gov",url,5,low,false,2024,
commercial-cleaning,ai_task_breakdown,pct_physical_onsite_work,78,,"McKinsey Global Institute, 2017, 'A Future That Works: Automation, Employment, and Productivity' (https://www.mckinsey.com/featured-insights/digital-disruption/harnessing-automation-for-a-future-that-works); cross-checked with Brookings Institution, 2019, 'Automation and Artificial Intelligence: How machines are affecting people and places'",url,5,med,false,2019,
commercial-cleaning,ai_task_breakdown,pct_cognitive_backoffice_work,22,,"McKinsey Global Institute, 2017, 'A Future That Works: Automation, Employment, and Productivity' (https://www.mckinsey.com/featured-insights/digital-disruption/harnessing-automation-for-a-future-that-works); cross-checked with Brookings Institution, 2019, 'Automation and Artificial Intelligence: How machines are affecting people and places'",url,5,med,false,2019,
commercial-cleaning,ai_task_breakdown,ai_resistant_work,,"Physical on-site tasks requiring fine motor skills, tactile sensitivity, spatial dexterity, and adaptability in unpredictable environments remain highly resistant to AI and robotic replacement. These hard-to-automate activities include detailed wiping of irregular surfaces (desks, computer peripherals, light switches, door handles), high-dusting, window and glass partition cleaning, emptying varied or obstructed trash bins, cleaning tight stairwells, edge-and-corner floor care, and post-construction cleaning. According to McKinsey & Company (2025, https://www.mckinsey.com), physical work requiring fine motor manipulation, dexterity, and situational awareness in non-standardized spaces cannot yet be replicated reliably by technology. Additionally, a study by SourceAmerica (2020, https://www.sourceamerica.org) identified high technological barriers in multi-task restroom sanitization and trash collection due to the spatial dexterity required for fixtures and varied bins. Building Service Contractors Association International (BSCAI, 2025, https://www.bscai.org) leaders emphasize that while autonomous machines perform repetitive, open-floor care, human janitorial workers remain essential for detailed cleaning, edge work, emergency spill response, quality verification, and customer relations.","McKinsey & Company (2025) - Agents, robots, and us: How automation will reshape work and the workforce - https://www.mckinsey.com | Building Service Contractors Association International (BSCAI) (2025) - Emerging Trends in Building Service Contracting - https://www.bscai.org | SourceAmerica (2020) - Robotics in Janitorial Services: The Horizon of Cleaning Technology - https://www.sourceamerica.org | SedonaTec (2026) - Airport Cleaning Robots in Action: Real-World Deployments - https://www.sedonatec.com | ISSA - The Worldwide Cleaning Industry Association (2026) - Robotics & Autonomous Cleaning Experience (R.A.C.E.) - https://www.issashow.com | CleansyAI (2026) - Janitorial Software for Multi-Site Management - https://www.cleansyai.com | Buildbite (2026) - Commercial Cleaning Software and Time Tracking - https://www.buildbite.com | SoftBank Robotics (2019) - How New Commercial Cleaning Technology Will Power the Future of Cleaning - https://www.softbankrobotics.com | AI Plus Info (2026) - SOMATIC Commercial Restroom Cleaning Robots Study - https://www.aiplusinfo.com | Level CFO (2026) - Cleaning Benchmarks 2026 - https://www.levelcfo.com",url,,low,false,2026,
commercial-cleaning,fsm_software,fsm_adoption_pct,43,,"Aspire Software, 2025, https://www.youraspire.com/blog/commercial-cleaning-insights-report (vendor-published industry report; software-adoption evidence, not independent benchmark research)",url,5,med,false,2025,
commercial-cleaning,fsm_software,dominant_fsm_software,,"Aspire, Janitorial Manager, Swept, Jobber, CleanTelligent, Housecall Pro, ServiceTitan","The Business Research Company, 2026, https://www.openpr.com/news/3866163/janitorial-management-software-market-size-share-growth",url,,,false,2026,
commercial-cleaning,accounting_tech,common_accounting_software,,"Commercial cleaning and janitorial contractors predominantly use QuickBooks Online (the standard for small to midsize firms) alongside Sage Intacct (preferred by larger multi-entity commercial cleaning enterprises), Xero, and FreshBooks.","Janitorial Leads Pro, 2026, https://janitorialleadspro.com/best-janitorial-accounting-software",url,,,false,2026,
commercial-cleaning,ai_adoption,ai_adoption_rate_pct,42,,CleanLink / Contracting Profits 2026 Building Service Contractor Market Study (2026): https://www.cleanlink.com/cp/article/2026-Building-Service-Contractor-Market-Study--31520,url,3,med,false,2026,
commercial-cleaning,ai_adoption,use_cases,,"Office and back-of-house administrative support, marketing and sales copy generation, AI-generated avatar video platforms for multilingual safety and staff training, client correspondence alignment and tone management, AI-driven route optimization and scheduling, and autonomous AI floor cleaning robotics.",BSCAI Inside Cleaning (2026): https://www.bscai.org/Inside-Cleaning/Inside-Cleaning-Article/how-contract-cleaners-are-using-ai-to-work-smarter-in-2026,url,,,false,2026,
commercial-cleaning,ai_adoption,adoption_examples,,"Documented industry studies and real-world deployments highlight substantial automation adoption in commercial cleaning: (1) Autonomous Mobile Robots (AMRs) for Floor Care: SoftBank Robotics and Brain Corp (2019, https://www.softbankrobotics.com) partnered on AI-driven floor-care platforms like the Whiz vacuum cobot. A study highlighted by SedonaTec (2026, https://www.sedonatec.com) detailed Flagship Facility Services deploying nearly 100 SoftBank cobots across 10 U.S. airports (15 locations), logging nearly 10,000 operating hours and cleaning over 35 million square feet, enabling human staff to focus on high-touch surface disinfection. (2) Autonomous Restroom Cleaning: Research cited by AI Plus Info (2026, https://www.aiplusinfo.com) details SOMATIC's autonomous office restroom cleaning robots, which utilize 3D mapping and touchless spray-rinse-vacuum systems for enterprise clients, addressing a key source of worker turnover. (3) Trade Association Data: The Worldwide Cleaning Industry Association (ISSA, 2026, https://www.issashow.com) launched the Robotics & Autonomous Cleaning Experience (R.A.C.E.), citing forecasts that the global cleaning robot market will expand from $14.8 billion in 2025 to $96.8 billion by 2035, propelled by persistent janitorial labor shortages and annual turnover rates averaging ~200% (BSCAI / Level CFO, 2026, https://www.levelcfo.com).","McKinsey & Company (2025) - Agents, robots, and us: How automation will reshape work and the workforce - https://www.mckinsey.com | Building Service Contractors Association International (BSCAI) (2025) - Emerging Trends in Building Service Contracting - https://www.bscai.org | SourceAmerica (2020) - Robotics in Janitorial Services: The Horizon of Cleaning Technology - https://www.sourceamerica.org | SedonaTec (2026) - Airport Cleaning Robots in Action: Real-World Deployments - https://www.sedonatec.com | ISSA - The Worldwide Cleaning Industry Association (2026) - Robotics & Autonomous Cleaning Experience (R.A.C.E.) - https://www.issashow.com | CleansyAI (2026) - Janitorial Software for Multi-Site Management - https://www.cleansyai.com | Buildbite (2026) - Commercial Cleaning Software and Time Tracking - https://www.buildbite.com | SoftBank Robotics (2019) - How New Commercial Cleaning Technology Will Power the Future of Cleaning - https://www.softbankrobotics.com | AI Plus Info (2026) - SOMATIC Commercial Restroom Cleaning Robots Study - https://www.aiplusinfo.com | Level CFO (2026) - Cleaning Benchmarks 2026 - https://www.levelcfo.com",url,,low,false,2026,
commercial-cleaning,leadgen_platforms,marketplace_penetration_pct,1.5,,"Angi Inc. Q1 2026 Earnings Call Transcript (The Motley Fool, 2026, https://www.fool.com/earnings/call-transcripts/2026/05/06/angi-angi-q1-2026-earnings-call-transcript/) and Angi Inc. SEC Form 10-K Filings (2025, https://www.sec.gov)",url,5,adjudicated,false,2026,11
commercial-cleaning,leadgen_platforms,platform_take_rate_pct,10,,"Angi Inc. Q1 2026 Investor Presentation & Earnings Report (2026), https://ir.angi.com",url,5,high,false,2026,13
commercial-cleaning,insurance_warranty,pct_insurance_channel,6,,"IBISWorld / SBDCNet, US Janitorial Services Industry Analysis (2026), https://www.sbdcnet.org",url,4,med,false,2026,
commercial-cleaning,insurance_warranty,home_warranty_penetration_pct,0,,"Frontdoor, Inc. Form 10-K SEC Filing (2025), https://www.sec.gov",url,4,med,false,2025,
commercial-cleaning,recurring_mix,recurring_revenue_pct,85,,"CT Acquisitions (2026), Commercial Janitorial M&A Valuation Analysis, https://ctacquisitions.com; Grand View Research (2025) / Upmetrics (2026), U.S. Janitorial Market Breakdown, https://upmetrics.co",url,5,med,false,2026,
commercial-cleaning,recurring_mix,service_agreement_attach_pct,25,,Trade Economy Index research synthesis: median of 1 cited research input: The Alternative Board / Commercial Cleaning Growth Analysis (2026),citation-text-only,1,med,true,2026,
commercial-cleaning,contract_terms,typical_contract_length_months,12,,"Healthcare Services Group, Inc. Form 10-K (2025) - https://www.sec.gov/edgar/browse/?CIK=0000043805",url,5,high,false,2025,8
commercial-cleaning,contract_terms,renewal_rate_pct,73,,"BSCAI Market Study cited via Level Benchmarks (2026), https://www.levelcfo.com; cross-checked with ISSA Benchmark Data (2025), https://greenpointms.com",url,5,med,false,2026,
commercial-cleaning,capital_intensity,startup_cost_usd,23225,,"International Janitorial Cleaning Services Association (IJCSA), cited by Insurance Canopy, 2026",citation-text-only,4,med,false,2026,
commercial-cleaning,capital_intensity,capex_pct_of_revenue,0.91,,"ABM Industries Incorporated Form 10-K Annual Report (2025), reporting $8.7 billion in total consolidated revenue and $79.3 million in additions to property, plant, and equipment (0.91% of revenue). URL: https://www.sec.gov/edgar/browse/?CIK=0000000771",url,5,med,false,2025,
commercial-cleaning,data_assets,iot_telemetry_penetration_pct,55,,"WorldMetrics Commercial Cleaning Statistics Report (2026), (reporting 55% of industrial cleaning operations use IoT-enabled sensor tags to track equipment location and usage); cross-checked with CleanLink / Remi Network Survey (2026), https://www.cleanlink.com/news/article/CleanLink-Survey-Results-Reveal-2026-Industry-Trends--30777 (reporting 62% of commercial cleaning companies investing in IoT and smart sensor tools).",url,5,med,false,2026,
commercial-cleaning,consolidation,consolidation_activity,,"The US Commercial Cleaning & Janitorial trade is experiencing highly active and intense private equity roll-up and consolidation. The sector, estimated at over $100 billion annually in the US, is a prime target for private equity buy-and-build strategies due to extreme market fragmentation (thousands of small, independent operators), predictable contract-based recurring revenue, low capital intensity, and resilient commercial outsourcing demand. Sponsors are actively acquiring platform assets and pursuing programmatic bolt-on and tuck-in acquisitions to expand geographic footprints, build route density, centralize back-office functions, and layer in modern operational technologies.","CleanLink (2024), 'The Evolving Role of Private Equity in the Janitorial Services Sector' ; PE Hub (2026), 'O2-backed 4M acquires Bluegrass Commercial Cleaning and Rainbow Maintenance Services' (https://www.pehub.com/o2-backed-4m-acquires-bluegrass-commercial-cleaning-and-rainbow-maintenance-services/); PE Hub (2025), 'Janitorial services provider Kleen-Tech snags investment from Rainier Partners' (https://www.pehub.com/janitorial-services-provider-kleen-tech-snags-investment-from-rainier-partners/).",url,,,false,2026,
commercial-cleaning,consolidation,notable_platforms,,"Notable PE platforms and public consolidators in commercial cleaning and janitorial services include: (1) 4M Building Solutions / 4M Building Services - Backed by O2 Investment Partners, an active commercial janitorial platform that completed its 15th and 16th add-on acquisitions (Bluegrass Commercial Cleaning and Rainbow Maintenance Services) in July 2026. (2) Kleen-Tech Services - Backed by Rainier Partners (acquired September 2025), a national janitorial platform operating across 30+ states under 9 regional brands executing bolt-on growth. (3) The Facilities Group - Backed by Greenbriar Equity Group and Revolent Capital Solutions (with Morgan Stanley Private Credit), an active roll-up platform acquiring regional commercial cleaning firms nationwide. (4) Kellermeyer Bergensons Services (KBS) - Backed by KKR, Ares Management, BlackRock, and formerly Cerberus Capital Management, operating as one of North America's largest tech-enabled commercial janitorial platforms across 100,000+ customer locations. (5) Public Consolidators - ABM Industries Inc. (NYSE: ABM) and GDI Integrated Facility Services Inc. (TSX: GDI).","PE Hub (2026), 'O2-backed 4M acquires Bluegrass Commercial Cleaning and Rainbow Maintenance Services' (https://www.pehub.com/o2-backed-4m-acquires-bluegrass-commercial-cleaning-and-rainbow-maintenance-services/); PE Hub (2025), 'Janitorial services provider Kleen-Tech snags investment from Rainier Partners' (https://www.pehub.com/janitorial-services-provider-kleen-tech-snags-investment-from-rainier-partners/); PE Hub (2022), 'PE-backed The Facilities Group acquires janitorial and facility maintenance firm Summit Service Group' (https://www.pehub.com/pe-backed-the-facilities-group-acquires-janitorial-and-facility-maintenance-firm-summit-service-group/); PitchBook (2026), 'Kellermeyer Bergensons Services Company Profile' (https://pitchbook.com/profiles/company/54881-22).",url,,,false,2026,
commercial-cleaning,multiples,typical_ebitda_multiple_low,3.5,,"Home Services Business Valuation Report (citing BizBuySell Insight Report, Pepperdine Private Capital Markets Survey, IBBA Market Pulse, DealStats), 2025, https://homeservicesbusinessvaluation.com/commercial-cleaning-business-valuation",url,3,med,false,2025,
commercial-cleaning,multiples,typical_ebitda_multiple_high,7,,"Home Services Business Valuation Report (citing BizBuySell Insight Report, Pepperdine Private Capital Markets Survey, IBBA Market Pulse, DealStats), 2025, https://homeservicesbusinessvaluation.com/commercial-cleaning-business-valuation",url,5,med,false,2025,
commercial-cleaning,exit_environment,buyer_demand,,"Buyer demand for US commercial cleaning and janitorial businesses is strong and characterized as a 'seller's market.' Active acquirers include private equity (PE) sponsors executing buy-and-build roll-up strategies, large strategic consolidators (e.g., ABM Industries, ServiceMaster Brands, ISS Facility Services, Marsden Services), and individual/first-time buyers. Buyers value most: (1) high-quality contracted recurring revenue (preferably 85%+ multi-year commercial agreements with CPI escalators), (2) low customer concentration (no single account exceeding 15% to 25% of revenue), (3) operational depth with documented SOPs, route density, and stable field supervisors with manageable employee turnover, and (4) specialized capabilities (such as medical, healthcare, or industrial cleaning) that command premium multiples.","Caber Hill Advisors (2024) via CleanLink (https://www.cleanlink.com/), Align Business Advisory Services (2025) (https://alignba.com/), CT Acquisitions (2026) (https://ctacquisitions.com/), and BizBuySell Transaction Trends Report (2025) (https://www.bizbuysell.com/).",url,,,false,2026,
commercial-cleaning,exit_environment,exit_trend,,"The exit environment is heating up. Driven by extreme market fragmentation (with the U.S. janitorial market estimated at $90B+ and top operators holding under 30% share) and founder retirements, M&A activity remains brisk. According to BizBuySell transaction data, median sale prices for cleaning and janitorial businesses surged 62.5% to $325,000 in 2025 compared to 2021 levels, with average SDE multiples rising from 2.0x to 2.3x (and larger platforms trading at 3.5x to 7.0x+ EBITDA). M&A advisory monitors project robust transaction volumes and consolidation runway to continue.","BizBuySell Janitorial & Cleaning Service Business Transaction Trends (2025) (https://www.bizbuysell.com/), CLA Meridian Capital Facility Maintenance and Janitorial Services Market Update (2025) (https://meridianib.com/), and Caber Hill Advisors M&A Janitorial Outlook (2024) via CleanLink (https://www.cleanlink.com/).",url,,,false,2025,
commercial-cleaning,demand_drivers,installed_base_units,5909000,,"Trade Economy Index research synthesis: median of 2 cited research inputs: U.S. Energy Information Administration (EIA), '2018 Commercial Buildings Energy Consumption Survey (CBECS)' (2022), https://www.eia.gov/consumption/commercial/reports/2018/buildchar/; cross-referenced with Real Estate Roundtable, 'CBECS Report Analysis' (2023) | U.S. Department of Energy / Energy Information Administration (EIA), Commercial Buildings Energy Consumption Survey (CBECS) (2018 survey data, published Dec 2022), https://www.eia.gov/consumption/commercial",url,6,high-primary,true,2023,
commercial-cleaning,search_interest,yoy_search_change_pct,0,,"Cleanfax (2024), https://cleanfax.com/online-lead-generation-commercial-cleaning",url,2,med,false,2024,
commercial-cleaning,cust_acquisition,typical_cac_usd,600,,"Elevate Clients Inc., 2026",citation-text-only,5,low,false,2026,
commercial-cleaning,cust_acquisition,avg_review_volume,34,,"BrightLocal, Local Search Industry Report (2024)",citation-text-only,4,adjudicated,false,2024,
commercial-cleaning,cust_acquisition,complaint_categories,,"Restroom cleanliness and stock (41%), pest/bug issues (23%), trash and recycling removal (22%), dirty carpet/floors (17%), and overall facility cleanliness/dusting (17%)","Facility Cleaning Decisions, 2022 Complaints Survey Report (2022), https://www.cleanlink.com",url,,,false,2022,
painting,wages_detail,median_hourly_wage_usd,22.94,,"U.S. Bureau of Labor Statistics Occupational Employment and Wage Statistics (OEWS), May 2023, https://www.bls.gov/oes/current/oes472141.htm",url,6,high-primary,false,2023,
painting,wages_detail,median_annual_wage_usd,47700,,"U.S. Bureau of Labor Statistics Occupational Employment and Wage Statistics (OEWS), May 2023, https://www.bls.gov/oes/current/oes472141.htm",url,6,high-primary,false,2023,
painting,wages_detail,pct25_hourly_wage_usd,18.74,,"U.S. Bureau of Labor Statistics Occupational Employment and Wage Statistics (OEWS), May 2023, https://www.bls.gov/oes/current/oes472141.htm",url,6,high-primary,false,2023,
painting,wages_detail,pct75_hourly_wage_usd,28.6,,"U.S. Bureau of Labor Statistics Occupational Employment and Wage Statistics (OEWS), May 2023, https://www.bls.gov/oes/current/oes472141.htm",url,6,high-primary,false,2023,
painting,wages_detail,pct90_hourly_wage_usd,36.55,,"U.S. Bureau of Labor Statistics Occupational Employment and Wage Statistics (OEWS), May 2023, https://www.bls.gov/oes/current/oes472141.htm",url,6,high-primary,false,2023,
painting,wages_detail,pct10_hourly_wage_usd,17.1,,"U.S. Bureau of Labor Statistics Occupational Employment and Wage Statistics (OEWS), May 2023, https://www.bls.gov/oes/current/oes472141.htm",url,6,high-primary,false,2023,
painting,employment,us_employment,342200,,"U.S. Bureau of Labor Statistics, Occupational Outlook Handbook (https://www.bls.gov/ooh/construction-and-extraction/painters-construction-and-maintenance.htm)",url,6,high-primary,false,2024,
painting,employment,projected_10yr_growth_pct,4,,"U.S. Bureau of Labor Statistics, Occupational Outlook Handbook (https://www.bls.gov/ooh/construction-and-extraction/painters-construction-and-maintenance.htm)",url,6,high-primary,false,,
painting,employment,annual_openings,28100,,"U.S. Bureau of Labor Statistics, Occupational Outlook Handbook (https://www.bls.gov/ooh/construction-and-extraction/painters-construction-and-maintenance.htm)",url,6,high-primary,false,,
painting,employment,projected_10yr_net_change,13000,,"U.S. Bureau of Labor Statistics, Occupational Outlook Handbook (https://www.bls.gov/ooh/construction-and-extraction/painters-construction-and-maintenance.htm)",url,6,high-primary,false,,
painting,labor_shortage,unfilled_openings,28100,,"U.S. Bureau of Labor Statistics (BLS), Occupational Outlook Handbook: Painters, Construction and Maintenance (2025 release), https://www.bls.gov/ooh/construction-and-extraction/painters-construction-and-maintenance.htm",url,6,high-primary,false,2025,
painting,labor_shortage,vacancy_rate_pct,3.5,,"Home Builders Institute (HBI), Construction Labor Market Report (Fall 2025), https://hbi.org",url,5,high,false,2025,7
painting,workforce_aging,median_worker_age,43.1,,"U.S. Bureau of Labor Statistics, Current Population Survey, Household Data Annual Averages Table 11b (Employed persons by detailed occupation and age), https://www.bls.gov/cps/cpsaat11b.htm",url,5,high-primary,false,2025,
painting,workforce_aging,pct_over_55,24.7,,"U.S. Bureau of Labor Statistics, Current Population Survey, Household Data Annual Averages Table 11b (Employed persons by detailed occupation and age), https://www.bls.gov/cps/cpsaat11b.htm",url,5,med,false,,
painting,training_pipeline,apprenticeship_enrollment,3945,,U.S. Department of Labor RAPIDS Data / Institute for Women's Policy Research,citation-text-only,5,med,false,2023,
painting,training_pipeline,annual_completions,436,,U.S. Department of Labor RAPIDS Data / Institute for Women's Policy Research,citation-text-only,2,adjudicated,false,,
painting,immigration_reliance,pct_foreign_born,53,,National Association of Home Builders (NAHB) analysis of U.S. Census Bureau American Community Survey (ACS) 2024 Public Use Microdata Sample (PUMS),citation-text-only,5,high,false,2024,
painting,unionization,union_membership_pct,8.9,,"U.S. Bureau of Labor Statistics (BLS), Current Population Survey (CPS) / Unionstats.com (https://www.bls.gov/cps/ and https://www.unionstats.com)",url,6,med,false,,
painting,licensing,states_requiring_license,27,,"Institute for Justice, License to Work: A National Study of Burdens from Occupational Licensing (3rd Edition), https://ij.org/report/license-to-work-3/ltw3-occupations/painting-contractor-residential",url,5,adjudicated,false,2026,
painting,market_size,market_size_usd,49000000000,,"IBISWorld - Painters in the US Industry Report (2026), https://www.ibisworld.com/united-states/market-research-reports/painters-industry",url,5,low,false,2026,
painting,market_size,cagr_pct,2.2,,"IBISWorld - Painters in the US Industry Report (2026), https://www.ibisworld.com/united-states/market-research-reports/painters-industry",url,5,low,false,2026,
painting,market_size,cagr_forecast_window,,2021-2026,"IBISWorld - Painters in the US Industry Report (2026), https://www.ibisworld.com/united-states/market-research-reports/painters-industry",url,,,false,2026,
painting,firm_counts,num_establishments,37963,,"U.S. Census Bureau, Statistics of U.S. Businesses (SUSB), https://www.census.gov/data/tables/2022/econ/susb/2022-susb-annual.html",url,6,high-primary,false,2022,
painting,firm_counts,num_firms,37830,,"U.S. Census Bureau, Statistics of U.S. Businesses (SUSB), 2022, https://www.census.gov/data/tables/2022/econ/susb/2022-susb-annual.html",url,6,high-primary,false,2022,
painting,firm_counts,avg_employees_per_firm,5.23,,"U.S. Census Bureau, Statistics of U.S. Businesses (SUSB), 2022, https://www.census.gov/data/tables/2022/econ/susb/2022-susb-annual.html",url,6,high-primary,false,2022,
painting,firm_size_dist,pct_firms_under_1m,88.8,,"U.S. Census Bureau, 2017 Statistics of U.S. Businesses (SUSB) Annual Data Tables by Enterprise Receipt Size (https://www2.census.gov/programs-surveys/susb/tables/2017/us_6digitnaics_rcptsize_2017.xlsx)",url,1,low,false,2017,
painting,firm_size_dist,pct_firms_1m_5m,9.8,,"U.S. Census Bureau, 2017 Statistics of U.S. Businesses (SUSB) Annual Data Tables by Enterprise Receipt Size (https://www2.census.gov/programs-surveys/susb/tables/2017/us_6digitnaics_rcptsize_2017.xlsx)",url,1,low,false,2017,
painting,firm_size_dist,pct_firms_5m_20m,1.2,,"U.S. Census Bureau, 2017 Statistics of U.S. Businesses (SUSB) Annual Data Tables by Enterprise Receipt Size (https://www2.census.gov/programs-surveys/susb/tables/2017/us_6digitnaics_rcptsize_2017.xlsx)",url,1,low,false,2017,
painting,firm_size_dist,pct_firms_over_20m,0.2,,"U.S. Census Bureau, 2017 Statistics of U.S. Businesses (SUSB) Annual Data Tables by Enterprise Receipt Size (https://www2.census.gov/programs-surveys/susb/tables/2017/us_6digitnaics_rcptsize_2017.xlsx)",url,1,low,false,2017,
painting,firm_size_dist,pct_nonemployer,79,,"U.S. Census Bureau Nonemployer Statistics, https://www.census.gov/programs-surveys/nonemployer-statistics.html",url,3,high,false,,
painting,fragmentation,top4_firm_share_pct,6.9,,"U.S. Small Business Administration, 'Small Business Size Standards: Agriculture, Forestry, Fishing and Hunting; Mining, Quarrying, and Oil and Gas Extraction; Utilities; Construction', Proposed Rule, 85 FR 62239 (October 2, 2020), Table 4 'Size Standards Supported by Each Factor for Each Industry (Receipts)' at 85 FR 62248, column (6) headed 'Four-firm ratio (%)', row NAICS 238320 Painting and Wall Covering Contractors. Derived by SBA from the U.S. Census Bureau special tabulation of the 2012 Economic Census. https://www.federalregister.gov/documents/2020/10/02/2020-21589/small-business-size-standards-agriculture-forestry-fishing-and-hunting-mining-quarrying-and-oil",url,1,high-primary,false,2020,
painting,franchise_pen,franchise_penetration_pct,28.5,,"Trade Economy Index research synthesis: median of 1 cited research input: IBISWorld / U.S. Census Bureau County Business Patterns (via CT Acquisitions, 'The Painting Acquisition Market: What Buyers Need to Know')",citation-text-only,1,med,true,,
painting,formation_rate,annual_new_firm_formation,13846,,"U.S. Census Bureau, Business Dynamics Statistics (BDS) - https://www.census.gov/programs-surveys/bds.html",url,4,low,false,2023,
painting,formation_rate,annual_closure_rate_pct,12,,"U.S. Census Bureau, Business Dynamics Statistics (BDS) - https://www.census.gov/programs-surveys/bds.html",url,4,high-primary,false,,
painting,formation_rate,survival_5yr_pct,49.4,,"U.S. Bureau of Labor Statistics, Business Employment Dynamics (BED), NAICS 2383 Building Finishing Contractors, https://www.bls.gov/bdm/bdmage.htm",url,5,high-primary,false,,
painting,margins,gross_margin_pct,40,,Painting Contractors Association (PCA) - Maximize Profitability in Your Contracting Business (2024):,citation-text-only,5,med,false,2024,
painting,margins,operating_margin_pct,7.1,,"CFMA Construction Financial Benchmarker, 2024, https://cfma.org",url,5,adjudicated,false,2024,14
painting,cost_structure,labor_pct_of_revenue,18,,"IBISWorld Industry Report 23832: Painters in the US (2024), https://www.ibisworld.com/united-states/market-research-reports/painters-industry",url,3,med,false,2024,4
painting,cost_structure,materials_pct_of_revenue,15,,"U.S. Census Bureau 2022 Economic Census (NAICS 238320 - Painting and Wall Covering Contractors), https://www.census.gov",url,3,adjudicated,false,2022,
painting,cost_structure,sga_overhead_pct,11.8,,CFMA 2025 Construction Financial Benchmarker (Specialty Trade Contractors) - https://cfma.org,url,3,adjudicated,false,2025,5
painting,productivity,revenue_per_employee_usd,129078,,"U.S. Census Bureau, 2022 Economic Census (NAICS 238320 - Painting and Wall Covering Contractors), https://www.census.gov",url,5,med,false,2022,
painting,productivity,gross_profit_per_labor_hour_usd,79.49,,"U.S. Census Bureau, 2022 Economic Census, Table EC2223BASIC, 2022, https://data.census.gov",url,1,low,false,2022,
painting,productivity,billable_utilization_pct,65,,"Painting Contractors Association (PCA), Industry Benchmarks Report, 2023, https://www.pcapainted.org",url,2,adjudicated,false,2023,7
painting,cash_cycle_detail,dso_days,56.9,,"Forbes (Sageworks Industry Data), 2017, (cross-checked against CFMA 2025 Construction Financial Benchmarker reporting 55.2 AR days for Specialty Trade Contractors, https://cfma.org/)",url,3,low,false,2025,
painting,cash_cycle_detail,dpo_days,32.9,,"APi Group Corporation 2024 Form 10-K (SEC EDGAR, 2024, https://www.sec.gov/edgar/searchedgar/companysearch)",url,3,med,false,2024,
painting,cash_cycle_detail,cash_conversion_cycle_days,31.3,,"Forbes (Sageworks Industry Data), 2017, (computed as DSO minus DPO: 56.9 - 25.6)",citation-text-only,3,adjudicated,false,2017,
painting,retainage_liens,payment_dispute_pct,25,,"Rabbet, Construction Payments Report (2024), https://info.rabbet.com/construction-payments-report",url,1,low,false,2024,
painting,bad_debt,bad_debt_write_off_pct,1.8,,"IBISWorld, 2023, https://www.ibisworld.com/united-states/market-research-reports/painting-wall-covering-contractors-industry",url,2,high,false,2023,
painting,ai_task_breakdown,pct_cognitive_backoffice_work,25,,"O*NET Work Activity Task Content Analysis (Journal of Applied Psychology / Singapore Management University, 2010), https://ink.library.smu.edu.sg/lkcsb_research/2564",url,5,adjudicated,false,2010,
painting,ai_task_breakdown,ai_resistant_work,,"Physical on-site tasks requiring human dexterity, tactile sensitivity, and real-time spatial adaptability remain heavily resistant to AI and robotics. Key hard-to-automate tasks include fine edge cutting along ceilings, baseboards, and door frames, intricate surface preparation (scraping peeling paint, patching plaster cracks, caulking trim, and detailed sanding), spot surface repair, substrate evaluation, color-matching weathered surfaces, and maneuvering in tight, occupied, or irregular residential spaces filled with furniture and obstacles.","Tech Briefs, 2025, https://www.techbriefs.com/component/content/article/52219-drywall-finishing-robots-accelerate-construction-schedules | Architect Magazine, 2025, https://www.architectmagazine.com | Painting Contractors Association, 2025, https://www.pcapainted.org",url,,low,false,2025,
painting,ai_task_breakdown,automatable_work,,"Back-office, sales, and pre-construction coordination tasks are highly automatable using AI. Key automatable areas include: (1) automated blueprint takeoffs using AI vision software to instantly calculate wall/ceiling square footage, trim lengths, and door/window deductions; (2) photo-based estimating systems that estimate material needs and labor hours from job-site images; (3) 24/7 client intake, AI phone/chat agents, and self-service appointment scheduling connected directly to contractor calendars; and (4) automated proposal generation and follow-up communication campaigns.","Tech Briefs, 2025, https://www.techbriefs.com/component/content/article/52219-drywall-finishing-robots-accelerate-construction-schedules | Architect Magazine, 2025, https://www.architectmagazine.com | Painting Contractors Association, 2025, https://www.pcapainted.org",url,,low,false,2025,
painting,fsm_software,fsm_adoption_pct,48,,"Trade Economy Index research synthesis: median of 2 cited research inputs: L.E.K. Consulting, 2023 | Dodge Construction Network / Procore (2022), 'Top Business Issues for Specialty Contractors Report' (vendor-published industry report; software-adoption evidence, not independent benchmark research)",citation-text-only,2,med,true,2023,
painting,fsm_software,dominant_fsm_software,,Jobber,"Service Business Academy, 2026, https://servicebusinessacademy.org",url,,,false,2026,
painting,accounting_tech,common_accounting_software,,"US painting and wall finishing contractors predominantly utilize QuickBooks (Online and Desktop) for small-to-midsize operations, alongside specialized construction accounting and ERP systems such as Sage (Sage 100 Contractor and Sage 300 CRE), Viewpoint (Vista and Spectrum), Foundation Software, and ComputerEase. Industry benchmark surveys show Sage (21%), Viewpoint (17%), and QuickBooks (7%) leading overall contractor market adoption, with QuickBooks serving as the primary accounting engine for specialty trade contractors doing under $3M in annual revenue.","JBKnowledge Annual Construction Technology Report (2020/2021), https://jbknowledge.com/report ; ForConstructionPros / IronMarkets (2020), https://www.forconstructionpros.com/construction-technology/article/21111666/most-popular-construction-accounting-erp-software",url,,,false,2021,
painting,ai_adoption,ai_adoption_rate_pct,38,,"Houzz, 2025 U.S. Houzz State of AI in Construction and Design Report, 2025, https://www.houzz.com",url,2,med,false,2025,
painting,ai_adoption,use_cases,,Automated preconstruction blueprint takeoffs and wall surface area measurement; photo-to-estimate calculation; automated customer follow-ups and CRM lead messaging; walkthrough meeting transcription; and AI-generated proposal writing and marketing content.,"American Painting Contractor, 2025, https://www.paintmag.com",url,,,false,2025,
painting,ai_adoption,adoption_examples,,"Documented AI and automation adoption examples in the trade include: (1) Canvas, which utilizes Universal Robots cobot arms for semi-autonomous drywall finishing, reducing Level 4/5 spraying and sanding schedules from 5-7 days down to 2 days while capturing 99.9% of dust; (2) PaintJet, which deploys lift-mounted modular robots equipped with computer vision to scan and spray-paint large commercial and industrial building facades up to 25% faster; and (3) Togal.AI (a Painting Contractors Association partner), which uses AI computer vision software to automatically extract painting scope, finish schedules, and surface area quantities from construction blueprints.","Tech Briefs, 2025, https://www.techbriefs.com/component/content/article/52219-drywall-finishing-robots-accelerate-construction-schedules | Architect Magazine, 2025, https://www.architectmagazine.com | Painting Contractors Association, 2025, https://www.pcapainted.org",url,,low,false,2025,
painting,leadgen_platforms,marketplace_penetration_pct,1.5,,"Angi Inc. Q1 2026 Earnings Call Transcript, 2026, https://www.fool.com/earnings/call-transcripts/2026/05/06/angi-angi-q1-2026-earnings-call-transcript",url,3,med,false,2026,11
painting,leadgen_platforms,platform_take_rate_pct,10,,"Angi Inc. Q1 2026 Earnings Call Transcript, 2026, https://www.fool.com/earnings/call-transcripts/2026/05/06/angi-angi-q1-2026-earnings-call-transcript",url,3,high,false,2026,13
painting,acquisition_mix,pct_referral,59,,"2023 U.S. Houzz & Home Study, Houzz, 2023, https://www.houzz.com",url,4,med,false,2023,
painting,acquisition_mix,pct_digital,38,,"2023 U.S. Houzz & Home Study, Houzz, 2023, https://www.houzz.com",url,3,med,false,2023,
painting,acquisition_mix,pct_marketplace,23,,"Trade Economy Index research synthesis: median of 2 cited research inputs: rudys.ai (Home Services Marketing Report), 2025, https://rudys.ai/contractor-website-statistics | Home Services Marketing Report, 2025, https://rudys.ai",url,2,low,true,2025,
painting,acquisition_mix,pct_repeat,30,,"2023 U.S. Houzz & Home Study, Houzz, 2023, https://www.houzz.com",url,4,low,false,2023,
painting,insurance_warranty,home_warranty_penetration_pct,5.5,,"Trade Economy Index research synthesis: median of 2 cited research inputs: Frontdoor, Inc. Form 10-K (2024, https://www.sec.gov/ix?doc=/Archives/edgar/data/1725430/000172543025000008/ftdr-20241231.htm); cross-checked with ConsumerAffairs Home Warranty Industry Statistics (2024) | ConsumerAffairs, 2024",url,6,med,true,2024,
painting,recurring_mix,recurring_revenue_pct,25,,"CT Acquisitions, 2026",citation-text-only,3,med,false,2026,
painting,contract_terms,typical_contract_length_months,12,,"FirstService Corporation Annual Information Form for the Year Ended December 31, 2024, 2025, https://www.firstservice.com (discloses that recurring commercial and residential service contracts across its property services division, which includes CertaPro Painters, typically range in duration from 1 to 3 years / 12 to 36 months)",url,3,high,false,2025,8
painting,contract_terms,renewal_rate_pct,70,,"Dealstream Painting Business Valuation & Operations Guide (2025), https://dealstream.com; cross-checked with Pulse RevOps Commercial Trade Metrics (2026), https://pulserevops.com (citing median commercial contract auto-renewal and retention rates of 65%-75%).",url,3,med,false,2026,
painting,cross_sell,upsell_attach_pct,28,,"Trade Economy Index research synthesis: median of 2 cited research inputs: Sheets.market - Painting Contractor Operational Benchmarks & Upsell Playbook, 2026, https://sheets.market | Painting Contractors Association (PCA) Benchmarks / FacadeColorizer (2026)",url,2,low,true,2026,
painting,capital_intensity,startup_cost_usd,245750,,"CertaPro Painters Franchise Disclosure Document (FDD Item 7), 2024",citation-text-only,3,med,false,2024,
painting,capital_intensity,capex_pct_of_revenue,3,,"U.S. Census Bureau, 2019 Capital Spending Report (Annual Capital Expenditures Survey data for NAICS 238320 Painting and Wall Covering Contractors), 2019, https://www.census.gov/library/publications/2019/econ/2019-csr.html",url,2,adjudicated,false,2019,
painting,data_assets,iot_telemetry_penetration_pct,23.8,,"JBKnowledge 2021 Construction Technology Report, 2021, https://jbknowledge.com/report",url,5,med,false,2021,
painting,consolidation,consolidation_activity,,"The US painting and wall finishing trade is experiencing active private equity roll-up and consolidation intensity across both franchise systems and commercial/industrial coatings platforms [CT Acquisitions, 2026, https://www.ctacquisitions.com; Greenwich Capital Group, 2025, https://www.greenwichgp.com]. Representing an estimated $49 billion industry in the US, the trade is heavily fragmented, with approximately 75% of contractors employing four or fewer workers [CT Acquisitions, 2026, https://www.ctacquisitions.com]. PE sponsors and strategic accumulators actively execute roll-up playbooks to capitalize on multiple arbitrage, operational scale, back-office synergies, and cross-selling across residential and commercial property maintenance portfolios [CT Acquisitions, 2026, https://www.ctacquisitions.com; Capstone Partners, 2025, https://www.capstonepartners.com].",CT Acquisitions Painting Services M&A Guide (2026) [https://www.ctacquisitions.com]; Greenwich Capital Group Home & Commercial Services M&A Update (2025) [https://www.greenwichgp.com]; Capstone Partners Building Products & Construction Services M&A Report (2025) [https://www.capstonepartners.com].,url,,,false,2026,
painting,consolidation,notable_platforms,,"Notable public platforms and private equity-backed acquirers in the painting and wall finishing trade include: (1) FirstService Corporation (NASDAQ: FSV), a public platform operating FirstService Brands, which owns CertaPro Painters, the largest residential and commercial painting franchise platform in North America, and routinely completes franchisee buybacks and bolt-on acquisitions [FirstService Corporation SEC Form 6-K Filing, 2026, https://www.sec.gov]; (2) Neighborly (backed by KKR), a multi-brand home services platform that owns Five Star Painting, operating 230+ franchised territories across North America [Entrepreneur / Neighborly FDD Report, 2022, https://www.entrepreneur.com]; (3) R.L. James Exteriors (backed by Hidden Harbor Capital Partners), a commercial painting and exterior restoration platform that acquired Paramount Painting & Services, LLC in February 2026 [Hidden Harbor Capital Partners Press Release, 2026, https://www.hh-cp.com]; (4) Premium Service Brands (backed by Susquehanna Private Capital), a multi-brand franchise platform operating 360° Painting [Business Wire / Susquehanna Private Capital Press Release, 2021, https://www.businesswire.com]; and (5) Pilot Painting (backed by Platt Park Capital Partners and Source Capital), a commercial painting and reconstruction platform in the Southwest [Source Capital Press Release, 2024, https://www.source-cap.com].",FirstService Corporation SEC Filing (2026) [https://www.sec.gov]; Hidden Harbor Capital Partners Press Release (2026) [https://www.hh-cp.com]; Susquehanna Private Capital Press Release / Business Wire (2021) [https://www.businesswire.com]; Source Capital Press Release (2024) [https://www.source-cap.com]; Entrepreneur Magazine (2022) [https://www.entrepreneur.com].,url,,,false,2026,
painting,multiples,typical_ebitda_multiple_low,3,,"CT Acquisitions, 2026 (https://ctacquisitions.com/painting-business-valuation/)",url,3,med,false,2026,4
painting,multiples,typical_ebitda_multiple_high,11,,"First Page Sage, EBITDA & Valuation Multiples for Construction Companies - 2025 (2024)",citation-text-only,5,adjudicated,false,2025,
painting,exit_environment,buyer_demand,,"Buyer demand for US painting and wall finishing businesses is active across four distinct buyer tiers: franchise systems (e.g., CertaPro, Five Star, WOW 1 DAY), direct private equity platform aggregators (e.g., Cherry Coatings, R.L. James, Painters USA, TMI Coatings), multi-trade home services holding platforms (e.g., Neighborly, Authority Brands, Apex Service Partners), and SBA 7(a)-backed individual buyers for sub-$1M EBITDA businesses. What buyers value most includes low owner dependence, clean financial documentation, commercial job backlogs with repeat clients, and a strong brand reputation/review profile ('digital moat').","CT Acquisitions (2026, https://ctacquisitions.com); Craftsman Painter (2026, https://craftsmanpainter.com)",url,,,false,2026,
painting,exit_environment,exit_trend,,"The exit market is heating up as private equity consolidation and strategic roll-ups accelerate across painting contractors, following the consolidation path established by HVAC and plumbing trades. Because the industry remains highly fragmented, 75% of painting contractors employ 4 or fewer workers, institutional buyers are actively buying up middle-market operators, expanding franchise/chain revenue share from 22% in 2019 to 28.5% in 2025. High-quality trade businesses with stable cash flow maintain valuation multiples ranging from 2.7x cash flow to 4x EBITDA.","CT Acquisitions (2026, https://ctacquisitions.com); BizBuySell Insight Report (2026, https://www.bizbuysell.com); IBISWorld (2025, https://www.ibisworld.com)",url,,,false,2026,
painting,demand_drivers,installed_base_units,146740964,,"U.S. Census Bureau, '2024 American Community Survey 1-Year Estimates (Table B25002)', 2024, https://www.census.gov/programs-surveys/acs ; U.S. Energy Information Administration (EIA), '2018 Commercial Buildings Energy Consumption Survey (CBECS) Building Characteristics', 2022, https://www.eia.gov/consumption/commercial",url,5,high,false,2024,
painting,search_interest,yoy_search_change_pct,53,,"Houzz 2026 Emerging Summer Trends Report (Houzz, 2026, https://www.houzz.com)",url,3,adjudicated,false,2026,
painting,cust_acquisition,typical_cac_usd,138.38,,"LocaliQ, 2025 Home Services Search Ad Benchmarks, 2025, https://localiq.com/blog/home-services-search-advertising-benchmarks",url,5,low,false,2025,
painting,cust_acquisition,avg_review_volume,39,,"BrightLocal, Local Consumer Review Survey, 2024, https://www.brightlocal.com/research/local-consumer-review-survey",url,5,med,false,2024,6
painting,cust_acquisition,complaint_categories,,"Substandard workmanship and poor finish quality (e.g., paint splatters, failure to repair or prep surfaces), unresponsiveness and lack of communication, failure to complete contracted scope after receiving deposits, and billing or contract disputes.","Better Business Bureau, Painting Contractors Business Complaints Summary, 2025, https://www.bbb.org",url,,,false,2025,
concrete-masonry,wages_detail,median_hourly_wage_usd,24.38,,"U.S. Bureau of Labor Statistics Occupational Employment and Wage Statistics (OEWS), May 2023, https://www.bls.gov/oes/current/oes472051.htm",url,6,high-primary,false,2023,
concrete-masonry,wages_detail,median_annual_wage_usd,50720,,"U.S. Bureau of Labor Statistics Occupational Employment and Wage Statistics (OEWS), May 2023, https://www.bls.gov/oes/current/oes472051.htm",url,6,high-primary,false,2023,
concrete-masonry,wages_detail,pct25_hourly_wage_usd,21.49,,"U.S. Bureau of Labor Statistics Occupational Employment and Wage Statistics (OEWS), May 2023, https://www.bls.gov/oes/current/oes472051.htm",url,6,high-primary,false,2023,
concrete-masonry,wages_detail,pct75_hourly_wage_usd,30.65,,"U.S. Bureau of Labor Statistics Occupational Employment and Wage Statistics (OEWS), May 2023, https://www.bls.gov/oes/current/oes472051.htm",url,6,high-primary,false,2023,
concrete-masonry,wages_detail,pct90_hourly_wage_usd,40.18,,"U.S. Bureau of Labor Statistics Occupational Employment and Wage Statistics (OEWS), May 2023, https://www.bls.gov/oes/current/oes472051.htm",url,6,high-primary,false,2023,
concrete-masonry,wages_detail,pct10_hourly_wage_usd,18,,"U.S. Bureau of Labor Statistics Occupational Employment and Wage Statistics (OEWS), May 2023, https://www.bls.gov/oes/current/oes472051.htm",url,6,high-primary,false,2023,
concrete-masonry,employment,us_employment,294300,,"U.S. Bureau of Labor Statistics, Occupational Outlook Handbook: Masonry Workers (https://www.bls.gov/ooh/construction-and-extraction/brickmasons-blockmasons-and-stonemasons.htm)",url,5,low,false,2024,
concrete-masonry,employment,projected_10yr_growth_pct,2,,"U.S. Bureau of Labor Statistics, Occupational Outlook Handbook: Masonry Workers, 2024-34 Employment Projections (https://www.bls.gov/ooh/construction-and-extraction/brickmasons-blockmasons-and-stonemasons.htm)",url,5,low,false,2024,
concrete-masonry,employment,annual_openings,20700,,"U.S. Bureau of Labor Statistics, Occupational Outlook Handbook: Masonry Workers, 2024-34 Employment Projections (https://www.bls.gov/ooh/construction-and-extraction/brickmasons-blockmasons-and-stonemasons.htm)",url,5,low,false,2024,
concrete-masonry,employment,projected_10yr_net_change,5600,,"U.S. Bureau of Labor Statistics, Occupational Outlook Handbook: Masonry Workers, 2024-34 Employment Projections (https://www.bls.gov/ooh/construction-and-extraction/brickmasons-blockmasons-and-stonemasons.htm)",url,5,low,false,2024,
concrete-masonry,labor_shortage,unfilled_openings,292000,,"U.S. Bureau of Labor Statistics (BLS) Job Openings and Labor Turnover Survey (JOLTS), 2026, https://www.bls.gov/jlt",url,5,med,false,2026,
concrete-masonry,labor_shortage,vacancy_rate_pct,3.4,,"U.S. Bureau of Labor Statistics (BLS) Job Openings and Labor Turnover Survey (JOLTS), via Associated Builders and Contractors (ABC) Carolinas - https://abccarolinas.org/construction-industry-labor-shortage-data-drivers-and-strategic-responses",url,4,high,false,,
concrete-masonry,workforce_aging,median_worker_age,39.2,,"U.S. Bureau of Labor Statistics Current Population Survey Table 11b (Employed people by detailed occupation and age) - Cement masons, concrete finishers, and terrazzo workers, https://www.bls.gov/cps/cpsaat11b.htm",url,5,low,false,2025,
concrete-masonry,workforce_aging,pct_over_55,22.7,,"CPWR - The Center for Construction Research and Training / U.S. Bureau of Labor Statistics Current Population Survey, Data Bulletin (2022)",citation-text-only,5,med,false,2022,
concrete-masonry,training_pipeline,apprenticeship_enrollment,3358,,"Trade Economy Index research synthesis: median of 4 cited research inputs: U.S. Department of Labor, Office of Apprenticeship, Registered Apprenticeship National Results - FY 2021 Data Modernization (https://www.dol.gov/agencies/eta/apprenticeship/about/statistics/2021) | U.S. Department of Labor Employment and Training Administration (ETA), Federal Data: Active Apprentices by Occupation for Fiscal Year 2016, https://www.dol.gov/agencies/eta/apprenticeship/about/statistics/2016 | Institute for Women's Policy Research analysis of U.S. Department of Labor RAPIDS Data, 2024, https://iwpr.org | National Center for Construction Education and Research (NCCER), 2025 Annual Report",url,6,med,true,2021,
concrete-masonry,training_pipeline,annual_completions,448,,"National Center for Education Statistics, Integrated Postsecondary Education Data System via College Factual ( and https://www.collegefactual.com/majors/construction-trades/building-management-inspection/concrete-finishing-concrete-finisher/)",url,3,adjudicated,false,,
concrete-masonry,immigration_reliance,pct_foreign_born,56,,National Association of Home Builders (NAHB) analysis of U.S. Census Bureau American Community Survey (ACS) 1-Year PUMS data,citation-text-only,5,adjudicated,false,2024,
concrete-masonry,unionization,union_membership_pct,16.4,,"U.S. Bureau of Labor Statistics, Union Members -- 2025 News Release (USDL-26-0229), Table 1: Union affiliation of employed wage and salary workers by selected characteristics (Construction and extraction occupations), 2026, https://www.bls.gov/news.release/pdf/union2.pdf",url,5,med,false,2026,
concrete-masonry,licensing,states_requiring_license,31,,"Institute for Justice, License to Work: A National Study of Burdens from Occupational Licensing (3rd Edition), 2022, https://ij.org/report/license-to-work-3/ltw3-occupations/mason-contractor-residential/ ; cross-checked with Contractor License Requirements Guide, 2026",url,5,med,false,2026,
concrete-masonry,market_size,market_size_usd,110100000000,,"IBISWorld, Concrete Contractors in the US Industry Market Research Report (2026) - https://www.ibisworld.com/united-states/market-research-reports/concrete-contractors-industry",url,3,med,false,2024,
concrete-masonry,market_size,cagr_pct,4.2,,"IBISWorld, Concrete Contractors in the US Industry Market Research Report (2026) - https://www.ibisworld.com/united-states/market-research-reports/concrete-contractors-industry",url,3,high,false,2026,
concrete-masonry,market_size,cagr_forecast_window,,2025-2030,"IBISWorld, Concrete Contractors in the US Industry Market Research Report (2026) - https://www.ibisworld.com/united-states/market-research-reports/concrete-contractors-industry",url,,,false,2026,
concrete-masonry,firm_counts,num_establishments,41180,,"U.S. Census Bureau, Statistics of U.S. Businesses (SUSB), https://www.census.gov/programs-surveys/susb.html",url,6,high-primary,false,2022,
concrete-masonry,firm_counts,num_firms,40799,,"U.S. Census Bureau, Statistics of U.S. Businesses (SUSB), https://www.census.gov/programs-surveys/susb.html",url,6,high-primary,false,,
concrete-masonry,firm_counts,avg_employees_per_firm,9.61,,"Calculated from U.S. Census Bureau, Statistics of U.S. Businesses (SUSB), https://www.census.gov/programs-surveys/susb.html",url,6,high-primary,false,,
concrete-masonry,fragmentation,top4_firm_share_pct,4.9,,"U.S. Small Business Administration, 'Small Business Size Standards: Agriculture, Forestry, Fishing and Hunting; Mining, Quarrying, and Oil and Gas Extraction; Utilities; Construction', Proposed Rule, 85 FR 62239 (October 2, 2020), Table 4 'Size Standards Supported by Each Factor for Each Industry (Receipts)' at 85 FR 62248, column (6) headed 'Four-firm ratio (%)', row NAICS 238110 Poured Concrete Foundation and Structure Contractors. Derived by SBA from the U.S. Census Bureau special tabulation of the 2012 Economic Census. https://www.federalregister.gov/documents/2020/10/02/2020-21589/small-business-size-standards-agriculture-forestry-fishing-and-hunting-mining-quarrying-and-oil",url,1,high-primary,false,2020,
concrete-masonry,formation_rate,annual_new_firm_formation,8367,,"U.S. Census Bureau, Business Dynamics Statistics (BDS), 2023, https://www.census.gov/programs-surveys/bds.html",url,5,adjudicated,false,2023,
concrete-masonry,formation_rate,annual_closure_rate_pct,11.5,,"U.S. Census Bureau, Business Dynamics Statistics (BDS), 2023, https://www.census.gov/programs-surveys/bds.html",url,5,low,false,2023,
concrete-masonry,formation_rate,survival_5yr_pct,48,,"U.S. Bureau of Labor Statistics, Business Employment Dynamics (BED) Table 7 - Construction (NAICS 23), https://www.bls.gov/bdm/bdmage.htm",url,5,med,false,,
concrete-masonry,margins,gross_margin_pct,38.9,,"Concrete Pumping Holdings, Inc. SEC Form 10-K (Fiscal Year Ended October 31, 2024), https://www.sec.gov/edgar",url,3,med,false,2024,
concrete-masonry,margins,operating_margin_pct,7.1,,"CFMA 2025 Construction Financial Benchmarker (Specialty Trades EBIT Margin), 2025, https://cfma.org",url,3,adjudicated,false,2025,14
concrete-masonry,cost_structure,labor_pct_of_revenue,18,,"IBISWorld Industry Report 23811: Concrete Contractors in the US (Wages as % of revenue), 2024, https://www.ibisworld.com/united-states/market-research-reports/concrete-contractors-industry",url,3,high,false,2024,4
concrete-masonry,cost_structure,materials_pct_of_revenue,51.7,,"IBISWorld Industry Report: Concrete Contractors in the US, 2019, https://www.ibisworld.com",url,2,adjudicated,false,2019,
concrete-masonry,cost_structure,sga_overhead_pct,10,,"Construction Financial Management Association (CFMA) Annual Financial Survey (Overhead as % of revenue benchmark range 8.0% - 12.0%, median 10.0%), 2024, https://www.cfma.org",url,3,adjudicated,false,2024,
concrete-masonry,productivity,revenue_per_employee_usd,322231.33,,"IBISWorld, Concrete Contractors in the US (NAICS 23811) Industry Report, 2026, https://www.ibisworld.com/united-states/market-research-reports/concrete-contractors-industry",url,5,med,false,2026,
concrete-masonry,cash_cycle_detail,dso_days,56,,"Concrete Pumping Holdings, Inc. Form 10-K (2024), https://www.sec.gov/edgar/browse/?CIK=0001703956",url,5,med,false,2024,
concrete-masonry,cash_cycle_detail,dpo_days,25.8,,"Concrete Pumping Holdings, Inc. Form 10-K (2024), https://www.sec.gov/edgar/browse/?CIK=0001703956",url,4,med,false,2024,
concrete-masonry,cash_cycle_detail,cash_conversion_cycle_days,55.894999999999996,,"Trade Economy Index research synthesis: median of 3 cited research inputs: CSIMarket Construction Raw Materials Industry Operational Efficiency Report (2024) | Concrete Pumping Holdings, Inc. Form 10-K (2024), https://www.sec.gov/edgar/browse/?CIK=0001703956 | MarketBeat Vulcan Materials Company 2024 Cash Conversion Cycle Analysis (https://www.marketbeat.com/stocks/NYSE/VMC/financials/)",url,4,low,true,2024,
concrete-masonry,retainage_liens,typical_retainage_pct,10,,"CFMA (Construction Financial Management Association), 2023, https://www.cfma.org",url,1,med,false,2023,11
concrete-masonry,bad_debt,bad_debt_write_off_pct,0.05,,"Vulcan Materials Company (owner of U.S. Concrete, Inc.) 2024 Form 10-K, https://www.sec.gov/ix?doc=/Archives/edgar/data/0001396009/000139600925000008/vmc-20241231.htm",url,2,adjudicated,false,2024,
concrete-masonry,bad_debt,collection_rate_pct,80.05,,"Trade Economy Index research synthesis: median of 2 cited research inputs: Level CFO, State of Contractor Finance (2025), https://levelcfo.com/reports/state-of-contractor-finance-2026 | National Association of Credit Management (NACM) Construction Credit Benchmarks (2023), https://nacm.org",url,2,med,true,2025,
concrete-masonry,ai_task_breakdown,pct_physical_onsite_work,74,,"Federal Reserve Bank of Philadelphia & Brookings Institution, 'Opportunity Occupations' Analysis (2019)",citation-text-only,5,med,false,2019,
concrete-masonry,ai_task_breakdown,pct_cognitive_backoffice_work,10.8,,"U.S. Bureau of Labor Statistics, Occupational Requirements Survey (2025), https://www.bls.gov/ors",url,5,adjudicated,false,2025,
concrete-masonry,ai_task_breakdown,ai_resistant_work,,"Physical, craft-intensive on-site labor remains resistant to complete automation due to the unstructured and dynamic nature of construction job sites. In concrete and masonry, AI and robotics struggle to replace fine hand-finishing, joint striking, custom stone cutting, corner block placement, securing wall ties, and real-time adjustments for ambient weather or varying concrete slump/curing rates. Because construction sites lack predictable factory environments, physical tools function primarily as semi-automated 'cobots' requiring human masons to manage setup, wall alignment, quality control, and edge-case site obstacles.",Bluebeam StrXur (2018) - https://www.bluebeam.com | Engineering News-Record (2025) - https://www.enr.com/articles/59837-buildroid-robotics-startup-brings-ai-block-laying-to-us | iBeam AI (2025) | On Center Software (2025) | Construction Dive (2026),url,,low,false,2026,
concrete-masonry,ai_task_breakdown,automatable_work,,"Back-office, pre-construction, estimating, and scheduling tasks represent the most automatable areas of the trade. Computer vision models automate 2D/3D drawing takeoffs, instantly measuring square footage, linear feet, rebar needs, concrete volumes, and unit block counts. AI estimating software automatically applies local market pricing and labor productivity rates to draft bids, cutting manual takeoff time by 60% to 95%. For operations and project management, generative scheduling and production-control tools optimize multi-site crew allocation, dispatch, trade sequencing, and real-time progress tracking against cost baselines.",Bluebeam StrXur (2018) - https://www.bluebeam.com | Engineering News-Record (2025) - https://www.enr.com/articles/59837-buildroid-robotics-startup-brings-ai-block-laying-to-us | iBeam AI (2025) | On Center Software (2025) | Construction Dive (2026),url,,low,false,2026,
concrete-masonry,fsm_software,fsm_adoption_pct,37,,"Trade Economy Index research synthesis: median of 2 cited research inputs: Dodge Construction Network & Procore 'Top Business Issues for Specialty Contractors' Study (2022), https://www.construction.com; cross-referenced with U.S. Department of Commerce Masonry Digital Integration Data (2024), https://www.businessresearchinsights.com | Dodge Data & Analytics / Procore SmartMarket Brief: Top Business Issues for Specialty Contractors (2022) cross-checked with Business Research Insights Field Service Management System Market Report (2026) https://www.businessresearchinsights.com (vendor-published industry report; software-adoption evidence, not independent benchmark research)",url,2,med,true,2026,
concrete-masonry,fsm_software,dominant_fsm_software,,Procore,"JBKnowledge Construction Technology Report, 2021",citation-text-only,,,false,2021,
concrete-masonry,accounting_tech,common_accounting_software,,"In US construction and specialty trade contracting, 83% of firms rely on dedicated accounting/ERP software. The most widely used accounting platforms include Sage (21.3%), Trimble Viewpoint (19.8%), Plexxis (14.2%), custom in-house software (7.8%), QuickBooks (5.2%), Foundation Software (4.9%), and CMiC (4.7%). Additionally, 76% of contractors utilize industry-specific accounting systems rather than generic bookkeeping software.","JBKnowledge 10th Annual Construction Technology Report (2021/2022) - ; Construction Financial Management Association (CFMA) Financial Survey (2023) - https://www.foundationsoft.com/construction-accounting-101 (vendor-published industry report; software-adoption evidence, not independent benchmark research)",url,,,false,2023,
concrete-masonry,ai_adoption,ai_adoption_rate_pct,78,,"industry data sources, Pivot Point: AI and the Future of Commercial Contracting Report (reported in ACHR News, 2026), https://www.achrnews.com/articles/154687-survey-reveals-ai-training-gap-in-hvac",url,1,low,false,2026,
concrete-masonry,ai_adoption,use_cases,,"Masonry jobsite safety evaluation and automated digital-mesh wall scoring (Mason Contractors Association of America's GEORGE AI platform and AI-powered Wall Evaluation software); concrete formwork sequence and quantity optimization; real-time computer vision analysis of poured concrete (e.g., OpenSpace) to identify layout errors and uneven pours; wireless IoT concrete sensor analytics (e.g., Giatec SmartRock/Roxi) predicting in-situ strength gain and curing progress; and automated 3D BIM/PDF takeoffs for structural concrete volume estimates.","Mason Contractors Association of America Congressional Testimony (2026) and ForConstructionPros Concrete Trade Publications (2025, https://www.forconstructionpros.com/concrete/article/22917028/how-concrete-contractors-can-benefit-from-ai)",url,,,false,2026,
concrete-masonry,ai_adoption,adoption_examples,,"1. Semi-Automated Masonry (SAM100): Developed by Construction Robotics, SAM places 2,000-3,000 bricks in an 8-hour shift, handling repetitive lifting while human masons oversee quality, strike joints, and manage corners and ties.
2. Buildroid AI (2025): A U.S.-based startup using Nvidia Omniverse digital twins and hierarchical task network planning to deploy semi-autonomous block-laying systems capable of placing concrete masonry units weighing up to 40 kg.
3. AI Takeoff Platforms (Beam AI & On-Screen Takeoff Boost, 2025-2026): Computer vision solutions that automate up to 95% of plan measuring and quantity takeoffs for masonry, stone, and concrete contractors, enabling estimators to double their bid volume.
4. McKinsey & ALICE Technologies Partnership (2026): Enterprise deployment of generative AI scheduling platforms that evaluate thousands of project execution options for concrete and capital construction projects, reducing baseline construction schedules by 20% to 40%.",Bluebeam StrXur (2018) - https://www.bluebeam.com | Engineering News-Record (2025) - https://www.enr.com/articles/59837-buildroid-robotics-startup-brings-ai-block-laying-to-us | iBeam AI (2025) | On Center Software (2025) | Construction Dive (2026),url,,low,false,2026,
concrete-masonry,leadgen_platforms,marketplace_penetration_pct,4.25,,"Trade Economy Index research synthesis: median of 4 cited research inputs: Angi Inc., Q1 2026 Shareholder Letter & Earnings Call Transcript (2026), https://ir.angi.com | Angi Inc. Investor Presentation (2026), https://www.angi.com (Note: SEC filings and investor disclosures report digital marketplace penetration across aggregate home services, covering 500+ trades including concrete & masonry, estimating platform market penetration at ~7% of total market value and 3-4% of small contractor firms). | Angi Inc. Q1 2026 Earnings Call Transcript (The Motley Fool, 2026, https://www.fool.com/earnings/call-transcripts/2026/05/06/angi-angi-q1-2026-earnings-call-transcript/) | ANGI Inc. Form 10-K (2026, https://www.sec.gov) & S&P Global Ratings (2021, https://www.spglobal.com)",url,4,low,true,2026,
concrete-masonry,leadgen_platforms,platform_take_rate_pct,10,,"Angi Inc., Q1 2026 Earnings Call Transcript (May 6, 2026), https://www.fool.com/earnings/call-transcripts/2026/05/06/angi-angi-q1-2026-earnings-call-transcript",url,5,med,false,2026,13
concrete-masonry,acquisition_mix,pct_referral,53,,Trade Economy Index research synthesis: median of 2 cited research inputs: World Metrics Construction Customer Experience Statistics (2026) | MarketingLTB Construction Marketing Statistics Survey (2026),citation-text-only,2,med,true,2026,
concrete-masonry,acquisition_mix,pct_digital,68,,MarketingLTB Construction Marketing Statistics Survey (2026),citation-text-only,1,low,false,2026,
concrete-masonry,acquisition_mix,pct_repeat,42,,MarketingLTB Construction Marketing Statistics Survey (2026),citation-text-only,1,low,false,2026,
concrete-masonry,insurance_warranty,pct_insurance_channel,18,,"CT Acquisitions, Foundation Repair Industry Valuation & M&A Benchmark Report (2026), https://ctacquisitions.com; Contractor Accelerator, Insurance Claims Repair Process Report (2025), https://contractoraccelerator.com",url,2,med,false,2026,
concrete-masonry,insurance_warranty,home_warranty_penetration_pct,20,,"Frontdoor, Inc., 2024 Annual Report on Form 10-K (2025), https://www.sec.gov",url,4,adjudicated,false,2025,
concrete-masonry,recurring_mix,recurring_revenue_pct,40,,"CRH plc, 2025 Form 10-K Annual Report (2026), https://www.crh.com",url,4,med,false,2026,
concrete-masonry,contract_terms,typical_contract_length_months,12,,"Construction Partners, Inc. (a heavy civil construction contractor) Form 10-K for the fiscal year ended September 30, 2025, https://www.sec.gov/Archives/edgar/data/1718227/000162828025053871/road-20250930.htm (contract assets and liabilities on uncompleted contracts are ""typically resolved within one year""; 78% of contract backlog expected to complete within the next 12 months)",url,1,med,false,2025,8
concrete-masonry,contract_terms,renewal_rate_pct,90,,"Concrete Pumping Holdings, Inc. Form 10-K for FY 2025 (2026), https://www.sec.gov/ix?doc=/Archives/edgar/data/0001703956/000170395626000005/cph-20251031.htm; cross-checked with National Ready Mixed Concrete Association (2024), https://www.nrmca.org/join/concrete-contractors",url,3,high,false,2026,
concrete-masonry,capital_intensity,capex_pct_of_revenue,8,,"CoreCredit Industry Economics & Underwriting Report (NAICS 238110 / 238140), 2026",citation-text-only,5,med,false,2026,
concrete-masonry,data_assets,iot_telemetry_penetration_pct,28,,"Trade Economy Index research synthesis: median of 1 cited research input: Market Growth Reports (2026), 'Concrete Equipment Market Insights' (https://www.marketgrowthreports.com); cross-checked with SNS Insider (2026), 'Telematics in Construction Equipment Market Report' (https://www.snsinsider.com)",url,2,med,true,2026,
concrete-masonry,consolidation,consolidation_activity,,"The US concrete and masonry trade is experiencing active and steady private equity roll-up and consolidation activity. Private equity sponsors and PE-backed platform companies are executing buy-and-build strategies across commercial concrete, precast concrete, masonry restoration, concrete coatings, and foundation repair services. This consolidation intensity is driven by severe industry fragmentation, generational ownership transfers among local contractors, and resilient demand for infrastructure, commercial property maintenance, and structural repair.",PE Hub (2023) - Construction Dive (2026) - https://www.constructiondive.com,url,,,false,2026,
concrete-masonry,consolidation,notable_platforms,,"Notable PE platforms and public acquirers in the sector include: (1) Groundworks (backed by KKR and Cortec Group), a major residential foundation repair and concrete lifting platform actively acquiring regional concrete contractors; (2) Suncrete, Inc. / Concrete Partners Holding (backed by SunTx Capital Partners and Haymaker Acquisition Corp. 4, NASDAQ: RMIX), a ready-mix concrete logistics and distribution platform executing a Sunbelt roll-up strategy; (3) Sage Surface Partners / DACS Asphalt & Concrete (backed by Trinity Hunt Partners), a commercial paving, concrete, and surface maintenance platform; (4) PAX Services Group (backed by New State Capital Partners), a commercial roofing and building envelope platform that acquired Culbertson Company of Virginia to expand commercial masonry and restoration capabilities; (5) ReVamp Companies (backed by Bertram Capital), a national residential concrete coatings platform; (6) AK Masonry platform (acquired by Maddix Capital), a Utah-based masonry and concrete contractor platform; and (7) The Wells Companies (acquired by KPS Capital Partners), an architectural and structural precast concrete provider operating as an industrial platform.","Cortec Group (2020) - https://www.cortecgroup.com/groundworks-announces-strategic-investment-from-kkr/; SunTx Capital Partners (2025) - Trinity Hunt Partners (2025) - PAX Services Group (2025) - PE Hub (2022, 2023, 2026) - https://www.pehub.com",url,,,false,2026,
concrete-masonry,exit_environment,buyer_demand,,"Buyer demand for US concrete and masonry contracting businesses is strong and accelerating, driven by private equity (PE) roll-up strategies and strategic acquirers seeking scale. According to Capstone Partners (2026), M&A deal volume in the subcontractor segment grew 38.6% year-over-year in 2025 to 366 transactions, with PE buyers accounting for a majority (54.3%) of overall sector transactions. TNMA M&A Advisory (2025) notes sustained buyer demand fueled by market fragmentation, federal infrastructure funding (IIJA, IRA, CHIPS Act), and data center construction. Buyers value most: (1) crew stability and skilled labor retention to offset hiring shortages, (2) commercial and general contractor (GC) relationships with predictable, recurring revenue, (3) minimal owner field-dependency with strong middle management, (4) exposure to high-growth end markets, and (5) clean, defensible financials.","Capstone Partners (2026), 'Construction M&A Expands for Third Consecutive Year in 2025', https://www.capstonepartners.com ; TNMA M&A Advisory (2025), 'Concrete & Masonry Contracting Industry Insights', https://tnma.com ; John Salony Business Advisory (2026), 'Common Challenges When Selling a Concrete Contractors Business', https://johnsalony.com",url,,,false,2026,
concrete-masonry,exit_environment,exit_trend,,"The exit trend for concrete and masonry business owners is heating up, marked by rising transaction valuations and sustained deal volume. Capstone Partners (2026) reports that construction sector M&A expanded for its third consecutive year entering 2026, underpinned by record private equity sponsor activity and add-on transactions. BizBuySell (2026) transaction data shows a surge in median sale prices for concrete businesses, up 85% in 2025 compared to 2024, with average cash flow (SDE) multiples climbing above 3.0x as larger, higher-margin companies exit.","Capstone Partners (2026), 'Construction M&A Expands for Third Consecutive Year in 2025', https://www.capstonepartners.com ; BizBuySell (2026), 'Concrete Business Transaction Trends & Valuation Benchmarks'",url,,,false,2026,
concrete-masonry,demand_drivers,installed_base_units,129430000,,"U.S. Energy Information Administration (EIA), Residential Energy Consumption Survey (RECS, 2020 / published 2023), reporting 123.53 million primary occupied housing units, https://www.eia.gov/consumption/residential/; cross-checked with EIA Commercial Buildings Energy Consumption Survey (CBECS, 2018 / published 2022), reporting 5.90 million commercial buildings, https://www.eia.gov/consumption/commercial",url,5,med,false,2023,
concrete-masonry,search_interest,yoy_search_change_pct,19,,"Trade Economy Index research synthesis: median of 2 cited research inputs: CUFinder / HubSpot Industry Data (2026) | Houzz 2026 Emerging Summer Trends Report, 2026",citation-text-only,2,low,true,2026,
concrete-masonry,cust_acquisition,typical_cac_usd,281,,"First Page Sage, 2025",citation-text-only,5,med,false,2025,
concrete-masonry,cust_acquisition,avg_review_volume,35,,"Endorsa, 2026",citation-text-only,5,low,false,2026,
concrete-masonry,cust_acquisition,complaint_categories,,"Service or Repair Issues, Sales and Advertising Issues, Customer Service Issues, Order Issues, Guarantee/Warranty Issues","Better Business Bureau (BBB), 2026, https://www.bbb.org",url,,,false,2026,
fire-life-safety,wages_detail,median_hourly_wage_usd,28.15,,"Trade Economy Index research synthesis: median of 2 cited research inputs: U.S. Bureau of Labor Statistics, Occupational Employment and Wage Statistics (OEWS), May 2023, https://www.bls.gov/oes/current/oes499021.htm | U.S. Bureau of Labor Statistics Occupational Employment and Wage Statistics (OEWS), 2023, https://www.bls.gov/oes/current/oes499021.htm",url,6,high-primary,true,2023,
fire-life-safety,wages_detail,median_annual_wage_usd,58555,,"Trade Economy Index research synthesis: median of 3 cited research inputs: U.S. Bureau of Labor Statistics, Occupational Outlook Handbook / OEWS, May 2024, https://www.bls.gov/ooh/installation-maintenance-and-repair/heating-air-conditioning-and-refrigeration-mechanics-and-installers.htm | U.S. Bureau of Labor Statistics Occupational Outlook Handbook / OEWS, https://www.bls.gov/ooh/installation-maintenance-and-repair/heating-air-conditioning-and-refrigeration-mechanics-and-installers.htm | U.S. Bureau of Labor Statistics Occupational Employment and Wage Statistics (OEWS), 2023, https://www.bls.gov/oes/current/oes499021.htm",url,6,high-primary,true,2024,
fire-life-safety,wages_detail,pct25_hourly_wage_usd,22.689999999999998,,"Trade Economy Index research synthesis: median of 2 cited research inputs: U.S. Bureau of Labor Statistics, Occupational Employment and Wage Statistics (OEWS), May 2023, https://www.bls.gov/oes/current/oes499021.htm | U.S. Bureau of Labor Statistics Occupational Employment and Wage Statistics (OEWS), 2023, https://www.bls.gov/oes/current/oes499021.htm",url,6,high-primary,true,2023,
fire-life-safety,wages_detail,pct75_hourly_wage_usd,35.08,,"Trade Economy Index research synthesis: median of 2 cited research inputs: U.S. Bureau of Labor Statistics, Occupational Employment and Wage Statistics (OEWS), May 2023, https://www.bls.gov/oes/current/oes499021.htm | U.S. Bureau of Labor Statistics Occupational Employment and Wage Statistics (OEWS), 2023, https://www.bls.gov/oes/current/oes499021.htm",url,6,high-primary,true,2023,
fire-life-safety,wages_detail,pct90_hourly_wage_usd,42.135,,"Trade Economy Index research synthesis: median of 2 cited research inputs: U.S. Bureau of Labor Statistics, Occupational Employment and Wage Statistics (OEWS), May 2023, https://www.bls.gov/oes/current/oes499021.htm | U.S. Bureau of Labor Statistics Occupational Employment and Wage Statistics (OEWS), 2023, https://www.bls.gov/oes/current/oes499021.htm",url,6,high-primary,true,2023,
fire-life-safety,wages_detail,pct10_hourly_wage_usd,18.365000000000002,,"Trade Economy Index research synthesis: median of 2 cited research inputs: U.S. Bureau of Labor Statistics, Occupational Employment and Wage Statistics (OEWS), May 2023, https://www.bls.gov/oes/current/oes499021.htm | U.S. Bureau of Labor Statistics Occupational Employment and Wage Statistics (OEWS), 2023, https://www.bls.gov/oes/current/oes499021.htm",url,6,high-primary,true,2023,
fire-life-safety,employment,us_employment,425200,,Bureau of Labor Statistics Occupational Outlook Handbook: https://www.bls.gov/ooh/installation-maintenance-and-repair/heating-air-conditioning-and-refrigeration-mechanics-and-installers.htm,url,6,high-primary,false,2024,
fire-life-safety,employment,projected_10yr_growth_pct,8,,Bureau of Labor Statistics Occupational Outlook Handbook: https://www.bls.gov/ooh/installation-maintenance-and-repair/heating-air-conditioning-and-refrigeration-mechanics-and-installers.htm,url,6,high-primary,false,,
fire-life-safety,employment,annual_openings,40100,,Bureau of Labor Statistics Occupational Outlook Handbook: https://www.bls.gov/ooh/installation-maintenance-and-repair/heating-air-conditioning-and-refrigeration-mechanics-and-installers.htm,url,6,high-primary,false,,
fire-life-safety,employment,projected_10yr_net_change,34500,,Bureau of Labor Statistics Occupational Outlook Handbook: https://www.bls.gov/ooh/installation-maintenance-and-repair/heating-air-conditioning-and-refrigeration-mechanics-and-installers.htm,url,6,high-primary,false,,
fire-life-safety,labor_shortage,unfilled_openings,292000,,"U.S. Bureau of Labor Statistics, Job Openings and Labor Turnover Survey (JOLTS, 2025), https://www.bls.gov/jlt",url,5,med,false,2026,
fire-life-safety,labor_shortage,vacancy_rate_pct,3.4,,"U.S. Bureau of Labor Statistics, Job Openings and Labor Turnover Survey (JOLTS, 2025), https://www.bls.gov/jlt",url,4,low,false,2025,
fire-life-safety,workforce_aging,median_worker_age,38.1,,"U.S. Bureau of Labor Statistics, Current Population Survey, Household Data Annual Averages, Table 11b: Employed people by detailed occupation and age (https://www.bls.gov/cps/cpsaat11b.htm)",url,5,high-primary,false,2025,
fire-life-safety,workforce_aging,pct_over_55,7.67,,"U.S. Bureau of Labor Statistics, Current Population Survey, Household Data Annual Averages, Table 11b: Employed people by detailed occupation and age (https://www.bls.gov/cps/cpsaat11b.htm)",url,5,high-primary,false,,
fire-life-safety,training_pipeline,apprenticeship_enrollment,17595,,"USAFacts / U.S. Department of Labor Registered Apprenticeship Data, 2024, https://usafacts.org/articles/how-many-people-work-in-the-trades",url,6,med,false,2021,
fire-life-safety,training_pipeline,annual_completions,613,,"National Center for Education Statistics (NCES) IPEDS via DataUSA, Pipefitter & Sprinkler Fitter (CIP 46.0502) 2024 Completions, https://datausa.io/profile/cip/pipefitter-sprinkler-fitter",url,5,med,false,2024,
fire-life-safety,immigration_reliance,pct_foreign_born,3,,"U.S. Census Bureau American Community Survey (ACS) via Federal Reserve Bank of Kansas City, 2021",citation-text-only,3,med,false,2021,
fire-life-safety,unionization,union_membership_pct,24.8,,"Unionstats.com (CPS Data by Hirsch and Macpherson), 2022, https://unionstats.com",url,3,med,false,2022,
fire-life-safety,licensing,states_requiring_license,32,,"PlainHireCheck, Fire Protection License Requirements Directory (https://plainhirecheck.com); cross-checked with ContractorLicenseRequirements.com, Fire Sprinkler Contractor License Requirements by State (2026)",url,5,med,false,2026,
fire-life-safety,firm_counts,num_establishments,191443,,"U.S. Census Bureau, Statistics of U.S. Businesses (SUSB), https://www.census.gov/programs-surveys/susb.html",url,6,high-primary,false,2022,
fire-life-safety,firm_counts,num_firms,186615,,"U.S. Census Bureau, Statistics of U.S. Businesses (SUSB), https://www.census.gov/programs-surveys/susb.html",url,6,high-primary,false,,
fire-life-safety,firm_counts,avg_employees_per_firm,11.41,,"U.S. Census Bureau, Statistics of U.S. Businesses (SUSB), https://www.census.gov/programs-surveys/susb.html",url,6,high-primary,false,,
fire-life-safety,fragmentation,top50_firm_share_pct,49.7,,"CT Acquisitions analysis of U.S. Census Bureau Statistics of U.S. Businesses (SUSB) data for NAICS 561621 (Security Systems Services), 'The Industry Fragmentation League Table 2026' (2026), https://ctacquisitions.com/industry-fragmentation-league-table-2026",url,3,adjudicated,false,2026,
fire-life-safety,formation_rate,annual_new_firm_formation,19076,,"U.S. Census Bureau, Business Dynamics Statistics (BDS), https://www.census.gov/programs-surveys/bds.html",url,3,low,false,2023,
fire-life-safety,formation_rate,annual_closure_rate_pct,8.7,,"Trade Economy Index research synthesis: median of 1 cited research input: U.S. Census Bureau, Business Dynamics Statistics (BDS) - Sector 23 Construction, https://www.census.gov/programs-surveys/bds.html",url,4,low,true,,
fire-life-safety,formation_rate,survival_5yr_pct,49.2,,"U.S. Small Business Administration Office of Advocacy, Frequently Asked Questions About Small Business (July 2024)",citation-text-only,4,med,false,2024,
fire-life-safety,margins,gross_margin_pct,31,,"APi Group Corporation Form 10-K (2024), https://www.sec.gov/edgar/searchedgar/companysearch",url,5,high-primary,false,2024,4
fire-life-safety,margins,operating_margin_pct,6.9,,"APi Group Corporation Form 10-K (2024), https://www.sec.gov/edgar/searchedgar/companysearch",url,5,high-primary,false,2024,4
fire-life-safety,margins,net_margin_pct,3.6,,"APi Group Corporation Form 10-K (2024), https://www.sec.gov/edgar/searchedgar/companysearch",url,5,high-primary,false,2024,
fire-life-safety,cost_structure,labor_pct_of_revenue,41,,Construction Financial Management Association (CFMA) 2024 Construction Financial Benchmarker (Specialty Trade Contractors - Direct & Subcontractor Labor Ratio),citation-text-only,2,adjudicated,false,2024,
fire-life-safety,cost_structure,materials_pct_of_revenue,18.2,,Construction Financial Management Association (CFMA) 2024 Construction Financial Benchmarker (Specialty Trade Contractors - Direct Materials Ratio),citation-text-only,2,adjudicated,false,2024,
fire-life-safety,cost_structure,sga_overhead_pct,24.14,,"APi Group Corporation Form 10-K for the Fiscal Year Ended December 31, 2024, https://www.sec.gov/ix?doc=/Archives/edgar/data/1792044/000179204425000008/apg-20241231.htm",url,5,high-primary,false,2024,
fire-life-safety,productivity,revenue_per_employee_usd,320661,,"Construction Financial Management Association (CFMA) 2025 Construction Financial Benchmarker, 2024, https://cfma.org",url,5,med,false,2025,
fire-life-safety,productivity,billable_utilization_pct,74.45,,"Trade Economy Index research synthesis: median of 2 cited research inputs: SPI Research 2025 Professional Services Maturity Benchmark, 2025, https://spiresearch.com | Technology & Services Industry Association (TSIA) Field Service Benchmark Study (2025), https://www.tsia.com",url,2,low,true,2025,
fire-life-safety,cash_cycle_detail,dso_days,71.35,,"APi Group Corporation 2023 Form 10-K (SEC Filing, published February 28, 2024, https://www.sec.gov/edgar/browse/?CIK=0001732029); cross-checked with CFMA Construction Financial Benchmarker (https://cfma.org)",url,5,med,false,2024,
fire-life-safety,cash_cycle_detail,dpo_days,35,,"APi Group Corporation Form 10-K (2025) via LevelCFO Construction Working Capital Analysis, https://levelcfo.com",url,5,med,false,2025,
fire-life-safety,cash_cycle_detail,cash_conversion_cycle_days,45,,"APi Group Corporation Form 8-K / Earnings Update (2025) via Stockonomy, https://stockonomy.net",url,5,high,false,2025,4
fire-life-safety,bad_debt,bad_debt_write_off_pct,0.12,,"EMCOR Group, Inc., Form 10-K Annual Report for Fiscal Year Ended December 31, 2024, https://www.sec.gov/ix?doc=/Archives/edgar/data/105608/000105608225000008/eme-20241231.htm",url,5,med,false,2024,7
fire-life-safety,bad_debt,collection_rate_pct,85.1,,"Level CFO Specialty Trade Contractor Benchmarks (2025/2026), https://www.levelcfo.com/benchmarks/general-contractor",url,3,high,false,2026,23
fire-life-safety,ai_task_breakdown,pct_physical_onsite_work,52,,"aiexposure.org (2024), 'Security and Fire Alarm Systems Installers (SOC 49-2098.00) Task Automation Breakdown', based on U.S. Department of Labor O*NET task analysis, https://aiexposure.org",url,5,med,false,2024,
fire-life-safety,ai_task_breakdown,pct_cognitive_backoffice_work,33,,"McKinsey Global Institute (2017), 'A Future That Works: Automation, Employment, and Productivity', URL: https://www.mckinsey.com/featured-insights/digital-disruption/harnessing-automation-for-a-future-that-works",url,5,med,false,2017,
fire-life-safety,ai_task_breakdown,ai_resistant_work,,"Physical and on-site tasks in the Fire & Life Safety trade remain highly resistant to AI automation due to physical labor requirements, real-world site variability, and strict regulatory standards. Key AI-resistant areas include: (1) Physical Installation & Mechanical Assembly: Threading and hanging sprinkler piping, pulling fire alarm wiring, mounting control panels, placing heat/smoke detectors, and installing backflow preventers or fire pumps. (2) Hands-on Testing & Maintenance: Performing physical NFPA-mandated testing, such as main drain tests, dry pipe valve trip tests, fire pump churn tests, smoke detector direct physical testing, and visual inspections for corrosion, hanger integrity, or head clearance. (3) On-Site Troubleshooting: Diagnosing mechanical failures, electrical short circuits in complex building wiring, and adjusting to unexpected structural jobsite conditions during retrofits. (4) Regulatory Liability & Professional Licensing: Authorities Having Jurisdiction (AHJs) and state licensing authorities require certified human professionals (e.g., NICET-certified technicians and licensed Professional Engineers) to visually verify compliance and assume legal liability for life safety systems.","National Fire Protection Association (NFPA), 2024, https://www.nfpa.org | FireCodes AI, 2026, https://firecodes.ai | Kauffman Co., 2026, https://www.kauffmanco.net",url,,low,false,2026,
fire-life-safety,ai_task_breakdown,automatable_work,,"Back-office operations, coordination, system design, and scheduling in the Fire & Life Safety trade are undergoing rapid automation. Highly automatable tasks include: (1) Dispatch & Intelligent Scheduling: AI-driven route optimization and technician assignment based on skills, geography, NFPA certifications, and real-time availability. (2) Inspection Reporting & Deficiency Tracking: Automated parsing of field technician notes, automatic identification of NFPA compliance gaps, instant drafting of deficiency quotes, and automated customer follow-ups. (3) Estimating & Bidding: Instant quote generation for standard inspections, routine maintenance, and installations using building parameters, historical rate structures, and material cost models. (4) System Design & CAD/BIM Optimization: AI software that automates sprinkler head and alarm device layouts according to building geometry and ceiling height, and runs rapid fire/smoke computational fluid dynamics (CFD) modeling. (5) Code Research & Administrative Workflow: Natural language AI assistants trained on NFPA standards (e.g., NFPA 13, NFPA 25, NFPA 72) to answer code questions and streamline administrative reviews.","National Fire Protection Association (NFPA), 2024, https://www.nfpa.org | FireCodes AI, 2026, https://firecodes.ai | Kauffman Co., 2026, https://www.kauffmanco.net",url,,low,false,2026,
fire-life-safety,fsm_software,fsm_adoption_pct,56,,"ACCA Contractor of the Future Study (2025), as reported in PHCPPros (2026), 'Contractors Share Insights on Equipment, Software and Pricing Strategies', https://www.phcppros.com/articles/18128-contractors-share-insights-on-equipment-software-and-pricing-strategies; cross-checked with ACCA (2026), https://www.acca.org",url,4,med,false,2026,
fire-life-safety,fsm_software,dominant_fsm_software,,"ServiceTrade, Inspect Point, BuildingReports, Uptick, ServiceTitan","ServiceTrade (2026 Fire Protection & Life Safety Software Guide, 2026, https://servicetrade.com/knowledge-base/fire-protection-software-comparison/) (vendor-published industry report; software-adoption evidence, not independent benchmark research)",url,,,false,2026,
fire-life-safety,accounting_tech,common_accounting_software,,"The primary accounting and ERP systems utilized by US construction and specialty trade contractors (including Fire & Life Safety contractors) are Sage (Sage 100 Contractor and Sage 300 CRE), Trimble Viewpoint (Vista and Spectrum), QuickBooks, Plexxis (PM | Accounting), Foundation Software, CMiC, and ComputerEase. According to contractor technology market share data, Sage leads industry adoption at 21.3%, followed by Viewpoint at 19.8%, Plexxis PM | Accounting at 14.2%, QuickBooks at 5.2%, Foundation Software at 4.9%, and CMiC at 4.7%.",JBKnowledge 2021 Construction Technology Report (2021),citation-text-only,,,false,2021,
fire-life-safety,leadgen_platforms,marketplace_penetration_pct,1.5,,"Angi Inc., Q1 2026 Earnings Release & Transcript (2026), https://ir.angi.com; S&P Global Ratings, Angi Inc. Credit Analysis (2021)",url,5,med,false,2026,11
fire-life-safety,leadgen_platforms,platform_take_rate_pct,10,,"Angi Inc., Q1 2026 Earnings Release & Transcript (2026), https://ir.angi.com",url,5,high,false,2026,13
fire-life-safety,acquisition_mix,pct_referral,65,,Construction Management Association of America (CMAA) Research / Construction Owners (2025) https://constructionowners.com,url,2,low,false,2025,
fire-life-safety,acquisition_mix,pct_digital,52,,CUFinder Fire Protection Marketing Benchmarks (2026) https://cufinder.io,url,4,med,false,2026,
fire-life-safety,acquisition_mix,pct_marketplace,28,,"Home Services Marketing Report (2025), https://rudys.ai; cross-checked with Roofing Contractor Magazine State of the Industry Survey (2025), https://www.roofingcontractor.com (34% home services websites/marketplaces usage)",url,4,med,false,2025,4
fire-life-safety,acquisition_mix,pct_repeat,92,,"CUFinder Fire Protection Industry Marketing Benchmarks, 2026, https://cufinder.io",url,1,low,false,2026,
fire-life-safety,insurance_warranty,pct_insurance_channel,89,,"Restoration Industry Association (RIA), 2024, https://www.restorationindustry.org",url,3,adjudicated,false,2024,
fire-life-safety,insurance_warranty,home_warranty_penetration_pct,6,,"Frontdoor, Inc. Form 10-K Annual Report (2025), SEC, https://www.sec.gov/ix?doc=/Archives/edgar/data/0001739445/000173944525000008/ftdr-20241231.htm",url,5,med,false,2025,6
fire-life-safety,recurring_mix,recurring_revenue_pct,54,,APi Group Corporation Q4 and Full Year 2025 Earnings Release / SEC Form 8-K (2026),citation-text-only,5,med,false,2026,
fire-life-safety,recurring_mix,service_agreement_attach_pct,64,,"Trade Economy Index research synthesis: median of 2 cited research inputs: Carrier Global Corporation Services Overview & Financial Report (2025), https://www.carrier.com | CT Acquisitions Fire Protection Business Valuation & M&A Report (2026), https://www.ctacquisitions.com",url,2,low,true,2026,
fire-life-safety,contract_terms,typical_contract_length_months,36,,"ADT Inc. Form 10-K, 2025, https://www.sec.gov",url,5,med,false,2025,
fire-life-safety,contract_terms,renewal_rate_pct,90,,"Columbia Business School (APi Group 10-K Analysis), 2023, https://www.columbia.edu",url,5,high,false,2023,
fire-life-safety,cross_sell,upsell_attach_pct,300,,"APi Group Corporation Investor Presentation / CT Acquisitions Fire & Life Safety Market Analysis (2025/2026), https://www.ctacquisitions.com",url,1,low,false,2026,
fire-life-safety,capital_intensity,capex_pct_of_revenue,1.5,,"APi Group Corporation Form 10-K, 2025, https://www.sec.gov/ix?doc=/Archives/edgar/data/1792044/000179204425000008/apg-20241231.htm",url,6,high-primary,false,2025,
fire-life-safety,data_assets,iot_telemetry_penetration_pct,41.08,,"Mordor Intelligence, 2026, https://www.mordorintelligence.com/industry-reports/fire-alarm-systems-market",url,5,med,false,2026,
fire-life-safety,consolidation,consolidation_activity,,"The US Fire & Life Safety trade is experiencing highly aggressive private equity roll-up and consolidation activity. According to Capstone Partners (2026), deal activity in the Fire & Life Safety segment surged 66.7% year-over-year in 2025 to 125 transactions, with PE platform transactions alone rising 33.3% year-over-year to 20 deals. As reported by PE Hub (2025), private equity buyers are aggressively pursuing buy-and-build consolidation strategies in this sector due to extreme geographical fragmentation, non-discretionary demand driven by mandatory regulatory codes (such as NFPA inspection standards), and stable, high-margin recurring revenue.","Capstone Partners - Security Solutions M&A Update (2026, https://www.capstonepartners.com) and PE Hub (2025, https://www.pehub.com)",url,,,false,2026,
fire-life-safety,consolidation,notable_platforms,,"Major active acquirers and PE platforms in the US Fire & Life Safety space include: (1) Pye-Barker Fire & Safety, backed by Leonard Green & Partners and Altas Partners (with minority backing from ADIA and GIC); (2) APi Group Corporation (NYSE: APG), a major publicly traded strategic acquirer; (3) Summit Companies / SFP Holding, backed by BDT & MSD Partners and BlackRock Long Term Private Capital; (4) Sciens Building Solutions, backed by Carlyle; (5) Bluejack Fire & Life Safety, launched as a multi-regional platform by Agellus Capital in 2025; and (6) Pavion, backed by Wind Point Partners.","PE Hub (2025, https://www.pehub.com) and Capstone Partners - Security Solutions M&A Update (2026, https://www.capstonepartners.com)",url,,,false,2026,
fire-life-safety,multiples,typical_ebitda_multiple_low,3,,"CT Acquisitions (2026), https://www.ctacquisitions.com",url,5,med,false,2026,4
fire-life-safety,multiples,typical_ebitda_multiple_high,20,,"CT Acquisitions, Private Equity Fire & Life Safety: The 2026 Consolidation Report, Named Platforms, and Multiples (2026)",citation-text-only,5,med,false,2026,
fire-life-safety,exit_environment,buyer_demand,,"Buyer demand for U.S. Fire & Life Safety companies is exceptionally strong and aggressive among private equity platforms, PE-backed strategics, family offices, and search funds pursuing buy-and-build roll-up strategies. Acquirers value companies most for their code-mandated recurring inspection, testing, and maintenance (ITM) revenue (with material valuation premiums awarded to businesses with a 40%-70%+ service revenue mix), low customer attrition rates (<5%), strong route density, multi-year auto-renewing contracts, and adoption of modern compliance software platforms.","Capstone Partners, Security Solutions M&A Update (2026); Meridian Capital, Fire & Life Safety Market Update (2025); Lincoln International, Fire & Life Safety Industry Perspective (2024-2025)",citation-text-only,,,false,2026,
fire-life-safety,exit_environment,exit_trend,,"The exit trend is heating up significantly. M&A deal activity in the Fire & Life Safety segment jumped 66.7% year-over-year in 2025 to 125 transactions (averaging roughly 50 deals per quarter), with private equity platform acquisitions increasing 33.3% YOY and private strategic acquisitions expanding 36.1% YOY. Consolidation momentum is expected to further accelerate into 2026 as newly created PE platform companies actively pursue add-on acquisitions.","Capstone Partners, Security Solutions M&A Update (2026); CLA Meridian Capital, Fire & Life Safety M&A Market Update (2025)",citation-text-only,,,false,2026,
fire-life-safety,demand_drivers,installed_base_units,5900000,,"U.S. Energy Information Administration (EIA), Commercial Buildings Energy Consumption Survey (CBECS) 2018 Final Data Release, 2022/2024, https://www.eia.gov/consumption/commercial",url,6,high-primary,false,2024,15
fire-life-safety,cust_acquisition,typical_cac_usd,130,,"CUFinder, 2026 Fire Protection Marketing Benchmarks (https://cufinder.io); cross-checked with Focus Digital, 2025 Commercial Fire Protection Campaign Analysis (https://focus-digital.co)",url,5,med,false,2026,
fire-life-safety,cust_acquisition,avg_review_volume,39,,"BrightLocal, 2026",citation-text-only,5,med,false,2026,6
fire-life-safety,cust_acquisition,complaint_categories,,"Service or Repair Issues, Product Issues, Billing Issues, Customer Service Issues","Better Business Bureau, 2026, https://www.bbb.org",url,,,false,2026,
low-voltage-security,wages_detail,median_hourly_wage_usd,29.98,,"U.S. Bureau of Labor Statistics, Occupational Employment and Wage Statistics (OEWS), May 2024, https://www.bls.gov/oes/current/oes472111.htm",url,6,high-primary,false,2024,
low-voltage-security,wages_detail,median_annual_wage_usd,62350,,"U.S. Bureau of Labor Statistics, Occupational Employment and Wage Statistics (OEWS) / Occupational Outlook Handbook (OOH), May 2024, https://www.bls.gov/ooh/construction-and-extraction/electricians.htm",url,6,high-primary,false,2024,
low-voltage-security,wages_detail,pct25_hourly_wage_usd,23.47,,"U.S. Bureau of Labor Statistics, Occupational Employment and Wage Statistics (OEWS), May 2024, https://www.bls.gov/oes/current/oes472111.htm",url,6,high,false,2024,
low-voltage-security,wages_detail,pct75_hourly_wage_usd,39.29,,"U.S. Bureau of Labor Statistics, Occupational Employment and Wage Statistics (OEWS), May 2024, https://www.bls.gov/oes/current/oes472111.htm",url,6,high,false,2024,
low-voltage-security,wages_detail,pct90_hourly_wage_usd,50.98,,"U.S. Bureau of Labor Statistics, Occupational Employment and Wage Statistics (OEWS), May 2024, https://www.bls.gov/oes/current/oes472111.htm",url,6,high,false,2024,
low-voltage-security,wages_detail,pct10_hourly_wage_usd,18.96,,"U.S. Bureau of Labor Statistics, Occupational Employment and Wage Statistics (OEWS), May 2024, https://www.bls.gov/oes/current/oes472111.htm",url,6,high,false,2024,
low-voltage-security,employment,us_employment,818700,,"U.S. Bureau of Labor Statistics, Occupational Outlook Handbook (https://www.bls.gov/ooh/construction-and-extraction/electricians.htm)",url,6,high-primary,false,2024,
low-voltage-security,employment,projected_10yr_growth_pct,9.5,,"U.S. Bureau of Labor Statistics, Occupational Outlook Handbook (https://www.bls.gov/ooh/construction-and-extraction/electricians.htm)",url,6,high-primary,false,,
low-voltage-security,employment,annual_openings,81000,,"U.S. Bureau of Labor Statistics, Occupational Outlook Handbook (https://www.bls.gov/ooh/construction-and-extraction/electricians.htm)",url,6,high-primary,false,,
low-voltage-security,employment,projected_10yr_net_change,77400,,"U.S. Bureau of Labor Statistics, Occupational Outlook Handbook (https://www.bls.gov/ooh/construction-and-extraction/electricians.htm)",url,6,high-primary,false,,
low-voltage-security,labor_shortage,unfilled_openings,292000,,U.S. Bureau of Labor Statistics (BLS) JOLTS via Associated Builders and Contractors (2026),citation-text-only,5,med,false,2026,
low-voltage-security,labor_shortage,vacancy_rate_pct,3.5,,"U.S. Bureau of Labor Statistics (BLS), Job Openings and Labor Turnover Survey (JOLTS), 2026, https://www.bls.gov/news.release/jolts.t01.htm",url,4,med,false,2026,7
low-voltage-security,workforce_aging,median_worker_age,39.1,,"U.S. Bureau of Labor Statistics, Current Population Survey (CPS), Table 11b: Employed persons by detailed occupation and age (Security and fire alarm systems installers), https://www.bls.gov/cps/cpsaat11b.htm",url,6,high-primary,false,2024,
low-voltage-security,workforce_aging,pct_over_55,15.5,,"U.S. Bureau of Labor Statistics, Current Population Survey (CPS), Table 11b: Employed persons by detailed occupation and age (Security and fire alarm systems installers; 9,000 workers aged 55+ out of 58,000 total), https://www.bls.gov/cps/cpsaat11b.htm",url,6,high-primary,false,,
low-voltage-security,training_pipeline,apprenticeship_enrollment,4088,,"U.S. Department of Labor, Employment and Training Administration, 'Registered Apprenticeship National Results Fiscal Year 2021', 2021, https://www.dol.gov/agencies/eta/apprenticeship/about/statistics/2021",url,3,med,false,2021,
low-voltage-security,training_pipeline,annual_completions,1794,,"U.S. Department of Labor, Employment and Training Administration (ETA), Registered Apprenticeship Partners Information Database System (RAPIDS), 'FY 2020 Registered Apprenticeship National Results' (Telecommunications Technician Completers/Graduates), 2021, https://www.dol.gov/agencies/eta/apprenticeship/about/statistics/2020",url,2,adjudicated,false,2021,
low-voltage-security,immigration_reliance,pct_foreign_born,32.5,,"National Association of Home Builders (NAHB) analysis of U.S. Census Bureau American Community Survey (ACS) Public Use Microdata Sample (PUMS) data for construction trades overall (32.5%), cross-checked against detailed ACS occupation breakdowns for specialized electrical, security, and telecommunications installers (12.0% - 16.0%). NAHB source: ; U.S. Census Bureau ACS source: https://www.census.gov/programs-surveys/acs",url,5,med,false,2024,
low-voltage-security,unionization,union_membership_pct,8.6,,Union Membership and Coverage Database from the CPS (unionstats.com),citation-text-only,5,high,false,,
low-voltage-security,licensing,states_requiring_license,48,,ContractorLicenseRequirements.com (https://contractorlicenserequirements.com),url,3,high,false,2026,
low-voltage-security,market_size,market_size_usd,41200000000,,"IBISWorld, Security System Services in the US, 2026, https://www.ibisworld.com/united-states/market-research-reports/security-system-services-industry",url,3,high,false,2026,
low-voltage-security,market_size,cagr_pct,3.2,,"IBISWorld, Security System Services in the US, 2026, https://www.ibisworld.com/united-states/market-research-reports/security-system-services-industry",url,3,med,false,2026,
low-voltage-security,market_size,cagr_forecast_window,,2021-2026,"IBISWorld, Security System Services in the US, 2026, https://www.ibisworld.com/united-states/market-research-reports/security-system-services-industry",url,,,false,2026,
low-voltage-security,firm_counts,num_establishments,81842,,"U.S. Census Bureau, Statistics of U.S. Businesses (SUSB) (https://www.census.gov/programs-surveys/susb.html)",url,6,high-primary,false,2022,
low-voltage-security,firm_counts,num_firms,79611,,"U.S. Census Bureau, Statistics of U.S. Businesses (SUSB) (https://www.census.gov/programs-surveys/susb.html)",url,6,high-primary,false,,
low-voltage-security,firm_counts,avg_employees_per_firm,11.96,,"U.S. Census Bureau, Statistics of U.S. Businesses (SUSB) (https://www.census.gov/programs-surveys/susb.html)",url,6,high-primary,false,,
low-voltage-security,firm_size_dist,pct_firms_under_1m,77.58,,"U.S. Census Bureau, 2007 Economic Census, Establishment and Firm Size: Receipts/Revenue Size of Firms for the United States (EC0723SSSZ4), https://www.census.gov/programs-surveys/economic-census.html",url,3,high-primary,false,2007,
low-voltage-security,firm_size_dist,pct_firms_1m_5m,18.28,,"U.S. Census Bureau, 2007 Economic Census, Establishment and Firm Size: Receipts/Revenue Size of Firms for the United States (EC0723SSSZ4), https://www.census.gov/programs-surveys/economic-census.html",url,3,low,false,2007,
low-voltage-security,firm_size_dist,pct_firms_5m_20m,5.52,,"U.S. Census Bureau, 2022 Statistics of U.S. Businesses, https://www.census.gov/data/tables/2022/econ/susb/2022-susb-annual.html",url,2,adjudicated,false,2022,
low-voltage-security,firm_size_dist,pct_firms_over_20m,1.49,,"U.S. Census Bureau, Statistics of U.S. Businesses (SUSB), Data by Enterprise Receipts Size, https://www2.census.gov/programs-surveys/susb/tables/2017/us_6digitnaics_rcptsize_2017.xlsx",url,2,adjudicated,false,,
low-voltage-security,firm_size_dist,pct_nonemployer,68.505,,"Trade Economy Index research synthesis: median of 1 cited research input: U.S. Census Bureau, Nonemployer Statistics (NES) / CPWR Construction Chart Book 7th Edition, https://www.census.gov/programs-surveys/nonemployer-statistics.html",url,2,high-primary,true,,
low-voltage-security,fragmentation,top50_firm_share_pct,58,,"Vertical IQ, 'Security System Services (NAICS 561621) Industry Profile' (2026), https://verticaliq.com/industry/security-system-services-naics-561621",url,4,med,false,2026,
low-voltage-security,formation_rate,annual_new_firm_formation,45344.75,,"Trade Economy Index research synthesis: median of 1 cited research input: U.S. Census Bureau, Business Formation Statistics (BFS), Business Applications by Industry (Construction, NAICS 23), https://www.census.gov/econ/bfs/index.html",url,4,low,true,2023,
low-voltage-security,formation_rate,annual_closure_rate_pct,8.395,,"Trade Economy Index research synthesis: median of 1 cited research input: U.S. Census Bureau, Business Dynamics Statistics (BDS), Establishment Exit Rate (Construction Sector, NAICS 23), https://www.census.gov/programs-surveys/bds.html",url,4,low,true,,
low-voltage-security,formation_rate,survival_5yr_pct,53.9,,"U.S. Bureau of Labor Statistics, Business Employment Dynamics (BED) - https://www.bls.gov/bdm",url,4,low,false,,
low-voltage-security,margins,gross_margin_pct,22.4,,"CFMA 2025 Construction Financial Benchmarker (Specialty Trade Contractors), 2024",citation-text-only,3,med,false,2025,9
low-voltage-security,margins,operating_margin_pct,7.1,,"CFMA 2025 Construction Financial Benchmarker (EBIT Margin), 2024",citation-text-only,3,high,false,2025,14
low-voltage-security,cost_structure,labor_pct_of_revenue,28.6,,"IBISWorld Security System Services in the US Industry Report, 2016, https://www.ibisworld.com/united-states/market-research-reports/security-system-services-industry",url,3,high,false,2016,
low-voltage-security,cost_structure,materials_pct_of_revenue,34.6,,"IBISWorld Security System Services in the US Industry Report, 2016, https://www.ibisworld.com/united-states/market-research-reports/security-system-services-industry",url,3,med,false,2016,
low-voltage-security,cost_structure,sga_overhead_pct,10.1,,"EMCOR Group, Inc. 2025 Form 10-K, 2026, https://www.emcorgroup.com",url,3,med,false,2026,
low-voltage-security,productivity,revenue_per_employee_usd,256000,,"IBISWorld, Industry Report 238210: Electrical Contractors and Other Wiring Installation Contractors in the US (2025), https://www.ibisworld.com/united-states/market-research-reports",url,5,med,false,2025,
low-voltage-security,productivity,billable_utilization_pct,60,,"D-Tools, True Cost of a Truck Roll: Labor Utilization Benchmarks for Integration Firms (2025)",citation-text-only,3,med,false,2025,
low-voltage-security,cash_cycle_detail,dso_days,56.6,,"CFMA 2024 Construction Financial Benchmarker (Specialty Trade Contractors), Construction Financial Management Association (2024), https://www.cfma.org/benchmarker",url,5,med,false,2024,11
low-voltage-security,cash_cycle_detail,dpo_days,33,,"CFMA Construction Financial Benchmarker (Specialty Trade Contractors), https://www.cfma.org",url,5,high,false,,8
low-voltage-security,cash_cycle_detail,cash_conversion_cycle_days,45,,"APi Group Corporation Form 10-K / Financial Disclosures, SEC EDGAR, 2024, https://www.sec.gov/edgar/browse/?CIK=0001783820",url,3,med,false,2024,4
low-voltage-security,retainage_liens,typical_retainage_pct,10,,"Construction Financial Management Association (CFMA), 2026, https://www.cfma.org",url,1,med,false,2026,11
low-voltage-security,retainage_liens,payment_dispute_pct,68,,"Construction Financial Management Association (CFMA), 2023, https://www.cfma.org",url,1,med,false,2023,
low-voltage-security,bad_debt,bad_debt_write_off_pct,3.76,,"ADT Inc. 2024 Form 10-K (filed Feb 27, 2025; URL: https://www.sec.gov/ix?doc=/Archives/edgar/data/0001703056/000170305625000008/adt-20241231.htm) reports a provision for credit losses of $187.361M on $4,981.878M total revenue (3.76%). Cross-checked against EMCOR Group, Inc. 2024 Form 10-K (filed Feb 20, 2025; URL: https://www.sec.gov/ix?doc=/Archives/edgar/data/0000105663/000010566325000009/eme-20241231.htm), which reports a provision for credit losses of $17.303M on $14,380M total revenue (0.12%).",url,6,adjudicated,false,2025,
low-voltage-security,bad_debt,collection_rate_pct,85.1,,"Level CFO, State of Contractor Finance 2026, https://levelcfo.com/benchmarks/collection-gap",url,6,med,false,2026,23
low-voltage-security,ai_task_breakdown,pct_physical_onsite_work,80.8,,"U.S. Bureau of Labor Statistics, Occupational Requirements Survey (2025), https://www.bls.gov/ors",url,3,adjudicated,false,2025,
low-voltage-security,ai_task_breakdown,ai_resistant_work,,"Physical, on-site manual tasks in the low-voltage and physical security trade remain highly resistant to AI automation due to physical labor demands, dynamic field environments, and specialized hand tool work. Core AI-resistant tasks include: (1) Physical installation and routing of structured cabling, fiber optics, conduit, cable trays, J-hooks, drop-ceiling runs, and tight plenum pathways; (2) Mechanical mounting and wiring of physical hardware, including IP security cameras, access control door strikes, magnetic locks, card readers, fire alarm panels/strobes, and AV racks; (3) On-site hardware troubleshooting, wire tracing, physical circuit testing, OTDR fiber testing, and manual camera lens aiming/focusing; and (4) Code compliance and hands-on craftsmanship mandated by local building codes (NEC, NFPA 70/72/731) that require certified, physical human labor.","Drawer AI, 'AI for Electrical Takeoff and Estimating', 2026, https://drawer.ai | Exayard, 'AI-Powered Low-Voltage & AV Takeoff Software', 2026, https://exayard.com | EstiMatrx.ai, 'Low Voltage Estimating Software for Drawing Review', 2026, https://estimatrx.ai | Panel AI, 'Intelligent Workflows Built for Low Voltage & Security Contractors', 2026, https://panelai.app | ELECTRICAL CONTRACTOR Magazine / Revco, 'Harnessing AI to Empower Electrical Contractors', 2026, https://www.ecmag.com | Deloitte / Drawer AI, 'State of Digital Adoption in the Construction Industry', 2025, https://drawer.ai | Security Industry Association (SIA), 'AI in Physical Security & Security Systems Technician Apprenticeship', 2025, https://www.securityindustry.org | Security 101 / Kenton Brothers Systems, 'AI in Physical Security: Real-World Impact and Integration Strategy', 2025, https://www.security101.com",url,,low,false,2026,
low-voltage-security,ai_task_breakdown,automatable_work,,"Back-office administration, pre-construction workflows, estimating, and service coordination are the most automatable tasks in the trade. Core automatable tasks include: (1) Estimating and Drawing Takeoffs: AI software automatically parses PDF blueprints to detect and tally device symbols (cameras, WAPs, card readers), calculate linear horizontal cable run lengths, extract panel schedules, calculate wire sizing, and assess voltage drop; (2) Scheduling and Field Dispatch: AI routing tools automate technician job scheduling, field route optimization, and crew resource allocation; (3) Administrative and Financial Workflows: Automated expense capture and categorization from emails/invoices, progress-based invoicing, automatic RFI generation, and contract review; and (4) Inbound Communications: AI-driven call-handling and lead capture systems to manage after-hours service requests and prevent missed customer calls.","Drawer AI, 'AI for Electrical Takeoff and Estimating', 2026, https://drawer.ai | Exayard, 'AI-Powered Low-Voltage & AV Takeoff Software', 2026, https://exayard.com | EstiMatrx.ai, 'Low Voltage Estimating Software for Drawing Review', 2026, https://estimatrx.ai | Panel AI, 'Intelligent Workflows Built for Low Voltage & Security Contractors', 2026, https://panelai.app | ELECTRICAL CONTRACTOR Magazine / Revco, 'Harnessing AI to Empower Electrical Contractors', 2026, https://www.ecmag.com | Deloitte / Drawer AI, 'State of Digital Adoption in the Construction Industry', 2025, https://drawer.ai | Security Industry Association (SIA), 'AI in Physical Security & Security Systems Technician Apprenticeship', 2025, https://www.securityindustry.org | Security 101 / Kenton Brothers Systems, 'AI in Physical Security: Real-World Impact and Integration Strategy', 2025, https://www.security101.com",url,,low,false,2026,
low-voltage-security,fsm_software,fsm_adoption_pct,67,,"Trade Economy Index research synthesis: median of 1 cited research input: Business Research Insights, 2026, https://www.businessresearchinsights.com",url,1,med,true,2026,
low-voltage-security,fsm_software,dominant_fsm_software,,"ServiceTitan, Jobber, Service Fusion, Bold Group (Managely), SedonaOffice, UpKeep","Contractor Software Hub, 2026, https://contractorsoftwarehub.com",url,,,false,2026,
low-voltage-security,accounting_tech,common_accounting_software,,"In the low-voltage, security, and specialty trade contracting trade, the most common accounting and ERP systems include Sage (Sage 100 Contractor, Sage 300 CRE, Sage Intacct), Viewpoint (Trimble), Intuit QuickBooks, Foundation Software, and trade-specific platforms like SedonaOffice / Managely (Bold Group). According to contractor surveys, Sage leads accounting software adoption at 21.3% of firms, followed by Viewpoint at 19.8%, custom in-house software at 7.8%, QuickBooks at 5.2%, and Foundation Software at 4.9%.","JBKnowledge Annual Construction Technology Report (2021, published 2022) - SDM Magazine (2024) - https://www.sdmmag.com/articles/102602-business-software-how-software-provides-project-solutions-perks",url,,,false,2024,
low-voltage-security,ai_adoption,ai_adoption_rate_pct,56,,"Security Industry Association (SIA), State of the Security Industry Survey, 2024, https://www.securityindustry.org/2024/03/19/ai-and-videos-third-wave",url,3,low,false,2024,
low-voltage-security,ai_adoption,adoption_examples,,"Documented examples and studies demonstrating AI adoption in the low-voltage and security contracting trade include: (1) Drawer AI (2026) - Built for electrical and low-voltage contractors to automate PDF blueprint takeoffs, branch routing, wire sizing, and voltage-drop calculations; (2) Exayard and EstiMatrx.ai (2026) - Specialized AI takeoff tools that automatically count security, AV, and cabling devices, measure cable pathways, and quantify infrastructure from architectural plans; (3) Panel AI (2026) - An automated workflow platform designed for low-voltage contractors that extracts device counts from plans, parses panel schedules from spec books, categorizes supplier expenses, and manages job costing; (4) Deloitte Construction Study (2025) - Reported an increase in AI integration among construction and trade firms from 26% in 2023 to 37% by 2025, driven by automated takeoff and field documentation tools; and (5) Security Industry Association (SIA) & Integrator Reports (2025-2026) - Documenting the widespread integration of AI edge video analytics (Axis, Hanwha Vision) and launching the SIA Security Systems Technician (SST) Apprenticeship Program to train low-voltage technicians on AI-enabled security hardware and network integration.","Drawer AI, 'AI for Electrical Takeoff and Estimating', 2026, https://drawer.ai | Exayard, 'AI-Powered Low-Voltage & AV Takeoff Software', 2026, https://exayard.com | EstiMatrx.ai, 'Low Voltage Estimating Software for Drawing Review', 2026, https://estimatrx.ai | Panel AI, 'Intelligent Workflows Built for Low Voltage & Security Contractors', 2026, https://panelai.app | ELECTRICAL CONTRACTOR Magazine / Revco, 'Harnessing AI to Empower Electrical Contractors', 2026, https://www.ecmag.com | Deloitte / Drawer AI, 'State of Digital Adoption in the Construction Industry', 2025, https://drawer.ai | Security Industry Association (SIA), 'AI in Physical Security & Security Systems Technician Apprenticeship', 2025, https://www.securityindustry.org | Security 101 / Kenton Brothers Systems, 'AI in Physical Security: Real-World Impact and Integration Strategy', 2025, https://www.security101.com",url,,low,false,2026,
low-voltage-security,leadgen_platforms,marketplace_penetration_pct,1.5,,"Angi Inc., Q1 2026 Shareholder Letter & Earnings Call (2026), https://ir.angi.com",url,5,high,false,2026,11
low-voltage-security,leadgen_platforms,platform_take_rate_pct,10,,"Angi Inc., Q1 2026 Shareholder Letter & Earnings Call (2026), https://ir.angi.com",url,5,high,false,2026,13
low-voltage-security,acquisition_mix,pct_referral,39,,"CE Pro, 2022 CE Pro Resimercial Deep Dive Study",citation-text-only,4,med,false,2022,
low-voltage-security,acquisition_mix,pct_digital,20,,National Association of Home Builders (NAHB) / Builders Institute Home Technology Report (2021) - https://www.buildersinstitute.org,url,4,med,false,2021,
low-voltage-security,acquisition_mix,pct_marketplace,4,,CE Pro Whole-House/Multiroom Audio Deep Dive Study (2020),citation-text-only,3,med,false,2020,
low-voltage-security,acquisition_mix,pct_repeat,37,,"Sonos, Inc. SEC Form 10-K (2025)",citation-text-only,2,med,false,2025,
low-voltage-security,insurance_warranty,home_warranty_penetration_pct,6,,"Frontdoor, Inc., 2024 Form 10-K (2025), https://www.sec.gov/ix?doc=/Archives/edgar/data/1726088/000172608825000007/ftdr-20241231.htm",url,6,high-primary,false,2025,6
low-voltage-security,recurring_mix,recurring_revenue_pct,14.2,,"National Systems Contractors Association (NSCA) Financial Analysis of the Industry Report, cited in Commercial Integrator (2025)",citation-text-only,5,adjudicated,false,2025,
low-voltage-security,recurring_mix,service_agreement_attach_pct,37.5,,"Trade Economy Index research synthesis: median of 2 cited research inputs: Johnson Controls International plc Investor Presentation (2021), https://www.sec.gov | Johnson Controls International plc Q1 2021 Earnings Call (January 29, 2021)",url,2,med,true,2021,
low-voltage-security,contract_terms,typical_contract_length_months,36,,"ADT Inc., Form 10-K for the Fiscal Year Ended December 31, 2025 (2026), https://www.sec.gov/edgar/searchedgar/companysearch",url,6,high,false,2026,
low-voltage-security,contract_terms,renewal_rate_pct,87.65,,"Trade Economy Index research synthesis: median of 5 cited research inputs: Alarm.com Holdings, Inc. Form 10-Q for the Quarterly Period Ended March 31, 2026, SEC EDGAR: https://www.sec.gov/edgar/browse/?CIK=0001459200 | ADT Inc. Full Year 2024 Earnings Release & Form 10-K (2025) - https://investors.adt.com (reporting 12.7% gross customer revenue attrition, yielding an 87.3% retention/renewal rate) cross-checked with Vivint Smart Home, Inc. Form 10-K (2023) - https://www.sec.gov (reporting 11.2% attrition, or 88.8% retention) | ADT Inc. Form 10-K (2025), https://www.sec.gov/edgar/searchedgar/companysearch | ADT Inc., 2025 Annual Report Form 10-K (published 2026), https://www.sec.gov/edgar | Robert H. Perry & Associates U.S. Contract Security Market Report (2023, https://www.roberthperry.com) and Security Sales & Integration / Barnes Buchanan & Co. (2024, https://www.securitysales.com)",url,6,high,true,2026,
low-voltage-security,cross_sell,upsell_attach_pct,90,,"ADT Inc., 2023",citation-text-only,3,med,false,2023,
low-voltage-security,capital_intensity,startup_cost_usd,182550,,"Security 101 Franchise Disclosure Document (FDD), Item 7 Estimated Initial Investment Range ($130,100 - $235,000), 2022",citation-text-only,6,med,false,2022,
low-voltage-security,capital_intensity,capex_pct_of_revenue,3.42,,"ADT Inc. Annual Report on Form 10-K for the fiscal year ended December 31, 2024 (filed February 27, 2025), Consolidated Statements of Cash Flows and Operations ($175.75M purchases of property and equipment on $5,140M total revenue), https://www.sec.gov",url,6,adjudicated,false,2025,
low-voltage-security,data_assets,iot_telemetry_penetration_pct,53,,"Genetec, State of Physical Security 2026 Report, 2026, https://www.genetec.com (cross-checked with SDM Magazine, 2026 Industry Forecast, 2026, https://www.sdmmag.com)",url,5,med,false,2026,
low-voltage-security,consolidation,consolidation_activity,,"The U.S. Low-Voltage, Commercial Security, and Fire & Life Safety trade is undergoing exceptionally intense Private Equity roll-up and consolidation activity. According to Capstone Partners (2026, https://www.capstonepartners.com/), M&A in the Security Solutions sector reached record levels, surging 24.1% year-over-year in 2025 to 242 transactions. Private equity add-on acquisitions represented 45.9% of total sector dealmaking, while new PE platform transactions increased 33.3% YOY to 20 deals. M&A in the Fire & Life Safety and low-voltage integration sub-segment surged 66.7% YOY to 125 deals in 2025, driven by data center expansions, high customer retention, and recurring monthly revenue (RMR). Industry private equity coverage from PE Hub (2023 & 2025, https://www.pehub.com/) confirms that financial sponsors view the highly fragmented low-voltage and security integration market as a top roll-up target due to code-mandated inspection requirements, recession resilience, and multiple arbitrage potential.","Capstone Partners (2026, https://www.capstonepartners.com/) and PE Hub (2023 & 2025, https://www.pehub.com/)",url,,,false,2026,
low-voltage-security,consolidation,notable_platforms,,"Major private equity-backed platforms and public company acquirers actively rolling up the commercial low-voltage, security, and fire safety space include: (1) Pye-Barker Fire & Safety (backed by Altas Partners and Leonard Green & Partners, with ADIA and GIC acquiring minority stakes in 2025) - the leading U.S. commercial fire protection, security alarm, and low-voltage platform, completing 57 acquisitions in 2025 alone and over 64 total add-on deals (Altas Partners, 2025, https://www.altas.com/; PE Hub, 2024, https://www.pehub.com/); (2) Pavion (backed by Wind Point Partners) - an active platform for fire, security, critical communications, and commercial low-voltage installation services that has completed 19+ add-on acquisitions since 2020 (Wind Point Partners, 2023, https://www.wppartners.com/; PE Hub, 2023, https://www.pehub.com/); (3) Convergint Technologies (backed by Ares Management, Leonard Green & Partners, and Harvest Partners) - a global service-based systems integrator in security, life safety, and low-voltage building automation that has executed over 50 acquisitions (Leonard Green & Partners, 2021, https://www.leonardgreen.com/; Crain Currency, 2025, https://www.craincurrency.com/); (4) Sciens Building Solutions (backed by The Carlyle Group) - an integrated low-voltage, security, and fire detection platform executing aggressive regional bolt-on acquisitions nationwide (SDM Magazine, 2024, https://www.sdmmag.com/; Lincoln International, 2026, https://www.lincolninternational.com/); and (5) APi Group Corporation (NYSE: APG) - a publicly traded market-leading provider of safety and electronic security services that acquired Chubb Fire & Security for $3.1 billion in 2022 and continues active bolt-on M&A (SEC Filing, 2021, https://www.sec.gov/; APi Group, 2026, https://www.apigroupcorp.com/).","Altas Partners (2025, https://www.altas.com/), Wind Point Partners (2023, https://www.wppartners.com/), PE Hub (2023/2024, https://www.pehub.com/), Leonard Green & Partners (2021, https://www.leonardgreen.com/), SDM Magazine (2024, https://www.sdmmag.com/), Lincoln International (2026, https://www.lincolninternational.com/), SEC Filings (2021, https://www.sec.gov/), and APi Group Corporation Press Release (2026, https://www.apigroupcorp.com/)",url,,,false,2026,
low-voltage-security,multiples,typical_ebitda_multiple_low,3,,"CT Acquisitions, 'How to Sell a Low-Voltage Company: Valuations & EBITDA Multiples Guide' (2026), https://ctacquisitions.com",url,4,high,false,2026,4
low-voltage-security,multiples,typical_ebitda_multiple_high,11.8,,"Capstone Partners, 'Security Solutions M&A Update' (2026), https://capstonepartners.com",url,5,med,false,2026,
low-voltage-security,exit_environment,buyer_demand,,"Buyer demand for US low-voltage and security integration businesses is robust, driven primarily by private equity roll-up platforms, which accounted for 45.9% of sector transactions in 2025, and strategic buyers seeking geographic and service-line expansion. Buyers value target companies with strong recurring revenue (RMR/ARR from subscription monitoring and managed SaaS/HaaS offerings), unified 'one-stop-shop' integration capabilities (spanning physical security, access control, fire & life safety, and low-voltage systems), cloud and AI technology integration, and diversified client bases.","Capstone Partners, Security Solutions Sector Update (2026), https://www.capstonepartners.com",url,,,false,2026,
low-voltage-security,exit_environment,exit_trend,,"The exit environment for business owners is heating up, reaching historic high activity levels. M&A deal volume in the sector grew 24.1% year-over-year in 2025 to a record high of 238-242 announced or completed transactions. Valuation multiples have shown strong resilience, averaging 11.7x-11.8x EV/EBITDA and 2.2x-2.9x EV/Revenue, outperforming broader middle-market M&A benchmarks.","Capstone Partners & Security Sales & Integration, Security Solutions M&A Analysis (2026), https://www.securitysales.com",url,,,false,2026,
low-voltage-security,demand_drivers,installed_base_units,5900000,,"U.S. Energy Information Administration (EIA), Commercial Buildings Energy Consumption Survey (CBECS), 2022, https://www.eia.gov/consumption/commercial",url,5,low,false,2022,15
low-voltage-security,search_interest,yoy_search_change_pct,59,,"Vivint (2025, https://www.vivint.com)",url,3,med,false,2025,
low-voltage-security,cust_acquisition,typical_cac_usd,805,,"FirstPageSage (2025), 'Average Customer Acquisition Cost (CAC) by Industry', cross-checked with Usermaven (2026), 'Average Customer Acquisition Cost (CAC) Industry Benchmarks'",citation-text-only,6,med,false,2026,
low-voltage-security,cust_acquisition,avg_review_volume,39,,"BrightLocal, Local Business Google Business Profile Benchmarks, 2023, https://www.brightlocal.com",url,6,med,false,2023,6
low-voltage-security,cust_acquisition,complaint_categories,,"Billing and contract disputes (unauthorized auto-renewals, unexpected cancellation fees, ongoing billing post-termination), deceptive and high-pressure sales practices (misleading door-to-door pitches, false claims of business takeovers or forced equipment upgrades), and service or repair issues (equipment malfunction, system connectivity failures, delayed customer service).","Federal Trade Commission (FTC), Consumer Advice: Home Security Systems, 2023, https://www.ftc.gov",url,,,false,2023,
restoration,wages_detail,median_hourly_wage_usd,22.64,,"U.S. Bureau of Labor Statistics, Occupational Employment and Wage Statistics (OEWS), May 2023, https://www.bls.gov/oes/current/oes474090.htm",url,6,high-primary,false,2023,
restoration,wages_detail,median_annual_wage_usd,47090,,"U.S. Bureau of Labor Statistics, Occupational Employment and Wage Statistics (OEWS), May 2023, https://www.bls.gov/oes/current/oes474090.htm",url,6,high-primary,false,2023,
restoration,wages_detail,pct25_hourly_wage_usd,18.65,,"U.S. Bureau of Labor Statistics, Occupational Employment and Wage Statistics (OEWS), May 2023, https://www.bls.gov/oes/current/oes474090.htm",url,6,high-primary,false,2023,
restoration,wages_detail,pct75_hourly_wage_usd,28.22,,"U.S. Bureau of Labor Statistics, Occupational Employment and Wage Statistics (OEWS), May 2023, https://www.bls.gov/oes/current/oes474090.htm",url,6,high-primary,false,2023,
restoration,wages_detail,pct90_hourly_wage_usd,37.26,,"U.S. Bureau of Labor Statistics, Occupational Employment and Wage Statistics (OEWS), May 2023, https://www.bls.gov/oes/current/oes474090.htm",url,6,high-primary,false,2023,
restoration,wages_detail,pct10_hourly_wage_usd,16.75,,"U.S. Bureau of Labor Statistics, Occupational Employment and Wage Statistics (OEWS), May 2023, https://www.bls.gov/oes/current/oes474090.htm",url,6,high-primary,false,2023,
restoration,employment,us_employment,35000,,"U.S. Bureau of Labor Statistics Occupational Outlook Handbook (2024), https://www.bls.gov/ooh/about/data-for-occupations-not-covered-in-detail.htm",url,6,high-primary,false,2024,
restoration,employment,projected_10yr_growth_pct,3.75,,"Trade Economy Index research synthesis: median of 4 cited research inputs: U.S. Bureau of Labor Statistics Occupational Outlook Handbook (2024-2034), https://www.bls.gov/ooh/about/data-for-occupations-not-covered-in-detail.htm | BLS Occupational Outlook Handbook (2024-2034 Projections), https://www.bls.gov/ooh/about/data-for-occupations-not-covered-in-detail.htm | U.S. Bureau of Labor Statistics, Employment Projections program (2024-2034), Table 1.2 Occupational Projections and Worker Characteristics, https://www.bls.gov/emp/tables/occupational-projections-and-worker-characteristics.htm | U.S. Bureau of Labor Statistics Employment Projections, Table 1.2 Occupational Projections, 2024-2034, and Worker Characteristics, 2024 (https://www.bls.gov/emp/tables/occupational-projections-and-characteristics.htm)",url,6,high-primary,true,2024,
restoration,employment,annual_openings,3100,,"U.S. Bureau of Labor Statistics Employment Projections (2024-2034), https://www.bls.gov/emp/tables/occupational-projections-and-worker-characteristics.htm",url,5,high,false,2024,
restoration,employment,projected_10yr_net_change,1200,,"U.S. Bureau of Labor Statistics Occupational Outlook Handbook (2024-2034), https://www.bls.gov/ooh/about/data-for-occupations-not-covered-in-detail.htm",url,6,high-primary,false,2024,
restoration,labor_shortage,unfilled_openings,298000,,"U.S. Bureau of Labor Statistics (BLS) Job Openings and Labor Turnover Survey (JOLTS), 2026, https://www.bls.gov/news.release/jolts.t01.htm",url,5,med,false,2026,
restoration,labor_shortage,vacancy_rate_pct,3.5,,"U.S. Bureau of Labor Statistics (BLS) Job Openings and Labor Turnover Survey (JOLTS), 2026, https://www.bls.gov/news.release/jolts.t01.htm",url,5,med,false,2026,7
restoration,workforce_aging,median_worker_age,45.2,,"U.S. Bureau of Labor Statistics, Current Population Survey, Table 18b. Employed persons by detailed industry and age (https://www.bls.gov/cps/cpsaat18b.htm)",url,6,high-primary,false,2025,
restoration,workforce_aging,pct_over_55,26.85,,"Trade Economy Index research synthesis: median of 1 cited research input: U.S. Bureau of Labor Statistics, Current Population Survey (CPS) Household Data, Table 18b: Employed persons by detailed industry and age ('Waste management and remediation services': 146,000 aged 55+ out of 568,000 total employed), 2024, https://www.bls.gov/cps/cpsaat18b.htm",url,6,high-primary,true,2024,
restoration,training_pipeline,apprenticeship_enrollment,2684,,"U.S. Department of Labor, Employment and Training Administration, Registered Apprenticeship National Results FY 2021 (Industry Sector: Administrative and Support and Waste Management and Remediation Services), 2021",citation-text-only,4,adjudicated,false,2021,
restoration,training_pipeline,annual_completions,215,,"Trade Economy Index research synthesis: median of 2 cited research inputs: U.S. Department of Labor, Employment and Training Administration (ETA), 'Registered Apprenticeship National Results FY 2020', 2020, https://www.dol.gov/agencies/eta/apprenticeship/about/statistics/2020 | National Center for Education Statistics (NCES), Integrated Postsecondary Education Data System (IPEDS) 2024 Completions Data (CIP 15.0508: Hazardous Materials Management and Waste Technology/Technician)",url,2,low,true,2024,
restoration,immigration_reliance,pct_foreign_born,36.2,,"National Association of Home Builders (NAHB) analysis of U.S. Census Bureau American Community Survey (ACS) Public Use Microdata Sample (PUMS), https://www.nahb.org",url,5,med,false,2018,
restoration,unionization,union_membership_pct,11.6,,"U.S. Bureau of Labor Statistics, Union Members - 2024 News Release (https://www.bls.gov/news.release/pdf/union2.pdf)",url,5,med,false,2024,
restoration,licensing,states_requiring_license,46,,National Association of State Contractors Licensing Agencies (NASCLA) Contractor State Licensing Information Directory (2025),citation-text-only,4,med,false,2025,
restoration,market_size,market_size_usd,7200000000,,"IBISWorld, Damage Restoration Services in the US, 2025, https://www.ibisworld.com/united-states/market-research-reports/damage-restoration-services-industry",url,3,med,false,2025,
restoration,market_size,cagr_pct,4,,"IBISWorld, Damage Restoration Services in the US Industry Report (2025), https://www.ibisworld.com/united-states/market-research-reports/damage-restoration-services-industry",url,3,med,false,2025,
restoration,market_size,cagr_forecast_window,,2024-2029,"IBISWorld, Damage Restoration Services in the US Industry Report (2025), https://www.ibisworld.com/united-states/market-research-reports/damage-restoration-services-industry",url,,,false,2025,
restoration,firm_counts,num_establishments,40302,,"U.S. Census Bureau, Statistics of U.S. Businesses (SUSB) - https://www.census.gov/programs-surveys/susb.html",url,6,high-primary,false,2022,
restoration,firm_counts,num_firms,39784,,"U.S. Census Bureau, Statistics of U.S. Businesses (SUSB) - https://www.census.gov/programs-surveys/susb.html",url,6,high-primary,false,,
restoration,firm_counts,avg_employees_per_firm,7.42,,"U.S. Census Bureau, Statistics of U.S. Businesses (SUSB) - https://www.census.gov/programs-surveys/susb.html",url,6,high-primary,false,,
restoration,fragmentation,top4_firm_share_pct,7.8,,"U.S. Small Business Administration, 'Small Business Size Standards: Agriculture, Forestry, Fishing and Hunting; Mining, Quarrying, and Oil and Gas Extraction; Utilities; Construction', Proposed Rule, 85 FR 62239 (October 2, 2020), Table 4 'Size Standards Supported by Each Factor for Each Industry (Receipts)' at 85 FR 62248, column (6) headed 'Four-firm ratio (%)', row NAICS 238990 All Other Specialty Trade Contractors. Derived by SBA from the U.S. Census Bureau special tabulation of the 2012 Economic Census. https://www.federalregister.gov/documents/2020/10/02/2020-21589/small-business-size-standards-agriculture-forestry-fishing-and-hunting-mining-quarrying-and-oil",url,1,high-primary,false,2020,
restoration,franchise_pen,franchise_penetration_pct,36,,"C&R Magazine (2023 C&R State of the Industry Report), https://candrmagazine.com",url,5,med,false,2023,
restoration,formation_rate,annual_new_firm_formation,2948,,"U.S. Census Bureau (2023), Business Dynamics Statistics",citation-text-only,2,adjudicated,false,2023,
restoration,formation_rate,annual_closure_rate_pct,9.4,,"U.S. Census Bureau, Business Dynamics Statistics (BDS) (covering Sector 56: Administrative and Support and Waste Management and Remediation Services), https://www.census.gov/programs-surveys/bds.html",url,5,med,false,,
restoration,formation_rate,survival_5yr_pct,48.9,,"U.S. Bureau of Labor Statistics, Business Employment Dynamics (BED), Table 7: Survival of Private Sector Establishments by Opening Year (Administrative and Waste Services, NAICS 56), 2024 release, https://www.bls.gov/bdm/bdmage.htm",url,5,high,false,2024,
restoration,margins,gross_margin_pct,34,,"FirstService Corporation 2024 Form 10-K (https://www.sec.gov / https://www.firstservice.com); cross-checked with Clean Harbors, Inc. 2024 Form 10-K gross margin of 31.0% (https://www.sec.gov)",url,4,adjudicated,false,2024,
restoration,margins,operating_margin_pct,7.3,,"Trade Economy Index research synthesis: median of 3 cited research inputs: CFMA 2025 Construction Financial Benchmarker (All Respondents EBIT Margin), https://cfma.org | FirstService Corporation (FirstService Brands Segment - FirstOnSite & Paul Davis Restoration), 2024 Form 10-K, https://www.sec.gov/ix?doc=/Archives/edgar/data/0001630138/000163013825000008/fsv-20241231.htm | Clean Harbors, Inc. 2024 Form 10-K ($670.2M income from operations on $5.89B revenue = 11.38%, https://www.sec.gov); cross-checked with FirstService Corporation 2024 Form 10-K operating margin of 6.2% (https://www.sec.gov)",url,4,med,true,2025,
restoration,margins,net_margin_pct,6.3,,"IBISWorld Industry Report 6278: Damage Restoration Services in the US (2024, https://www.ibisworld.com); cross-checked with CFMA 2025 Construction Financial Benchmarker FY2024 Specialty Trade pre-tax net margin of 7.7% (https://cfma.org) and Clean Harbors 2024 Form 10-K net margin of 6.8% (https://www.sec.gov)",url,4,adjudicated,false,2025,
restoration,cost_structure,labor_pct_of_revenue,29.25,,"Trade Economy Index research synthesis: median of 4 cited research inputs: CFMA 2025 Construction Financial Benchmarker Executive Summary (Base payroll & related expenses for Specialty Trade Contractors, FY 2024 data) | Siana Marketing Contractor Profit Margin Study (benchmarked against CFMA Financial Benchmarker and IBISWorld data), 2025, https://sianamarketing.com; cross-checked against CFMA 2024 Financial Benchmarker (Specialty Trades Base Payroll 7.2% of revenue), 2024, https://cfma.org | IBISWorld Damage Restoration Services in the US Industry Report (Wages as % of Revenue Benchmark), 2025, https://www.ibisworld.com/united-states/market-research-reports/damage-restoration-services-industry | CFMA 2024 Financial Benchmarker (Specialty Trade Contractors Benchmarks)",url,4,med,true,2025,
restoration,cost_structure,materials_pct_of_revenue,35,,"Siana Marketing Contractor Profit Margin Study (benchmarked against CFMA Financial Benchmarker and IBISWorld data), 2025, https://sianamarketing.com",url,3,med,false,2025,
restoration,cost_structure,sga_overhead_pct,23.8,,"FirstService Corporation Form 10-K Annual Report (parent of FirstOnSite Property Restoration and Paul Davis Restoration), 2025, https://www.sec.gov; cross-checked against CFMA 2024 Financial Benchmarker (Specialty Trade Contractors Overhead range 18.0%-25.0%), 2024, https://cfma.org",url,5,med,false,2025,
restoration,productivity,revenue_per_employee_usd,191068,,"U.S. Census Bureau, 2017 Economic Census (NAICS 562910 - Remediation Services), https://www.census.gov",url,4,med,false,2017,
restoration,cash_cycle_detail,dso_days,57.3,,"Trade Economy Index research synthesis: median of 4 cited research inputs: CFMA 2025 Construction Financial Benchmarker, 2025 | FirstService Corporation Annual Financial Metrics (GuruFocus, 2024, https://www.gurufocus.com/term/dso/FSV/Days-Sales-Outstanding/FirstService) | CFMA / Renewable Energy World, 'Addressing Working Capital Bottlenecks in Utility Infrastructure' (Neil Shah, President & CEO, CFMA), 2026 | CFMA Construction Financial Benchmarker (2024), https://www.cfma.org/benchmarker; cross-checked with FirstService Corporation FY 2024 Form 40-F / Form 10-K (2025), https://www.sec.gov (FirstOnSite/FirstService parent company calculated DSO of ~66.3 days)",url,4,high,true,2026,
restoration,cash_cycle_detail,dpo_days,33.4,,"CFMA Construction Financial Benchmarker (2024), https://www.cfma.org/benchmarker",url,3,adjudicated,false,2024,
restoration,cash_cycle_detail,cash_conversion_cycle_days,26.8,,"CFMA Construction Financial Benchmarker (2024), https://www.cfma.org/benchmarker (CCC = DIO 3.6 + DSO 56.6 - DPO 33.4 = 26.8 days)",url,3,adjudicated,false,2024,
restoration,bad_debt,bad_debt_write_off_pct,0.187,,"FirstService Corporation 2023 Form 40-F (referencing 2023 10-K), https://www.firstservice.com/investors/annual-reports",url,4,adjudicated,false,2023,
restoration,bad_debt,collection_rate_pct,85.1,,"Level CFO, State of Contractor Finance (incorporating CFMA and SEC benchmark data), 2026, https://levelcfo.com",url,3,high,false,2026,23
restoration,ai_task_breakdown,pct_physical_onsite_work,75,,"Brookings Institution (2019), 'Automation and Artificial Intelligence: How machines are affecting people and places'",citation-text-only,4,adjudicated,false,2019,
restoration,ai_task_breakdown,pct_cognitive_backoffice_work,15,,"McKinsey Global Institute (2017), 'A Future That Works: Automation, Employment, and Productivity', https://www.mckinsey.com/featured-insights/digital-disruption/harnessing-automation-for-a-future-that-works",url,4,adjudicated,false,2017,
restoration,ai_task_breakdown,ai_resistant_work,,"Physical, hands-on tasks on job sites remain highly resistant to AI and automation due to the need for manual labor, spatial dexterity, and complex real-time physical assessments. Hard-to-replace physical tasks include water extraction, setting up structural drying equipment (dehumidifiers, air movers), constructing plastic containment zones and negative air pressure barriers, tearing out mold- or water-damaged drywall and flooring, soot wiping, chemical microbial spraying, and biohazard remediation. Additionally, on-site structural safety triage, such as evaluating gas, electrical, or structural stability risks in post-disaster environments, and providing face-to-face empathetic communication with traumatized property owners require human judgment and interpersonal skills.",C&R Magazine & KnowHow - State of the Restoration Industry Report (2025): https://www.stateofrestoration.com | Restoration Industry Association - RIA AI Currents (2025): https://www.restorationindustry.org | Cleaning & Restoration (C&R) Magazine - Encircle and Verisk Integration (2023): https://www.randrmagonline.com | ATI Restoration - Press Release on KnowHow AI Deployment (2025): https://www.atirestoration.com | TryKnowHow - AI in Property Restoration (2026): https://www.tryknowhow.com,url,,low,false,2026,
restoration,ai_task_breakdown,automatable_work,,"Back-office, coordination, estimating, and documentation tasks are the most automatable functions in restoration. Key automatable areas include: (1) Estimating & Sketching: Converting smartphone photos, 360-degree scans, and thermal imagery into floor plans and line-item estimates mapped to Xactimate codes. (2) Compliance & Quality Pre-Audits: Cross-checking field documentation and drying logs against IICRC standards (S500 for water, S520 for mold) and carrier/TPA guidelines to catch missing photos or code errors before billing. (3) Field-to-Office Coordination & Scheduling: Automated dispatching, job route optimization, moisture log synchronization, and automated carrier status updates. (4) Knowledge Retrieval & Training: Providing field technicians with real-time, natural-language lookup of company SOPs and technical manuals.",C&R Magazine & KnowHow - State of the Restoration Industry Report (2025): https://www.stateofrestoration.com | Restoration Industry Association - RIA AI Currents (2025): https://www.restorationindustry.org | Cleaning & Restoration (C&R) Magazine - Encircle and Verisk Integration (2023): https://www.randrmagonline.com | ATI Restoration - Press Release on KnowHow AI Deployment (2025): https://www.atirestoration.com | TryKnowHow - AI in Property Restoration (2026): https://www.tryknowhow.com,url,,low,false,2026,
restoration,fsm_software,fsm_adoption_pct,65,,"Trade Economy Index research synthesis: median of 1 cited research input: C&R Magazine State of the Industry Report, 2023, https://candrmagazine.com",url,1,med,true,2023,
restoration,fsm_software,dominant_fsm_software,,DASH (CoreLogic / Next Gear Solutions),"C&R Magazine 2023 State of the Industry Report, 2023, https://candrmagazine.com",url,,,false,2023,
restoration,accounting_tech,common_accounting_software,,"QuickBooks (QuickBooks Online and QuickBooks Enterprise) serves as the primary accounting software backbone for small-to-midsize US restoration and remediation contractors, while larger or enterprise-scale firms commonly use construction- and trade-specific ERP platforms such as Sage (Sage 100 Contractor, Sage 300 CRE, Sage Intacct), Foundation Software, Acumatica, and NetSuite.","Agiled, 'Best Tools for Restoration Companies: 13 Platforms to Run a Modern Water, Fire & Mold Restoration Business in 2026', 2026",citation-text-only,,,false,2026,
restoration,ai_adoption,ai_adoption_rate_pct,84,,"C&R Magazine & KnowHow 2026 State of the Industry Report (2026), https://www.candrmagazine.com",url,5,med,false,2026,
restoration,ai_adoption,use_cases,,"Email writing and customer communication, damage assessment photo tagging and job site documentation, preliminary scoping and cost estimating, real-time technician field guidance and SOP knowledge management, marketing and lead generation, and project scheduling.","C&R Magazine & KnowHow 2026 State of the Industry Report (2026), https://www.candrmagazine.com",url,,,false,2026,
restoration,ai_adoption,adoption_examples,,"Documented adoption examples and studies in the trade include: (1) C&R Magazine & KnowHow State of the Restoration Industry Report (2025/2026), which surveyed restoration contractors and found over 84% embrace or are open to AI, with 67.5% using generative AI and 46.2% using industry-specific AI software, primarily targeting estimating/documentation (36%) and employee training (22%). (2) Encircle & Verisk Integration (2023), which introduced automated floor-plan sketch generation directly into Xactimate ESX files, cutting sketch turnaround to under 6 hours and eliminating manual drafting. (3) ATI Restoration Partnership with KnowHow (2025), where one of North America's largest disaster restoration companies deployed an AI knowledge assistant enterprise-wide to standardize onboarding, SOP lookups, and multilingual operational compliance. (4) Restoration Industry Association (RIA) Agentic AI Framework (2025), which highlights multi-agent AI systems (Model Context Protocol / Agent-to-Agent) orchestrating Safety, Moisture, and Claims workflows to pre-build site plans and triage field imagery.",C&R Magazine & KnowHow - State of the Restoration Industry Report (2025): https://www.stateofrestoration.com | Restoration Industry Association - RIA AI Currents (2025): https://www.restorationindustry.org | Cleaning & Restoration (C&R) Magazine - Encircle and Verisk Integration (2023): https://www.randrmagonline.com | ATI Restoration - Press Release on KnowHow AI Deployment (2025): https://www.atirestoration.com | TryKnowHow - AI in Property Restoration (2026): https://www.tryknowhow.com,url,,low,false,2026,
restoration,leadgen_platforms,marketplace_penetration_pct,1.5,,Angi Inc. SEC Filings & Investor Earnings Reports (2024) [https://www.sec.gov/edgar/browse/?CIK=0001705110]; cross-checked with Carpet Cleaning Digital / IBISWorld Market Analysis (2025) [https://carpetcleaningdigital.com/industry-statistics-2025/],url,4,med,false,2025,11
restoration,leadgen_platforms,platform_take_rate_pct,10,,"Angi Inc. Q1 2026 Shareholder Letter & Earnings Presentation (2026), https://ir.angi.com",url,5,high,false,2026,13
restoration,acquisition_mix,pct_referral,93,,"Cleanfax 2026 Restoration Benchmarking Survey Report (2026), https://www.cleanfax.com. Cross-checked with Restoration Industry Association (RIA) 2024 survey data reporting 30-40% of total revenue generated through formal referral programs.",url,5,med,false,2026,
restoration,acquisition_mix,pct_digital,57,,Marketing LTB / Webtonic 2026 Restoration Digital Marketing Benchmarks,citation-text-only,3,med,false,2026,
restoration,acquisition_mix,pct_marketplace,21.605,,"Trade Economy Index research synthesis: median of 2 cited research inputs: Restoration & Remediation (R&R) Magazine State of the Industry Study, https://www.randrmagonline.com/articles/89531-state-of-the-restoration-industry-2021 | Cleanfax 2023 Restoration Benchmarking Survey Report, 2023",url,2,med,true,2023,
restoration,insurance_warranty,home_warranty_penetration_pct,5,,"ConsumerAffairs, 2024",citation-text-only,5,med,false,2024,
restoration,recurring_mix,recurring_revenue_pct,47.5,,"Trade Economy Index research synthesis: median of 4 cited research inputs: CT Acquisitions Restoration M&A Playbook (2026) - https://www.ctacquisitions.com/ ; Cleanfax (2024) - https://www.cleanfax.com | CT Acquisitions, 2026 Restoration M&A Playbook, https://ctacquisitions.com | FirstService Corporation FY2024 Annual Information Form / SEC Form 40-F (2025), https://www.sec.gov/edgar/browse/?CIK=0001099290 | FirstService Corporation, Form 40-F Annual Report (2025), https://www.sec.gov",url,4,low,true,2026,
restoration,contract_terms,typical_contract_length_months,24,,FirstService Corporation 2022 Annual Information Form (2022) - https://www.firstservice.com ; Cotton Commercial USA / OMNIA Partners Master Service Agreement (2021) - https://www.omniapartners.com,url,4,adjudicated,false,2022,
restoration,contract_terms,renewal_rate_pct,92.5,,"Trade Economy Index research synthesis: median of 4 cited research inputs: FirstService Corporation 2022 Annual Information Form (2022) - https://www.firstservice.com | FirstService Corporation Form 10-K / Annual Information Form (2025), https://www.firstservice.com | FirstService Corporation, Form 10-K Annual Report (2003), https://www.sec.gov | Restoration & Remediation (R&R) Magazine, Industry Trends & M&A Updates (2024, https://www.randrmagonline.com); cross-checked with Bridgemarq Real Estate Services Public Disclosures (2024, https://www.sec.gov)",url,4,med,true,2025,
restoration,cross_sell,upsell_attach_pct,55,,"Trade Economy Index research synthesis: median of 1 cited research input: Restoration Industry Association (RIA), Cost of Doing Business Report, 2024, https://cat3books.com/guides/restoration-job-costing-framework",url,1,med,true,2024,
restoration,capital_intensity,startup_cost_usd,271523,,"Servpro 2024 Franchise Disclosure Document (FDD), Item 7 ($241,270 to $301,775 total initial investment range; midpoint $271,523) ; cross-checked with PuroClean 2024 Franchise Disclosure Document (FDD), Item 7 ($226,280 to $262,145 total initial investment range) (https://www.franchisingpath.com/puroclean-franchise/).",url,5,med,false,2024,
restoration,capital_intensity,capex_pct_of_revenue,2.32,,"FirstService Corporation Annual Management's Discussion and Analysis (MD&A), 2025, ($127.7 million capital expenditures on $5,497.5 million in total revenues)",citation-text-only,5,high,false,2025,
restoration,data_assets,iot_telemetry_penetration_pct,18.2,,"C&R Magazine & KnowHow, 2023 C&R State of the Industry Report (2023)",citation-text-only,4,adjudicated,false,2023,
restoration,consolidation,consolidation_activity,,"The US Restoration & Remediation trade is experiencing highly intense Private Equity (PE) roll-up and consolidation activity. According to a report by the Private Equity Stakeholder Project (2024, https://pestakeholder.org), PE investments in the disaster recovery sector soared 77% from 2020 to 2021 and peaked again in 2023, driven by high industry fragmentation and rising demand from climate and extreme weather events, with PE firms acquiring stakes in at least 49 disaster restoration companies between late 2023 and late 2024 alone. Market tracking by CT Acquisitions (2026, https://ctacquisitions.com) shows that private equity sponsors have deployed over $6 billion across 50+ restoration platforms, with restoration M&A volume reaching ~138 transactions annually. Furthermore, PitchBook PE research (2025/2026, https://pitchbook.com) reports that add-on/bolt-on acquisitions continue to represent more than 75% of total US buyout deal volume, making buy-and-build roll-up playbooks the primary growth vehicle for PE platforms operating in commercial and residential property service subsectors.","Private Equity Stakeholder Project (2024, https://pestakeholder.org), CT Acquisitions (2026, https://ctacquisitions.com), and PitchBook US PE Breakdown (2025/2026, https://pitchbook.com).",url,,,false,2026,
restoration,consolidation,notable_platforms,,"Key private equity platforms and public strategic acquirers driving restoration consolidation include: 1. HighGround Restoration Group: Formed by Trivest Partners in 2020, HighGround completed 13 add-on acquisitions and expanded revenue 12x before being acquired/recapitalized by PE firm Knox Lane in March 2025 (Business Wire, 2025, https://www.businesswire.com; PE Hub, 2023, https://www.pehub.com). 2. ATI Restoration: Backed by TSG Consumer Partners, ATI acquired 15 restoration companies between November 2020 and April 2024, including Venturi Restoration / Response Team 1 and Four Seasons Restoration (PE Stakeholder Project, 2024, https://pestakeholder.org; PitchBook, 2024, https://pitchbook.com). 3. BluSky Restoration Contractors: Jointly acquired by Partners Group and Kohlberg & Company in October 2021 (with Dominus Capital retaining a minority stake), BluSky acquired 10 regional restoration companies between December 2021 and December 2023, following prior additions such as HARBRO (Kohlberg & Co, 2021, https://www.kohlberg.com; PE Hub, 2020, https://www.pehub.com). 4. Cotton Holdings / Cotton Commercial USA: Backed by Sun Capital Partners (2020-2025), Cotton acquired regional provider 24 Restore in January 2024 (PE Stakeholder Project, 2024, https://pestakeholder.org). 5. FirstService Corporation (TSX/NASDAQ: FSV): Public strategic consolidator operating FirstOnSite Restoration and Paul Davis; acquired Global Restoration Holdings for $505 million in 2019 and Soundcore-backed Roofing Corp of America for $413 million in December 2023 (PE Hub, 2019/2023, https://www.pehub.com).","Business Wire (2025, https://www.businesswire.com), PE Hub (2019, 2020, 2023, https://www.pehub.com), Kohlberg & Company Press Release (2021, https://www.kohlberg.com), Private Equity Stakeholder Project (2024, https://pestakeholder.org), PitchBook (2024, https://pitchbook.com), and FirstService Corporation Public Filings (2024/2026, https://www.firstservice.com).",url,,,false,2026,
restoration,multiples,typical_ebitda_multiple_low,4,,"CT Acquisitions, 2026",citation-text-only,3,med,false,2026,
restoration,multiples,typical_ebitda_multiple_high,11,,"CT Acquisitions, 2026",citation-text-only,5,med,false,2026,
restoration,exit_environment,buyer_demand,,"Buyer demand for US Restoration & Remediation businesses is exceptionally strong, driven by aggressive private equity (PE) roll-up strategies and active strategic corporate acquirers. PE sponsors have deployed over $6 billion across more than 50 platform companies, with transaction volumes rising by over 32% year-over-year. Strategic and PE buyers pay EBITDA valuation multiples ranging from 4x-7x for standard local/residential shops up to 7x-11x+ for scaled, commercial-weighted platforms. What buyers value most includes: (1) predictable, non-discretionary revenue backed by Third-Party Administrator (TPA) and Direct Repair Program (DRP) insurance carrier contracts; (2) low catastrophe (CAT) exposure, preferring non-storm recurring work to represent at least 80% to 85% of total revenue (keeping CAT work under 15%-20%); (3) high gross margins in core mitigation, mold, and biohazard services (70%-80%); (4) institutionalized management structures with minimal owner dependence; and (5) auditable regulatory, safety, and ESG compliance.","CT Acquisitions (2026), https://www.ctacquisitions.com/ ; Capstone Partners (2025), https://www.capstonepartners.com/ ; C&R Magazine (2024), https://www.candrmagazine.com",url,,,false,2026,
restoration,exit_environment,exit_trend,,"The exit environment is heating up rapidly. Deal activity across environmental and restoration services is accelerating, with private strategic M&A transactions increasing to 25 deals YTD (up from 16 in the prior period) and PE platform/add-on acquisitions rising 23% to 33% YoY. This surge is propelled by seller demographics, 65% of restoration business owners are Baby Boomers with roughly 80% of their net worth tied to their companies, creating an unprecedented wave of founder succession exits into a highly fragmented, consolidating market.","Capstone Partners (2025), https://www.capstonepartners.com/ ; Restoration & Remediation Magazine (2025), https://www.randrmagonline.com",url,,,false,2025,
restoration,demand_drivers,installed_base_units,142150000,,"Trade Economy Index research synthesis: median of 2 cited research inputs: U.S. Census Bureau, QuickFacts: United States (2025), https://www.census.gov/quickfacts/fact/table/US/PST045223; U.S. Energy Information Administration (EIA), Commercial Buildings Energy Consumption Survey (2018), https://www.eia.gov/consumption/commercial | U.S. Energy Information Administration (EIA), Residential Energy Consumption Survey (2024 RECS, released 2026: 132.5 million primary occupied housing units) and Commercial Buildings Energy Consumption Survey (2018 CBECS: 5.9 million commercial buildings) - https://www.eia.gov/consumption/residential/ and https://www.eia.gov/consumption/commercial",url,4,high,true,2026,
restoration,search_interest,yoy_search_change_pct,20,,"Marketing LTB (2026), cited in Webtonic (2026), 'Restoration Marketing Statistics 2026', https://webtonic.io (reporting a 20%+ year-over-year increase in emergency restoration voice search queries).",url,5,high,false,2026,
restoration,cust_acquisition,typical_cac_usd,424.68,,"C&R Magazine, 2024",citation-text-only,5,high,false,2024,
restoration,cust_acquisition,avg_review_volume,40,,"Mountwell Marketing (2024), 'Average Review Count by Business Category', cross-checked with Projul Restoration Contractor GBP Benchmarks (2025)",citation-text-only,5,med,false,2025,
restoration,cust_acquisition,complaint_categories,,"Slow emergency response times, poor communication during restoration, unclear scope of work and billing/cost surprises, incomplete or substandard remediation work, and delayed insurance claim documentation","ServiceMaster EMT / R&R Magazine, 2024",citation-text-only,,,false,2024,
